name,lat,lon,nearest_hosp_m,nearest_hosp_km,nearest_hosp
112 BOULEVARD D'ANFA,33.5920979,-7.63373935,305.6453178654274,0.30564531786542737,Polyclinique CNSS Ziraoui
4EME ARRONDISSEMENT,33.557394099999996,-7.5730416,127.85804596116859,0.1278580459611686,Hopital Sidi Othmane
ABATOIRS MUNICIPAUX,33.5496755,-7.54957355,1582.0393372564058,1.5820393372564059,Clinique Sidi Othmane
ABOUAB AL OULFA,33.545529,-7.70618355,2262.7172624239574,2.2627172624239575,hopital hassani
ABRAR MEDIOUNA,33.47077385,-7.5275096999999995,10094.105872554423,10.094105872554422,Hôpital Sekkat
ACADEMIE D'EDUCATION,33.569584899999995,-7.667829449999999,278.67408704357086,0.2786740870435709,Polyclinique CNSS Hay Hassani مصحة الضمان الإجتماعي الحي الحسني
ACCES PLAGE N13,33.5847193,-7.68952525,1368.7209885485017,1.3687209885485017,Clinic Guess
AEROPORT ANFA,33.5660598,-7.6524169,853.2523154013415,0.8532523154013415,Clinique CIL
AEROPORT TIT MELLIL,33.60267315,-7.4679584000000006,1490.2525302558327,1.4902525302558327,Hôpital général de Casablanca Azhar-Bernoussi
AEROPORT TIT MELLIL 2,33.59511965,-7.4713040500000005,1218.808124772258,1.218808124772258,Hôpital général de Casablanca Azhar-Bernoussi
AGENCE BANQUAIRE AZHAR,33.6022684,-7.48304395,339.011996025043,0.339011996025043,Hôpital général de Casablanca Azhar-Bernoussi
AIN ABBOU,33.580338749999996,-7.3760693,10185.293450831421,10.185293450831422,Hôpital général de Casablanca Azhar-Bernoussi
AIN DIAB,33.591906550000004,-7.676562649999999,1188.941421950894,1.188941421950894,Clinique Le Littoral
AIN GUEDDID,33.55205325,-7.73440975,4429.19784944762,4.42919784944762,hopital hassani
AIN HARROUDA CENTRE,33.63419105,-7.4555818,4660.854417515704,4.660854417515704,Hôpital général de Casablanca Azhar-Bernoussi
AL ADARISSA,33.58065705,-7.5408047,872.9683621386321,0.872968362138632,Clinique Bournazel
AL ARSA MEDIOUNA,33.42980695,-7.52264735,14113.128543130711,14.113128543130712,HOPITAL UNIVERSITAIRE DE PROXIMITE
AL ARSAT BOUSKOURA,33.4792475,-7.6643175,4653.131821160921,4.653131821160922,Clinic Lina
AL AZHARI II,33.5480729,-7.6833362,1207.6608463121365,1.2076608463121365,hopital hassani
AL GHOFRANE,33.52185835,-7.52508615,5401.980346716777,5.401980346716777,Clinique Sidi Othmane
AL HOUDA,33.58587695,-7.5254927,1177.1364306101786,1.1771364306101786,Hôpital Municipal sidi moumen Tacharouk
AL KHALIL,33.547809400000006,-7.598769600000001,379.9942008595698,0.3799942008595698,Clinique Ain Chock
AL MADINA LJADIDA1,33.5552696,-7.5331162,2301.6034484384936,2.3016034484384935,المركز الصحي المسيرة 2 (المستوى التاني)
AL MASSIRA 1 DEROUA,33.4008646,-7.5343303,16562.37582305714,16.562375823057142,HOPITAL UNIVERSITAIRE DE PROXIMITE
AL WATTASSINE,33.551867200000004,-7.7044023500000005,1746.113127526656,1.746113127526656,hopital hassani
ALLEE DES CITRONNIERS,33.6130057,-7.52809195,202.43765016847044,0.20243765016847043,Hôpital Privé de Casablanca Aîn Sebaâ
ALLEE DES EUCALYBTUS,33.6107412,-7.5417936999999995,241.52989585514004,0.24152989585514004,clinique ain saba3
ALLEE DES MIMOSAS,33.6058379,-7.5268714,710.8866669463265,0.7108866669463265,clinique firdaous
ALLEE LES JARDINS,33.61887445,-7.5403959,773.2111617255588,0.7732111617255588,clinique ain saba3
AMGALA 1,33.6168433,-7.4999219,680.3036973816704,0.6803036973816704,Hospital CNSS
AMGALA1,33.6169522,-7.5002358,689.4586310899961,0.689458631089996,Hospital CNSS
ANAPEC SIDI MOUMEN,33.58083295,-7.54353255,696.5862944799193,0.6965862944799193,Clinique Bournazel
ANGLE ALLEE DES CYPRES,33.603892849999994,-7.5467479,990.3527911278932,0.9903527911278932,clinique ain saba3
ANGLE AVENUE LAHRAOUIYINE,33.5538294,-7.57650425,215.80126905469868,0.21580126905469868,Centre Hospitalier Préfectoral de Ben M'Sick
ANGLE AVENUE MEKNES,33.53909495,-7.59292995,464.2564371601382,0.4642564371601382,HOPITAL UNIVERSITAIRE DE PROXIMITE
ANGLE BD ANFA/BDZERKTOUNI,33.589842250000004,-7.634900350000001,222.87142633130392,0.2228714263313039,Clinique Les Iris مصحة السوسن
ANGLE BD BALTI BEN MEKKI,33.60336635,-7.58085575,1602.7071943227786,1.6027071943227786,ATLANTIC CLINIC CASABLANCA
ANGLE BD IFNI,33.5840948,-7.5972978,162.79904005805787,0.16279904005805787,Akdital Clinique Ain Berja
ANGLE BD STENDAL / GHANDI,33.5660756,-7.6370853,180.57504259677702,0.18057504259677704,Clinique Riviera
ANGLE BD TAHIRI EL BEKAY,33.6158315,-7.551633000000001,846.365154431785,0.846365154431785,clinique ain saba3
ANGLE BOLEVARD STENDAL GHANDI,33.566085,-7.6373607,156.80564071656534,0.15680564071656533,Clinique Riviera
ANGLE BOULEVARD ABOU REGREG,33.56643045,-7.6767658999999995,775.1966480302335,0.7751966480302335,Polyclinique CNSS Hay Hassani مصحة الضمان الإجتماعي الحي الحسني
ANGLE BOULEVARD AL BINA,33.62511685,-7.50514325,1642.8013088175428,1.6428013088175428,Hospital CNSS
ANGLE BOULEVARD AL HOUCEIMA,33.550021,-7.61627585,684.5704512147157,0.6845704512147157,Avicenne Clinique des Spécialistes
ANGLE BOULEVARD C AIN SEBAA,33.622941350000005,-7.526215499999999,1225.8838276669765,1.2258838276669766,Hôpital Privé de Casablanca Aîn Sebaâ
ANGLE BOULEVARD IFNI,33.5843543,-7.5974301,145.08060003529752,0.14508060003529752,Akdital Clinique Ain Berja
ANGLE BOULEVARD MAADAN,33.63400315,-7.50791835,2661.1316748703293,2.6611316748703295,Hospital CNSS
ANGLE BOULEVARD RAMALLAH,33.533635700000005,-7.6131777,1631.7029210612377,1.6317029210612377,HOPITAL UNIVERSITAIRE DE PROXIMITE
ANGLE BOULEVARD TAH/ MOHAMED 6,33.5357259,-7.5768084,1586.0040713243854,1.5860040713243855,Hôpital Sekkat
ANGLE BOULEVARD TAH/ MOHAMED6,33.5354271,-7.5769471,1601.3516320455794,1.6013516320455794,Hôpital Sekkat
ANGLE CHEMIN DES PIVOINES,33.588940300000004,-7.5457911499999994,95.59863270099747,0.09559863270099747,clinique Elmouahidin
ANGLE MOHAMED 6/11 JANVIER,33.69750715,-7.36599925,15408.559629569558,15.408559629569558,Hôpital général de Casablanca Azhar-Bernoussi
ANGLE N9 / P3015,33.5110441,-7.4978311,7552.052584175745,7.552052584175746,Hôpital Municipal sidi moumen Tacharouk
ANGLE N9 / P3016,33.5280701,-7.4944851,5947.14959266726,5.94714959266726,Hôpital Municipal sidi moumen Tacharouk
ANGLE OUED DAHAB / AL JOULANE,33.54634045,-7.56426755,1437.6950852503592,1.4376950852503592,Centre Hospitalier Préfectoral de Ben M'Sick
ANGLE POMME D'OR,33.5497107,-7.6201937,362.5630536507419,0.3625630536507419,Clinique Les Crêtes
ANGLE ROUTE N1/P3032,33.50907855,-7.7052814000000005,5126.931474390945,5.126931474390945,Clinic Lina
ANGLE RUE BEN LARBI,33.57980095,-7.65403515,276.1772187744215,0.2761772187744215,Clinique Ghandi مصحة غاندي
ANGLE RUE DE DAX,33.59983,-7.58935245,951.137989427302,0.9511379894273021,ATLANTIC CLINIC CASABLANCA
ANGLE RUE DE FLORENCE,33.58359175,-7.6122914999999995,242.069803647902,0.242069803647902,Clinique Zarhoun
ANGLE RUE DE LA VICTOIRE,33.601405400000004,-7.585566099999999,1206.0454566063909,1.206045456606391,ATLANTIC CLINIC CASABLANCA
ANGLE RUE ENNAKHIL,33.55358525,-7.6441569000000005,821.7419566107237,0.8217419566107237,Clinique Attal
ANGLE RUE MAAMOURA,33.6055853,-7.57543905,2103.869476381381,2.103869476381381,ATLANTIC CLINIC CASABLANCA
ANGLE RUE RIF,33.69910575,-7.39292455,13897.72791405996,13.89772791405996,Hôpital général de Casablanca Azhar-Bernoussi
ANGLE RUE SOURZAC,33.5983504,-7.58111675,1160.5594752248403,1.1605594752248403,ATLANTIC CLINIC CASABLANCA
ANGLE RUE TAMASKIN,33.575195,-7.6625465,619.3337224024743,0.6193337224024743,Clinical Abbadi
ANGLE RUE TIZNIT,33.68499205,-7.402870549999999,12095.729528790316,12.095729528790317,Hôpital général de Casablanca Azhar-Bernoussi
ANNEXE FARAH SALAM,33.5402325,-7.6910858,2049.375167248661,2.049375167248661,hopital hassani
AQUAPARC,33.523139,-7.786701,10023.802581928674,10.023802581928674,hopital hassani
AQUAPARC A,33.5232851,-7.7859922,9956.892028909642,9.956892028909643,hopital hassani
ARCHIVE I,33.5129347,-7.65598715,867.4734203871207,0.8674734203871206,Clinic Lina
ARRET BATA,33.5853118,-7.57750845,1158.5796777420442,1.158579677742044,Clinique Al Mouahhidine
ARRET BEAULIEU,33.60440765,-7.53912835,973.7181556903519,0.9737181556903519,clinique ain saba3
ARRET BENJDIA,33.5848494,-7.607089,664.5955304308345,0.6645955304308345,Clinique Zarhoun
ARRET BRADAA,33.6999384,-7.3706684,15301.0230808409,15.3010230808409,Hôpital général de Casablanca Azhar-Bernoussi
ARRET CARDO,33.42469145,-7.5243566,14534.086766366938,14.534086766366938,HOPITAL UNIVERSITAIRE DE PROXIMITE
ARRET CASCADE 1,33.64351395,-7.4082577999999994,8532.239624954467,8.532239624954467,Hôpital général de Casablanca Azhar-Bernoussi
ARRET CHAABI 1,33.37188955,-7.5446237499999995,19181.402510985965,19.181402510985965,Clinic Lina
ARRET CHTAIBA,33.5653837,-7.5713302,774.1760601656206,0.7741760601656206,Hopital Sidi Othmane
ARRET CMC,33.5884963,-7.6269223,251.0565612841522,0.2510565612841522,Polyclinique Atlas مصحة اطلس
ARRET EL BIR,33.392632649999996,-7.602049,14836.248559249088,14.83624855924909,Clinic Lina
ARRET HASSAN II,33.5840432,-7.6229782,286.3794860297244,0.28637948602972435,Clinical Les Fleurs
ARRET ISCAE,33.5267629,-7.6357358,1660.6973060071005,1.6606973060071004,Clinic Lina
ARRET KM15,33.63236015,-7.4706250999999995,3684.6032300849593,3.684603230084959,Hospital CNSS
ARRET KOREA,33.562379500000006,-7.5958448999999995,1285.921608333315,1.285921608333315,Complexe Medico-Social Al Wouroud
ARRET L'AUBERGE 1,33.6513067,-7.4764008,5034.066445999716,5.034066445999716,Hospital CNSS
ARRET LAARJA,33.65977705,-7.4386498,7896.627249606333,7.8966272496063326,Hôpital général de Casablanca Azhar-Bernoussi
ARRET LAMJADBA 1,33.6142229,-7.3607762,11505.088915905862,11.505088915905862,Hôpital général de Casablanca Azhar-Bernoussi
ARRET LFARFARA,33.5431753,-7.7105022,2738.7985995952176,2.7387985995952175,hopital hassani
ARRET MDAKRA,33.5816649,-7.5625785,403.5231660029572,0.40352316600295723,Clinique Al Mouahhidine
ARRET METRO,33.5383836,-7.6432085,1470.367173528706,1.470367173528706,Clinique Californie
ARRET PALMERIE 1,33.48654615,-7.600602,5989.177208306878,5.989177208306878,HOPITAL UNIVERSITAIRE DE PROXIMITE
ARRET PERLA,33.39254325,-7.5608398999999995,16441.69484669427,16.441694846694272,Clinic Lina
ARRET RACHAD,33.5664447,-7.6094476,514.640546192995,0.5146405461929949,Clinique Hermitage
ARRET TADLA,33.6891291,-7.39194925,13092.238833448653,13.092238833448652,Hôpital général de Casablanca Azhar-Bernoussi
ARRET TAJ 1,33.38622925,-7.558438600000001,17158.063438352416,17.158063438352414,Clinic Lina
ARRET TIKIOUIN,33.5780836,-7.5532574,340.7389818354959,0.3407389818354959,مستشفى الوفاء
ARRET TIYANA 1,33.44406045,-7.5197078,12913.432966306444,12.913432966306443,HOPITAL UNIVERSITAIRE DE PROXIMITE
ARRONDISSEMENT GHANDI,33.575501,-7.65182625,564.3584643793422,0.5643584643793422,Clinique Socrate
ARRONDISSEMENT LAYMOUNE,33.5378434,-7.6683065500000005,1617.2212548688622,1.6172212548688623,Hôpital du Cheikh Khalifa Ben Zayd Al-Nahyan
ARRONDISSEMENT SALAM II,33.5848666,-7.4800717500000005,1624.0970062349581,1.6240970062349582,Hôpital général de Casablanca Azhar-Bernoussi
ASSOCIATION BAYTI,33.61988375,-7.49104505,1358.1655897146532,1.3581655897146532,Hospital CNSS
ATLANTA SPORT,33.53962610000001,-7.68153395,1873.3293388864531,1.8733293388864531,Hôpital du Cheikh Khalifa Ben Zayd Al-Nahyan
AUDA ANFA,33.561412,-7.6699889,649.4106600002441,0.649410660000244,Polyclinique CNSS Hay Hassani مصحة الضمان الإجتماعي الحي الحسني
AUTOROUTE A7,33.48220625,-7.62895915,4672.24780723934,4.67224780723934,Clinic Lina
AV 10 MARS,33.5555065,-7.55714635,629.5899851257449,0.6295899851257448,Clinique Sidi Othmane
AVENUE 6 NOVEMBRE 1975,33.5518519,-7.58715095,451.489807105677,0.45148980710567704,Centre de Santé Derb el Kheir
AVENUE ABOU BAKR EL KADIRI,33.5275901,-7.6495079,880.9401588285485,0.8809401588285485,Clinic Lina
AVENUE DES FAR,33.5968,-7.6131341,1157.003464795572,1.157003464795572,Clinique les princes مصحة الأمراء
AVENUE HACHMI FILALI,33.52442525,-7.6168408,2521.678749846942,2.521678749846942,HOPITAL UNIVERSITAIRE DE PROXIMITE
AVENUE JOUDAR,33.56139315,-7.5255618,1539.9050785399247,1.5399050785399246,Hôpital Municipal sidi moumen Tacharouk
AVENUE MOHAMED BOUZIANE,33.56390945,-7.55669685,640.4495169861601,0.6404495169861602,Clinique Sidi Othmane
AVENUE PASTEUR,33.59610945,-7.6022237,1224.0976159703039,1.2240976159703039,ATLANTIC CLINIC CASABLANCA
AVENUE REDA GUEDIRA,33.5555039,-7.57365205,338.4671410294044,0.3384671410294044,Hôpital Sidi Othmane
AVENUE TADDART,33.540106249999994,-7.618153700000001,1179.7724548043684,1.1797724548043684,Clinique Les Crêtes
AZBANE 1,33.5366923,-7.66522935,1768.9944164260496,1.7689944164260496,Hôpital du Cheikh Khalifa Ben Zayd Al-Nahyan
AZHAR OULFA,33.5437912,-7.687170200000001,1624.6813538908887,1.6246813538908886,hopital hassani
BAB AL BAIDA,33.4764412,-7.66085485,4887.966142156147,4.887966142156147,Clinic Lina
BACHAOUIA BOUSKOURA,33.47120495,-7.63840805,5529.584172976504,5.529584172976504,Clinic Lina
BACHAOUIAT AL AZHAR,33.598999750000004,-7.48907145,66.58161656155129,0.06658161656155129,HGC Hôpital Général de Casablanca
BASATINE AL FIRDAOUS,33.66784,-7.3589550500000005,13829.802562267567,13.829802562267567,Hôpital général de Casablanca Azhar-Bernoussi
BASATINE AL GHOFRANE,33.52308855,-7.5219306,5488.3628553903445,5.488362855390345,Clinique Sidi Othmane
BASSATINE AL OULFA,33.55033715,-7.697483200000001,1303.6709934332082,1.3036709934332082,hopital hassani
BAYTI SAKAN 1,33.68536335,-7.3420743,16222.84577615823,16.22284577615823,Hôpital général de Casablanca Azhar-Bernoussi
BD HASSAN 2 MOHAMMEDIA 01,33.69173845,-7.3939871,13194.060595140745,13.194060595140746,Hôpital général de Casablanca Azhar-Bernoussi
BD HASSAN 2 MOHAMMEDIA 03,33.687661199999994,-7.3993708,12529.11848209269,12.52911848209269,Hôpital général de Casablanca Azhar-Bernoussi
BEAUSEJOUR,33.564690150000004,-7.6463825,513.6313839483281,0.5136313839483281,Clinique Orl Beausejour
BEN HAMOU,33.4582658,-7.5169198,11794.28548596959,11.79428548596959,Hôpital Sekkat
BENI MGUILD,33.5711141,-7.604315,947.9528473232966,0.9479528473232967,Clinique Hermitage
BENJDIA,33.5850407,-7.6071721,656.5595592360285,0.6565595592360285,Clinique Zarhoun
BLOC 33 LALLA MERIEM,33.560364050000004,-7.552811050000001,814.7644651500982,0.8147644651500981,Clinique Sidi Othmane
BNI YAKHLEF,33.6642642,-7.3409352,15059.7221600563,15.059722160056301,Hôpital général de Casablanca Azhar-Bernoussi
BNI YAKHLEF 2,33.6611444,-7.3425011,14768.65778373355,14.76865778373355,Hôpital général de Casablanca Azhar-Bernoussi
BOULEVARD 9 AVRIL,33.58244835,-7.628848,640.5120306913552,0.6405120306913552,Clinical Les Fleurs
BOULEVARD ABDELHADI BOUTALEB,33.576007450000006,-7.67670915,439.60747892728017,0.4396074789272802,Clinique Yasmine
BOULEVARD ABDELMOUMEN,33.579689099999996,-7.624957,344.1141321903221,0.3441141321903221,Clinical Les Fleurs
BOULEVARD ABDELMOUMEN 2,33.57808,-7.625376,440.70946942467066,0.44070946942467065,Centre Hospitalier Universitaire Ibn Rochd المركز الإستشفائي الجامعي إبن رشد
BOULEVARD ABDERRAHIM BOUABID,33.56258995,-7.6430814,599.4887154467502,0.5994887154467502,Clinique Riviera
BOULEVARD ABOU HOURAIRA,33.5619855,-7.57219145,389.0202882973221,0.3890202882973221,Hopital Sidi Othmane
BOULEVARD ABOU HOURAIRA 2,33.563585,-7.5696956,638.4274534287001,0.6384274534287001,Hopital Sidi Othmane
BOULEVARD AFGHANISTAN,33.5714901,-7.6761032,613.9417072759844,0.6139417072759844,Clinique Yasmine
BOULEVARD AHL LOGHLAM,33.5998977,-7.50375865,846.9683487355543,0.8469683487355543,Hôpital AL mansour
BOULEVARD AHL LOGHLAM AZHAR,33.5977392,-7.4895957,92.46027147392365,0.09246027147392366,HGC Hôpital Général de Casablanca
BOULEVARD AHL LOGHLAM SAKANI,33.5978813,-7.4842303,165.06280387761936,0.16506280387761935,Hôpital général de Casablanca Azhar-Bernoussi
BOULEVARD AHMED MEKOUR,33.6148624,-7.536792,675.1251960650065,0.6751251960650065,Hôpital Privé de Casablanca Aîn Sebaâ
BOULEVARD AL MAGHRIB AL ARABI,33.5996692,-7.48448005,104.18332225225053,0.10418332225225053,Hôpital général de Casablanca Azhar-Bernoussi
BOULEVARD AL QODS,33.54170995,-7.59144475,548.6690897270461,0.5486690897270461,Hôpital Sekkat
BOULEVARD AMGALA,33.5404575,-7.57902545,1086.0286196158513,1.0860286196158513,Hôpital Sekkat
BOULEVARD ANOUAL,33.56957145,-7.6273912,435.9553501752234,0.43595535017522336,Polyclinique de la Sécurité sociale
BOULEVARD BEN BARKA,33.6037782,-7.6518462,806.9171405606296,0.8069171405606296,Clinique Andalouss مصحة الاندلس
BOULEVARD BORDEAUX,33.5979157,-7.62957015,533.1606681590531,0.533160668159053,Clinique Rachidi
BOULEVARD BOUALAM,33.56138445,-7.5366645000000005,1558.6411903303645,1.5586411903303645,المركز الصحي المسيرة 2 (المستوى التاني)
BOULEVARD CHEFCHAOUNI,33.62795585,-7.50055155,1907.6344576098898,1.9076344576098898,Hospital CNSS
BOULEVARD DAKHLA,33.5333817,-7.6008119999999995,843.2225640835445,0.8432225640835445,HOPITAL UNIVERSITAIRE DE PROXIMITE
BOULEVARD DAKHLA 2,33.543742249999994,-7.5768888,958.587377303103,0.9585873773031031,Centre Hospitalier Préfectoral de Ben M'Sick
BOULEVARD DE BOURGOGNE,33.595046499999995,-7.6506794,412.88899909181634,0.41288899909181637,Clinique Andalouss مصحة الاندلس
BOULEVARD DE BOUSKOURA,33.5573617,-7.6490748,1066.9260899100354,1.0669260899100355,Clinique Attal
BOULEVARD DE GAZA,33.56868335,-7.5842942,1518.3826436821632,1.5183826436821632,Hôpital Sidi Othmane
BOULEVARD DE LA MECQUE,33.545986049999996,-7.63167575,108.27760391891437,0.10827760391891436,Clinique Californie
BOULEVARD DE LA RESISTANCE,33.589201,-7.60384895,803.4199079477089,0.8034199079477089,Akdital Clinique Ain Berja
BOULEVARD DE MAKRO,33.594979300000006,-7.5284268,634.9196049834474,0.6349196049834473,Clinique Adoha
BOULEVARD DE RIYAD,33.673169099999996,-7.393864799999999,11674.313752265281,11.674313752265281,Hôpital général de Casablanca Azhar-Bernoussi
BOULEVARD DE TEMARA,33.5497357,-7.5992452,312.8547150425325,0.31285471504253254,Clinique Ain Chock
BOULEVARD DES FACULTES,33.542120350000005,-7.6773322,1413.916412971985,1.413916412971985,Hôpital du Cheikh Khalifa Ben Zayd Al-Nahyan
BOULEVARD DRISS EL HARTI,33.54825425,-7.5728858500000005,655.9155708886108,0.6559155708886107,Centre Hospitalier Préfectoral de Ben M'Sick
BOULEVARD DU NIL,33.558271,-7.569085899999999,367.0700896962596,0.3670700896962596,Hopital Sidi Othmane
BOULEVARD EL HARTI,33.543869900000004,-7.5803265,807.5055790802545,0.8075055790802546,Hôpital Sekkat
BOULEVARD EL YAZIDI,33.601394049999996,-7.51558485,529.0878816038964,0.5290878816038964,clinique firdaous
BOULEVARD FATIMA ZAROUAL,33.5238365,-7.5966661,1850.5340920421395,1.8505340920421396,HOPITAL UNIVERSITAIRE DE PROXIMITE
BOULEVARD FOUARATE,33.576181399999996,-7.5689077000000005,500.10466853652946,0.5001046685365295,Clinique Al Mouahhidine
BOULEVARD HAJ FATEH,33.53875065,-7.6795533,1838.1059320080133,1.8381059320080133,Hôpital du Cheikh Khalifa Ben Zayd Al-Nahyan
BOULEVARD HAJ FATEH 2,33.5511417,-7.6892307,829.017752514362,0.8290177525143619,hopital hassani
BOULEVARD HAJ FATEH OULFA,33.54923265,-7.6881597,1024.3421056962752,1.0243421056962752,hopital hassani
BOULEVARD HASSAN 1,33.593459,-7.6229835,185.06964644004054,0.18506964644004054,مصحة تعاضدية رجال التعليم - كنوبس
BOULEVARD HASSAN 2 MOHAMMEDIA 2,33.69002255,-7.3962519,12914.16975212609,12.91416975212609,Hôpital général de Casablanca Azhar-Bernoussi
BOULEVARD HASSAN EL ALLAOUI,33.57979675,-7.586588000000001,1108.2577780475244,1.1082577780475245,Akdital Clinique Ain Berja
BOULEVARD HOUCINE SOUSSI,33.58398595,-7.52932405,1049.3288428177825,1.0493288428177825,Hôpital Municipal sidi moumen Tacharouk
BOULEVARD IBN TACHFINE,33.58479035,-7.573414550000001,809.253829143177,0.809253829143177,Clinique Al Mouahhidine
BOULEVARD IBNOU SINA,33.57193895,-7.6683466,533.6475695711359,0.5336475695711359,Polyclinique CNSS Hay Hassani مصحة الضمان الإجتماعي الحي الحسني
BOULEVARD IBNOU SINA N43,33.5753223,-7.6620226,628.7010209641666,0.6287010209641666,Clinical Abbadi
BOULEVARD IMAM ALI,33.5977604,-7.520160150000001,192.0195814739619,0.1920195814739619,Clinique Adoha
BOULEVARD L'OCEAN ATLANTIQUE,33.5872965,-7.6848557500000005,1114.8426705138318,1.1148426705138317,Clinic Guess
BOULEVARD LA RESISTENCE MO,33.68132315,-7.405473799999999,11626.977204506396,11.626977204506396,Hôpital général de Casablanca Azhar-Bernoussi
BOULEVARD LALA ASMA,33.57697895,-7.5406869499999996,730.1960545564127,0.7301960545564127,Clinique Bournazel
BOULEVARD MOHAMED SIJILMASSI,33.58840845,-7.6397562,268.7995788799692,0.2687995788799692,Clinique Al Massira مصحة المسيرة
BOULEVARD MOHAMED V MO,33.70282025,-7.3944051,14147.369734293678,14.147369734293678,Hôpital général de Casablanca Azhar-Bernoussi
BOULEVARD MOULAY SLIMAN,33.61148245,-7.561158750000001,1642.7388426344553,1.6427388426344554,clinique ain saba3
BOULEVARD MOULAY SMAIL,33.5984948,-7.5759021,1560.6745170980546,1.5606745170980545,ATLANTIC CLINIC CASABLANCA
BOULEVARD NAKHIL,33.552811,-7.482338950000001,4671.091020842512,4.671091020842512,Hôpital Municipal sidi moumen Tacharouk
BOULEVARD NASSIBA BENT KAAB,33.5775957,-7.5464297,251.91166840435233,0.2519116684043523,Clinique Bournazel
BOULEVARD OQBA,33.579632149999995,-7.5592561499999995,683.6436967420238,0.6836436967420239,Clinique Al Mouahhidine
BOULEVARD OUED BEHT,33.5585122,-7.6776259,899.1056675901816,0.8991056675901816,hopital hassani
BOULEVARD OUED DAHAB,33.543560299999996,-7.56873095,1298.9591792253414,1.2989591792253414,Centre Hospitalier Préfectoral de Ben M'Sick
BOULEVARD OUED DRAA,33.55625095,-7.6846635,345.7506761277589,0.3457506761277589,hopital hassani
BOULEVARD OUED EDAOURA 1,33.54258225,-7.6778708,1403.722999278843,1.403722999278843,Hôpital du Cheikh Khalifa Ben Zayd Al-Nahyan
BOULEVARD OUED LAOU,33.560442249999994,-7.6752078,970.6206093231688,0.9706206093231687,Polyclinique CNSS Hay Hassani مصحة الضمان الإجتماعي الحي الحسني
BOULEVARD OUED TENSIFT,33.55274395,-7.68459155,680.5640641293363,0.6805640641293363,hopital hassani
BOULEVARD PALESTINE,33.68622735,-7.3747469,13954.502721171795,13.954502721171796,Hôpital général de Casablanca Azhar-Bernoussi
BOULEVARD RACHIDI,33.5909199,-7.6219522,331.80403958022004,0.33180403958022003,مصحة تعاضدية رجال التعليم - كنوبس
BOULEVARD ROUDANI,33.58475435,-7.63047315,620.6760635364177,0.6206760635364177,Polyclinique Atlas مصحة اطلس
BOULEVARD SMARA,33.537344250000004,-7.58866045,904.2432563627697,0.9042432563627697,HOPITAL UNIVERSITAIRE DE PROXIMITE
BOULEVARD SOUR JDID,33.60513065000001,-7.62091825,1094.7793687801054,1.0947793687801055,Hôpital Moulay Youssef مستشفى مولاي يوسف
BOULEVARD TAH,33.534499249999996,-7.5793996,1541.3014251907443,1.5413014251907444,Hôpital Sekkat
BOULEVARD TARIK IBNOU ZIAD,33.5768411,-7.616815,358.13153535693635,0.35813153535693637,Hopital 20 Aout
BOULEVARD TAZA,33.54473985,-7.5947149,541.2315537695863,0.5412315537695863,Polyclinique CNSS
BOULEVARD ZERKTOUNI,33.5915971,-7.63641415,232.85383746439558,0.23285383746439559,Clinique Al Massira مصحة المسيرة
BOULEVARS ABDELKRIM KHATTABI,33.58092605,-7.6647455,371.80304728563,0.37180304728562996,Clinique Longchamps مصحة لونشون
BOUSKOURA CENTRE,33.4376279,-7.6421028,9157.536566638631,9.157536566638631,Clinic Lina
BOUZIANE,33.5702385,-7.54359325,399.4443909504366,0.3994443909504366,المركز الصحي المسيرة 2 (المستوى التاني)
BRADAA,33.6999222,-7.3704099,15316.113482731265,15.316113482731266,Hôpital général de Casablanca Azhar-Bernoussi
BRAHMA 3,33.6289638,-7.45137605,4442.868319162253,4.442868319162253,Hôpital général de Casablanca Azhar-Bernoussi
BRAHMA II,33.621951249999995,-7.44632765,4269.406090530724,4.269406090530724,Hôpital général de Casablanca Azhar-Bernoussi
CARIERRE CENTRALE,33.59215305,-7.5664992,1319.6071685080888,1.3196071685080888,Clinique Al Mouahhidine
CARRIERE ARAIB,33.58182845,-7.533845550000001,1102.5212853179328,1.1025212853179327,Hôpital Municipal sidi moumen Tacharouk
CARRIERE BEN ABID,33.5002275,-7.87447555,18539.558178879703,18.5395581788797,hopital hassani
CARRIERE BEN M'SIK,33.5579318,-7.5794702,576.6750763970114,0.5766750763970113,Hôpital Sidi Othmane
CARRIERE BENMSICK,33.5574946,-7.5791201,552.5411667770339,0.5525411667770339,Hôpital Sidi Othmane
CARRIERE RHAMNA,33.590144949999996,-7.51892945,817.7377752345403,0.8177377752345403,Clinique Adoha
CARRIERE SCHNEIDER,33.56484385,-7.6678981,258.3538600973441,0.2583538600973441,Polyclinique CNSS Hay Hassani مصحة الضمان الإجتماعي الحي الحسني
CASERNE AIN BORJA,33.58683755,-7.590949999999999,497.04769007248916,0.49704769007248917,ATLANTIC CLINIC CASABLANCA
CASERNE DEROUA,33.4084786,-7.533419,15807.76329218602,15.80776329218602,HOPITAL UNIVERSITAIRE DE PROXIMITE
CASERNE MLY YOUSSEF,33.61768985,-7.45850245,3091.886349366716,3.0918863493667157,Hôpital général de Casablanca Azhar-Bernoussi
CASERNE NOUACEUR,33.3986017,-7.57975095,15008.646664210672,15.008646664210671,Clinic Lina
CENTRE COMMERCIAL EMILE ZOLA,33.59362305,-7.5969939,668.167978077763,0.668167978077763,ATLANTIC CLINIC CASABLANCA
CENTRE CULTUREL,33.526024699999994,-7.6504799000000006,693.5769848625305,0.6935769848625305,Clinic Lina
CENTRE D'HEMODIALYSE 2 MARS,33.5522503,-7.603453399999999,354.78008564648786,0.3547800856464879,Clinique Ain Chock
CENTRE DE L'ADDICTOLOGIE,33.5763448,-7.6189473,198.70504055799984,0.19870504055799984,Hopital 20 Aout
CENTRE DE MAINTENANCE TRAMWAY,33.57705285,-7.51708625,752.9110334631143,0.7529110334631144,Hôpital Municipal sidi moumen Tacharouk
CENTRE DE SANTE OUHOUDE,33.5973896,-7.645761350000001,515.0544910962885,0.5150544910962885,Clinique Badr مصحة بدر
CENTRE DE SANTE RIAD,33.6845366,-7.384115899999999,13205.30454743263,13.20530454743263,Hôpital général de Casablanca Azhar-Bernoussi
CENTRE DE SANTE VECTORIA,33.42435245,-7.6740363,10790.280716676283,10.790280716676284,Clinic Lina
CENTRE DPK (ALSA),33.5739589,-7.574847,1036.661787817801,1.036661787817801,Clinique Al Mouahhidine
CENTRE EMERGENT,33.45273915,-7.4999906,13177.61791066881,13.177617910668811,Clinique Sidi Othmane
CENTRE FEMININ,33.56191185,-7.6019419,720.7402399747923,0.7207402399747923,Complexe Medico-Social Al Wouroud
CENTRE NOUR,33.47818465,-7.63773655,4794.381773709627,4.794381773709627,Clinic Lina
CENTRE OFPPT ESSAFA,33.55219265,-7.69272485,856.1284945178857,0.8561284945178856,hopital hassani
CENTRE SIDI MOUMEN,33.580301500000004,-7.5437448,639.7725644157866,0.6397725644157867,Clinique Bournazel
CHARCOMEM,33.5056637,-7.50041575,8045.906558274095,8.045906558274096,Hôpital Municipal sidi moumen Tacharouk
CHATEAU EL QODS,33.6087973,-7.5011168,218.2976343926657,0.21829763439266572,Polyclinique ِCNSS Sidi Bernoussi
CHATEAU MEDIOUNA,33.45774205,-7.52219955,11546.01778771741,11.54601778771741,HOPITAL UNIVERSITAIRE DE PROXIMITE
CHEFCHAOUNI,33.6212485,-7.511104850000001,1505.8657243921195,1.5058657243921196,Hospital CNSS
CHELLAL,33.621895949999995,-7.4515161,3887.17675542241,3.88717675542241,Hôpital général de Casablanca Azhar-Bernoussi
CHICHANE,33.5402044,-7.5412847,2876.122976160869,2.8761229761608686,Clinique Sidi Othmane
CHICHANE 1,33.5401323,-7.5409674,2901.4986891144486,2.9014986891144487,Clinique Sidi Othmane
CHTAIBA,33.5656633,-7.5709881,811.3657086826282,0.8113657086826283,Hopital Sidi Othmane
CIMETIERE SBATA,33.54727165,-7.56499845,1331.1352596487266,1.3311352596487265,Centre Hospitalier Préfectoral de Ben M'Sick
CIMETIERE SIDI MOUMEN,33.5779756,-7.51920705,608.6842942484802,0.6086842942484803,Hôpital Municipal sidi moumen Tacharouk
CINEMA EL FALAH,33.55920775,-7.55048855,1030.285550693172,1.0302855506931718,Clinique Sidi Othmane
CINEMA EL OTHMANIA,33.56042855,-7.57475905,249.11261455933277,0.24911261455933276,Hôpital Sidi Othmane
CINEMA MEGARAMA,33.5949394,-7.6698816,1437.3268272829264,1.4373268272829265,Clinique Andalouss مصحة الاندلس
CINEMA SAHRA,33.551094750000004,-7.5991433,382.43529748532256,0.38243529748532257,Clinique Ain Chock
CINEMA VERDIN,33.59598745,-7.6259217,356.7671157276049,0.3567671157276049,Clinique Rachidi
CITE CHEMINOT,33.599517899999995,-7.56839725,1918.4918469419658,1.9184918469419658,Hôpital Mohammed V مستشفى محمد الخامس
CITE DE POLICE (BERNOUSSI),33.603085199999995,-7.5196729,219.5486930702258,0.2195486930702258,clinique firdaous
CITE DE POLICE IBN SINA,33.56630175,-7.6809312,1053.451763430231,1.053451763430231,hopital hassani
CITE DES MÉTIERS,33.39996055,-7.5551731,16029.563908499786,16.029563908499785,Clinic Lina
CITE PLATEAU,33.5681488,-7.636635,263.41545880548557,0.26341545880548556,Clinique Riviera
CITY AIN SEBAA,33.598998550000005,-7.5393796,1353.7920704706385,1.3537920704706385,clinique Elmouahidin
CLINIQUE ABBADI,33.568998449999995,-7.66110065,29.418797070028454,0.029418797070028455,Clinique CIL
CLINIQUE ABDELMOUMEN,33.56541765,-7.6266909,80.96265369303043,0.08096265369303043,Clinique Abdelmoumen
CLINIQUE AIN CHOC,33.5493291,-7.6022882,31.167174765385145,0.031167174765385143,Clinique Ain Chock
CLINIQUE ANDALOUS,33.596595199999996,-7.6547798,36.03163291059269,0.03603163291059269,Clinique Andalouss مصحة الاندلس
CLINIQUE BEN SOUDA,33.5859288,-7.6526718,239.6467143839334,0.23964671438393342,clinique kindi
CLINIQUE BEN SOUDA 2,33.5854813,-7.6539031,312.357819231622,0.312357819231622,clinique kindi
CLINIQUE CIL,33.5673054,-7.6582112,317.9791831216284,0.31797918312162843,Clinique CIL
CLINIQUE DAR SALAM,33.56201605,-7.6194679,105.15880156243763,0.10515880156243763,Clinique Dar Salam
CLINIQUE DENTAIRE,33.58735625,-7.6472878,453.4001797050824,0.4534001797050824,clinique kindi
CLINIQUE FDALA,33.696402500000005,-7.39176005,13726.834470597974,13.726834470597975,Hôpital général de Casablanca Azhar-Bernoussi
CLINIQUE NORMANDIE,33.5839642,-7.650041,87.56416939961952,0.08756416939961952,clinique kindi
CLINIQUE RIVIERA,33.567434500000005,-7.64075305,191.81211707108852,0.19181211707108853,Clinique Riviera
CLINIQUE SARA,33.5702143,-7.6668654,372.79457942784325,0.3727945794278432,Polyclinique CNSS Hay Hassani مصحة الضمان الإجتماعي الحي الحسني
CLINIQUE SIDI OTHMANE,33.56088685,-7.5614512000000005,119.2796278859554,0.1192796278859554,Clinique Sidi Othmane
CLUB ESSAKHI,33.62588205,-7.33053205,14493.75568739158,14.49375568739158,Hôpital général de Casablanca Azhar-Bernoussi
CNSS DAR LAMANE,33.59367695,-7.557437650000001,718.673571920106,0.7186735719201061,Hôpital Mohammed V مستشفى محمد الخامس
COLIS POSTAUX,33.596276700000004,-7.60522025,1453.7141488489895,1.4537141488489895,Akdital Clinique Ain Berja
COLLEGE BNO TOUMART,33.56807435,-7.54863075,515.3633203134552,0.5153633203134552,المركز الصحي المسيرة 2 (المستوى التاني)
COLLEGE BOUSKOURA,33.446700899999996,-7.64794895,8116.1080450232685,8.11610804502327,Clinic Lina
COLLEGE EL HASSAN ELYOUSSI,33.5554658,-7.5354573,2168.92284225651,2.16892284225651,المركز الصحي المسيرة 2 (المستوى التاني)
COLLEGE IBNO ABBAD,33.545779,-7.6864119,1406.7128912358553,1.4067128912358553,hopital hassani
COLLEGE IBNO ABBAD 2,33.5454707,-7.6860611,1443.09028156754,1.44309028156754,hopital hassani
COLLEGE IDRISS I,33.4552807,-7.6416155,7217.556499482921,7.217556499482921,Clinic Lina
COLLEGE MOULOUYA,33.5586861,-7.6896532,219.03226771214224,0.21903226771214224,hopital hassani
COLLEGE TABARI,33.526770799999994,-7.6613709,1189.5663056674837,1.1895663056674837,Clinic Lina
COLLEGE YAAKOUB EL MANSOUR,33.6814386,-7.3880808,12702.807430910818,12.702807430910818,Hôpital général de Casablanca Azhar-Bernoussi
COLLEGE ZINEB NEFZAOUIA,33.563473,-7.5875657499999996,1432.5443037004416,1.4325443037004415,Hôpital Sidi Othmane
COMMISARIAT LAHRAOUIYINE,33.5520905,-7.53211955,2648.5130559360705,2.6485130559360703,المركز الصحي المسيرة 2 (المستوى التاني)
COMMISSARIAT AL AZHAR,33.6023518,-7.49144465,493.4275431739172,0.4934275431739172,HGC Hôpital Général de Casablanca
COMMISSARIAT NASSIM,33.5215569,-7.6570927,545.0508704294288,0.5450508704294288,Clinic Lina
COMMISSARIAT RIAD AL OULFA,33.5589403,-7.693005250000001,531.3971516436555,0.5313971516436555,hopital hassani
COMMISSARIAT SIDI MAAROUF,33.52043645,-7.652334700000001,95.52144931605358,0.09552144931605358,Clinic Lina
COMMUNE DAR BOUAAZZA,33.5130893,-7.819777,13287.836280820426,13.287836280820425,hopital hassani
COMPLEXE  MOHAMED V 2,33.5814363,-7.6478585,297.96654673106013,0.29796654673106016,Clinique Socrate
COMPLEXE CULTUREL,33.6336883,-7.46084355,4359.5782903235495,4.359578290323549,Hôpital général de Casablanca Azhar-Bernoussi
COMPLEXE EDUCATIF HASSAN II,33.5587749,-7.58758425,1051.9784574653427,1.0519784574653426,Centre de Santé Derb el Kheir
COMPLEXE KAMAL ZEBDI,33.55668015,-7.571749,238.56881051230684,0.23856881051230683,Hopital Sidi Othmane
COMPLEXE MOHAMED V,33.5812874,-7.647993,284.78915464954537,0.28478915464954535,Clinique Socrate
CONSULAT D'ESPAGNE,33.5914556,-7.624951,143.75661056822375,0.14375661056822375,مصحة تعاضدية رجال التعليم - كنوبس
CONSULAT DE LA RUSSIE,33.57816965,-7.630313,465.74900336072665,0.46574900336072667,Clinique Hamdani
COUR D'APPEL,33.595232949999996,-7.60349125,1270.029227590928,1.270029227590928,Akdital Clinique Ain Berja
CRECHE JEUNE AGE,33.5449577,-7.6730517,935.6260433866631,0.9356260433866631,Hôpital du Cheikh Khalifa Ben Zayd Al-Nahyan
DAR 16,33.5018493,-7.718142,6494.713259523173,6.494713259523174,Clinic Lina
DAR BOUAAZZA,33.507838899999996,-7.83375655,14710.067687167233,14.710067687167234,hopital hassani
DAR DAW,33.657891199999995,-7.3480989,14141.71673932151,14.14171673932151,Hôpital général de Casablanca Azhar-Bernoussi
DAR LAMANE,33.594063750000004,-7.55436425,578.4094816321044,0.5784094816321044,Hôpital Mohammed V مستشفى محمد الخامس
DAR LKBIRA,33.503649800000005,-7.8457045,15913.090851130131,15.913090851130132,hopital hassani
DAR LMIMA,33.5320696,-7.5305012,4216.656453274413,4.216656453274413,Clinique Sidi Othmane
DAR LMOAMIN,33.58967135,-7.602832749999999,756.4244705357406,0.7564244705357406,Akdital Clinique Ain Berja
DAR LMOHAMI,33.59176685,-7.6036974,973.3987566186103,0.9733987566186103,Akdital Clinique Ain Berja
DAR NESSRANIA,33.50747715,-7.63177925,2294.572550765238,2.294572550765238,Clinic Lina
DAR TALIBA,33.56281705000001,-7.56168795,333.02927437191966,0.33302927437191965,Clinique Sidi Othmane
DAR TOUZANI,33.55184615,-7.58977625,267.99751066370834,0.26799751066370836,Centre de Santé Derb el Kheir
DAR ZWAQ,33.51762825,-7.800569449999999,11448.248765662565,11.448248765662566,hopital hassani
DERB BOUCHENTOUF,33.56801045,-7.60482195,873.0910227056763,0.8730910227056763,Clinique Hermitage
DERB CHABAB C,33.6900994,-7.3830568,13720.14581028022,13.72014581028022,Hôpital général de Casablanca Azhar-Bernoussi
DERB FOUKARA,33.5665654,-7.60718375,697.3144617076662,0.6973144617076662,Clinique Hermitage
DERB JAMILA,33.5710067,-7.6842854,1260.7330114327478,1.2607330114327477,Clinique Yasmine
DERB KABIR,33.57218535,-7.59569545,1466.3971504863537,1.4663971504863538,Akdital Clinique Ain Berja
DERB LAHJAR,33.55052555,-7.56919315,841.7136815928176,0.8417136815928176,Centre Hospitalier Préfectoral de Ben M'Sick
DERB LOUBILA,33.60459485,-7.6368959,265.7264173599328,0.2657264173599328,مستشفى مولاي الحسن
DERB MARRAKECH,33.6856183,-7.39480845,12624.169807022647,12.624169807022646,Hôpital général de Casablanca Azhar-Bernoussi
DERB MILA,33.57084485,-7.5810862,1543.632098151036,1.5436320981510359,Hôpital Sidi Othmane
DERB MILAN,33.57081365,-7.579122099999999,1463.9412160937845,1.4639412160937846,Hôpital Sidi Othmane
DERB MOULAY CHRIF,33.5935079,-7.56950045,1494.4877977585497,1.4944877977585498,Clinique Al Mouahhidine
DIRECTION  T. REGIONALE CASA,33.541806,-7.688795300000001,1849.872846093384,1.849872846093384,hopital hassani
DOUAR AL MOUMNATE,33.50398545,-7.54355745,6242.476764305848,6.242476764305848,Centre Hospitalier Préfectoral de Ben M'Sick
DOUAR CHRIF,33.67165795,-7.40687695,10722.23925504521,10.72223925504521,Hôpital général de Casablanca Azhar-Bernoussi
DOUAR EL WAHDA,33.67716835,-7.4107722,10961.13179287024,10.961131792870239,Hôpital général de Casablanca Azhar-Bernoussi
DOUAR FOUKRA,33.49042705,-7.7323834,8181.9855502781365,8.181985550278137,Clinic Lina
DOUAR KHOUADRA,33.5406793,-7.63146655,666.9604496052661,0.6669604496052661,Clinique Californie
DOUAR KROUTA,33.43514295,-7.664441849999999,9466.068941220208,9.466068941220207,Clinic Lina
DOUAR LAATOUR,33.5330649,-7.638189499999999,1655.6221397685347,1.6556221397685347,Clinique Californie
DOUAR LACHHAB,33.675219999999996,-7.42431465,10054.770271936008,10.054770271936007,Hôpital général de Casablanca Azhar-Bernoussi
DOUAR LAHFAYA,33.517426549999996,-7.55569275,4390.009942190168,4.390009942190168,Centre Hospitalier Préfectoral de Ben M'Sick
DOUAR LGOUISSEM,33.500482500000004,-7.6727577,2910.2950002075345,2.9102950002075345,Clinic Lina
DOUAR LHAJ LAMLIH,33.66597615,-7.44705015,7895.835646765429,7.89583564676543,Hospital CNSS
DOUAR MAATAH,33.4777624,-7.75555415,10724.741098471788,10.724741098471789,Clinic Lina
DOUAR MZAB,33.511379,-7.5477163,5341.296533265191,5.341296533265191,Centre Hospitalier Préfectoral de Ben M'Sick
DOUAR OULD LHAJ JILALI,33.49887445,-7.8795866,19036.840823491504,19.036840823491506,hopital hassani
DOUAR OULED BOUAZIZ,33.5429318,-7.4388079,7494.182092269243,7.494182092269243,Hôpital général de Casablanca Azhar-Bernoussi
DOUAR RIFAI,33.4686564,-7.78145755,13249.80633398146,13.24980633398146,hopital hassani
DOUAR SEBT,33.49333085,-7.8850658,19731.86769655081,19.73186769655081,hopital hassani
DOUAR SIDI MASSIF,33.5469654,-7.4501003,6571.5420270211835,6.5715420270211835,Hôpital général de Casablanca Azhar-Bernoussi
DRABNA ROUTE DE BOUSKOURA,33.503126949999995,-7.63066425,2685.4967447052863,2.6854967447052864,Clinic Lina
DREAM VILAGE,33.61394705,-7.36996355,10657.670656305549,10.657670656305548,Hôpital général de Casablanca Azhar-Bernoussi
DRISS LAHRIZI VICTORIA,33.421070549999996,-7.67788775,11219.9771154313,11.2199771154313,Clinic Lina
DRISS SLAOUI,33.5936051,-7.6539981,365.18925610961344,0.36518925610961345,Clinique Andalouss مصحة الاندلس
DRISSIA 2,33.564977850000005,-7.586857350000001,1446.5839567435723,1.4465839567435723,Hôpital Sidi Othmane
DYAR AL AMAL,33.49761625,-7.724119099999999,7172.63158301233,7.17263158301233,Clinic Lina
DYAR AL YOUSRA,33.673595199999994,-7.3521500500000005,14708.729126367589,14.708729126367588,Hôpital général de Casablanca Azhar-Bernoussi
DYAR EL ALIA,33.674567100000004,-7.3646007,13832.462106112187,13.832462106112187,Hôpital général de Casablanca Azhar-Bernoussi
DYAR KENZA,33.6709056,-7.3533481,14450.883777922276,14.450883777922275,Hôpital général de Casablanca Azhar-Bernoussi
ECOLE ABDELKRIM EL KHATTABI,33.5657441,-7.5297801,1148.8013770854502,1.1488013770854502,Hôpital Municipal sidi moumen Tacharouk
ECOLE ABDELLAH HADDAOUI,33.5383596,-7.4248031,8672.94060722223,8.67294060722223,Hôpital général de Casablanca Azhar-Bernoussi
ECOLE AJIAL SALAM,33.4609255,-7.5162005,11590.705892603097,11.590705892603097,Hôpital Sekkat
ECOLE AL AJIAL,33.5574963,-7.68158475,541.8759221434467,0.5418759221434467,hopital hassani
ECOLE BAB ANDALOUS,33.5366564,-7.6062974,910.3937066607872,0.9103937066607872,HOPITAL UNIVERSITAIRE DE PROXIMITE
ECOLE BELFKIH,33.529366550000006,-7.5241015,4847.082065984974,4.847082065984974,Clinique Sidi Othmane
ECOLE CAMELIA,33.5407193,-7.6682278,1298.4127047655031,1.2984127047655032,Hôpital du Cheikh Khalifa Ben Zayd Al-Nahyan
ECOLE CAMELIA 1,33.5426184,-7.6674272,1091.2828764476387,1.0912828764476388,Hôpital du Cheikh Khalifa Ben Zayd Al-Nahyan
ECOLE EL AKHAWAIN,33.5617706,-7.5659303,459.64741819678386,0.45964741819678384,Clinique Sidi Othmane
ECOLE EL ANOUAR,33.5215575,-7.663209999999999,1095.4813948842934,1.0954813948842934,Clinic Lina
ECOLE EL GHAZOUANI,33.65444745,-7.4700118,5623.888323702151,5.623888323702151,Hospital CNSS
ECOLE EL IBRAHIMI,33.5563029,-7.681593,581.4946552602329,0.5814946552602329,hopital hassani
ECOLE EL JABRE,33.4895172,-7.608033000000001,5260.516652164223,5.260516652164223,Clinic Lina
ECOLE EL KHALIL,33.560241250000004,-7.6395932,250.91981869791027,0.25091981869791025,Clinique Attal
ECOLE EL KHALIL A,33.561194,-7.6406083,392.32978082169484,0.39232978082169484,Clinique Attal
ECOLE EL OUADGHIRI,33.563792649999996,-7.6336808000000005,183.11893792017378,0.18311893792017378,Cinique Multidisciplinaire
ECOLE ESSAFA,33.638103400000006,-7.41712375,7514.60690821309,7.51460690821309,Hôpital général de Casablanca Azhar-Bernoussi
ECOLE GEORGES BIZET,33.57818185,-7.6546806499999995,277.9512181222472,0.2779512181222472,Clinique Ghandi مصحة غاندي
ECOLE GPH,33.683160349999994,-7.37762715,13526.683599016698,13.526683599016698,Hôpital général de Casablanca Azhar-Bernoussi
ECOLE HASSANIA(EHTP),33.545533,-7.6503256,1812.8981754282065,1.8128981754282065,Clinique Californie
ECOLE IBNO KATIR,33.51034645,-7.6569158,1162.7754765840482,1.1627754765840481,Clinic Lina
ECOLE KAOUKABI,33.57522425,-7.68008355,755.1650041391798,0.7551650041391799,Clinique Yasmine
ECOLE LA PRAIRIE,33.5778823,-7.65684345,208.43603952862998,0.20843603952862996,Clinique Ghandi مصحة غاندي
ECOLE LAARBI ELBENNAY,33.5539526,-7.6811567,757.9028364737961,0.7579028364737961,hopital hassani
ECOLE LE NID,33.58649265,-7.58642845,644.8866608012289,0.6448866608012289,ATLANTIC CLINIC CASABLANCA
ECOLE LE PONT,33.547842,-7.62842515,259.47888418509393,0.2594788841850939,Clinique Californie
ECOLE MOULAY ABDELLAH,33.67498225,-7.3919451,11942.195959926425,11.942195959926424,Hôpital général de Casablanca Azhar-Bernoussi
ECOLE NORMALE SUPERIEURE,33.53994125,-7.6596986000000005,1601.5219959242663,1.6015219959242664,Hôpital du Cheikh Khalifa Ben Zayd Al-Nahyan
ECOLE OULAD HMIMOUN 1,33.667077449999994,-7.43346105,8832.201682251589,8.832201682251588,Hospital CNSS
ECOLE RIAD BOUSKOURA,33.4602826,-7.6409591500000005,6676.703633621521,6.67670363362152,Clinic Lina
ECOLE ROYALE DES GENDARMES,33.62687095,-7.48070055,2582.9408445771987,2.5829408445771986,Hospital CNSS
EL AALIA,33.677875799999995,-7.39227105,12148.80448646435,12.14880448646435,Hôpital général de Casablanca Azhar-Bernoussi
EL FATH VICTORIA,33.423574650000006,-7.6769807,10930.66729800356,10.93066729800356,Clinic Lina
ESPACE LES PALMIERS,33.5824,-7.6261265,391.3150062492717,0.3913150062492717,Clinical Les Fleurs
ESPACE LES PALMIERS 2,33.5825444,-7.6261416,396.6595085450668,0.39665950854506676,Clinical Les Fleurs
ESSAFA,33.63555515,-7.4210597,7053.572039114776,7.053572039114776,Hôpital général de Casablanca Azhar-Bernoussi
ESSAFA 3,33.64033555,-7.413708850000001,7916.010374641707,7.916010374641707,Hôpital général de Casablanca Azhar-Bernoussi
FACULTE AIN CHOC,33.54219725,-7.601249749999999,383.9504564137649,0.3839504564137649,Polyclinique CNSS
FACULTE MEDECINE,33.57595335,-7.6212900999999995,209.43037931078837,0.20943037931078837,Hopital 20 Aout
FACULTE ROUTE D'EL JADIDA,33.5435964,-7.653195800000001,1715.516685123467,1.715516685123467,Hôpital du Cheikh Khalifa Ben Zayd Al-Nahyan
FARRAN LHALWA,33.54737055,-7.5465575000000005,1960.7409235154298,1.9607409235154298,Clinique Sidi Othmane
FERAILLE DE TIT MELLIL,33.5491426,-7.4618838,5904.590369305858,5.904590369305858,Hôpital général de Casablanca Azhar-Bernoussi
FERAILLE MEDIOUNA,33.452529049999995,-7.5190022,12186.300444919232,12.186300444919231,HOPITAL UNIVERSITAIRE DE PROXIMITE
FIRDAOUS II,33.56087385,-7.669306199999999,697.7722836880669,0.6977722836880669,Polyclinique CNSS Hay Hassani مصحة الضمان الإجتماعي الحي الحسني
FORCE AUXILIAIRE,33.59689725,-7.596364100000001,835.0039622906137,0.8350039622906137,ATLANTIC CLINIC CASABLANCA
FORET BOUSKOURA,33.48750955,-7.6340584499999995,3937.174918356913,3.9371749183569134,Clinic Lina
FORET OULAD SALH,33.44021305,-7.66050675,8867.117616922118,8.867117616922117,Clinic Lina
FORET RAYAN,33.4036543,-7.5563389999999995,15629.94074064409,15.62994074064409,Clinic Lina
FORET VERTE,33.56895145,-7.53378165,1080.8650699126483,1.0808650699126483,Hôpital Municipal sidi moumen Tacharouk
FOUM LAHCEN,33.5914155,-7.569358,1264.263825009559,1.264263825009559,Clinique Al Mouahhidine
FOUM LAHCEN 2,33.5915014,-7.569562,1277.5490934739264,1.2775490934739264,Clinique Al Mouahhidine
FOURRIERE BEN M'SIK,33.565637800000005,-7.5781279999999995,905.3567653522656,0.9053567653522656,Hôpital Sidi Othmane
GARE AIN SEBAA,33.60752755,-7.524237899999999,537.3980699881648,0.5373980699881649,clinique firdaous
GARE BOUSKOURA,33.4617686,-7.65260825,6439.142582292166,6.439142582292166,Clinic Lina
GARE DE CASA VOYAGEURS,33.589703150000005,-7.593106649999999,310.37228687165026,0.31037228687165025,ATLANTIC CLINIC CASABLANCA
GARE ONCF DE L'OASIS,33.555274299999994,-7.6308343,188.22524178634063,0.18822524178634062,Clinique Jerrada Oasis
GAREAGE ALLAL,33.57713565,-7.5997164999999995,963.6628976394546,0.9636628976394547,Akdital Clinique Ain Berja
GENDARMERIE AIN HARROUDA,33.636601799999994,-7.4493471499999995,5214.924503834761,5.2149245038347605,Hôpital général de Casablanca Azhar-Bernoussi
GENDARMERIE MY IDRISS I,33.5721171,-7.616903799999999,342.2983702043407,0.3422983702043407,International Clinic
GENERAL 1,33.62857895,-7.51627635,2208.789541953857,2.2087895419538572,Hôpital Privé de Casablanca Aîn Sebaâ
GRANDE POSTE,33.593115,-7.6191029,528.9496336246873,0.5289496336246873,مصحة تعاضدية رجال التعليم - كنوبس
GRANDE ZENATA,33.648647100000005,-7.4820129,4548.802510505443,4.548802510505443,Hospital CNSS
GREEN TOWN,33.4826185,-7.5908182,6449.485976113701,6.449485976113701,HOPITAL UNIVERSITAIRE DE PROXIMITE
GROUPE 3 MOULAY RACHID,33.56528575,-7.5429994,879.802446858849,0.879802446858849,المركز الصحي المسيرة 2 (المستوى التاني)
GROUPE 3 SIDI MOUMEN JDID,33.57910835,-7.54371705,553.3683302873903,0.5533683302873903,Clinique Bournazel
GROUPE 4 MOULAY RACHID,33.5677513,-7.5395271,866.6114517180816,0.8666114517180816,المركز الصحي المسيرة 2 (المستوى التاني)
GROUPE 5 MOULAY RACHID,33.571131,-7.53136465,754.3803431459662,0.7543803431459662,Hôpital Municipal sidi moumen Tacharouk
GROUPE 6 MOULAY RACHID,33.5716637,-7.5267949,436.397157762179,0.436397157762179,Hôpital Municipal sidi moumen Tacharouk
GROUPE SCOLAIRE ALAMJAD,33.543264,-7.6735081,1122.6960759618748,1.122696075961875,Hôpital du Cheikh Khalifa Ben Zayd Al-Nahyan
GROUPE SCOLAIRE ALAMJAD 2,33.5433414,-7.6734947,1114.4023182519609,1.114402318251961,Hôpital du Cheikh Khalifa Ben Zayd Al-Nahyan
HAJ FATEH,33.5425348,-7.6843562,1785.1383280403838,1.7851383280403839,hopital hassani
HAMAM SKOURA,33.568807199999995,-7.6895716499999995,1168.0105882275452,1.168010588227545,hopital hassani
HAMMAM EL FAN,33.5516522,-7.5812802,314.05783023126224,0.31405783023126227,Centre Hospitalier Préfectoral de Ben M'Sick
HAMMAM LHAJJA,33.569551399999995,-7.5600824499999995,723.3394035954256,0.7233394035954256,Clinique Al Amal
HAY ADIL,33.581022,-7.57004875,332.566533471467,0.332566533471467,Clinique Al Mouahhidine
HAY BARAKA,33.5730256,-7.5379513,836.398232574592,0.836398232574592,المركز الصحي المسيرة 2 (المستوى التاني)
HAY BARAKA_2,33.5727404,-7.5377039,857.7519789510128,0.8577519789510129,المركز الصحي المسيرة 2 (المستوى التاني)
HAY BIN LMDOUN,33.5571974,-7.6008563,872.8899552164117,0.8728899552164118,Hôpital Bouafi
HAY BOURNAZIL,33.5699866,-7.557753549999999,512.3642381238639,0.5123642381238639,Clinique Al Amal
HAY CHIFA,33.57230735,-7.58355025,1798.4201323118289,1.798420132311829,Hôpital Sidi Othmane
HAY CHRIFA,33.52924265,-7.592879699999999,1324.7562758547592,1.3247562758547593,HOPITAL UNIVERSITAIRE DE PROXIMITE
HAY CHRIFA II,33.53095695,-7.5995223,1073.231233272841,1.073231233272841,HOPITAL UNIVERSITAIRE DE PROXIMITE
HAY CHRIFA SANIA,33.535508,-7.60881905,1176.9026601866867,1.1769026601866868,HOPITAL UNIVERSITAIRE DE PROXIMITE
HAY DAKHLA,33.5724767,-7.6079444,702.5513051088265,0.7025513051088265,Clinique Hermitage
HAY EL BARAKA,33.5707589,-7.5347103,1037.7188884674408,1.0377188884674409,Hôpital Municipal sidi moumen Tacharouk
HAY EL BARAKA GH6,33.5679837,-7.6839145,1103.704964324954,1.1037049643249541,hopital hassani
HAY EL HANA,33.572569200000004,-7.669762199999999,414.8299894507544,0.4148299894507544,Clinique Yasmine
HAY EL MASSIRA,33.56316005,-7.548146,1041.8212177565952,1.041821217756595,المركز الصحي المسيرة 2 (المستوى التاني)
HAY EL WAHDA,33.54389865,-7.5434386,2438.3616815493,2.4383616815493,Clinique Sidi Othmane
HAY EL WAHDA MO,33.6822121,-7.3828964,13102.31121511748,13.10231121511748,Hôpital général de Casablanca Azhar-Bernoussi
HAY EL WAHDA MO 2,33.6820349,-7.3825221,13113.291982177016,13.113291982177016,Hôpital général de Casablanca Azhar-Bernoussi
HAY ENNASR 2,33.532397950000004,-7.5705068,2263.3751439069683,2.2633751439069685,Hôpital Sekkat
HAY ENNOUR,33.55214495,-7.55281305,1176.0698341296984,1.1760698341296985,Clinique Sidi Othmane
HAY HAKAM,33.58717845,-7.5952563,228.14902613155766,0.22814902613155766,Akdital Clinique Ain Berja
HAY INARA 2,33.5417171,-7.5937914,380.9459799317708,0.3809459799317708,Polyclinique CNSS
HAY JAMILA 2,33.54921815,-7.58697315,382.4038829667336,0.3824038829667336,Hôpital Sekkat
HAY JAMILA 4,33.5474925,-7.5707796,858.8764705570994,0.8588764705570994,Centre Hospitalier Préfectoral de Ben M'Sick
HAY JAMILA 4_2,33.5473455,-7.570638,879.3396853507552,0.8793396853507552,Centre Hospitalier Préfectoral de Ben M'Sick
HAY LMASJID 2,33.562001499999994,-7.60510895,443.68072640200955,0.44368072640200956,Complexe Medico-Social Al Wouroud
HAY MASJID 1,33.38424825,-7.538461,18176.62144476381,18.176621444763807,HOPITAL UNIVERSITAIRE DE PROXIMITE
HAY MOULAY RACHID,33.56800785,-7.5319754,1038.2739255331005,1.0382739255331006,Hôpital Municipal sidi moumen Tacharouk
HAY MOURAD,33.57489595,-7.56471625,618.6258187341269,0.6186258187341269,Clinique Al Mouahhidine
HAY NAIM,33.5663904,-7.5048734,2104.6454987625684,2.1046454987625682,Hôpital Municipal sidi moumen Tacharouk
HAY NAIM SIDI MOUMEN,33.56766795,-7.51172105,1486.6607174534995,1.4866607174534996,Hôpital Municipal sidi moumen Tacharouk
HAY NAJAH,33.5137178,-7.6511382999999995,680.0046706814531,0.6800046706814531,Clinic Lina
HAY NASSIM,33.519896,-7.665739,1313.6739267413393,1.3136739267413393,Clinic Lina
HAY NASSIM II,33.514157,-7.66593295,1473.2122734718334,1.4732122734718334,Clinic Lina
HAY RACHIDIA 1,33.68811925,-7.3780291,13884.186527442058,13.884186527442058,Hôpital général de Casablanca Azhar-Bernoussi
HAY RAJA,33.5759599,-7.54939365,85.88736839787607,0.08588736839787607,Clinique Bournazel
HAY SADRI,33.5722758,-7.554144300000001,96.12764159000335,0.09612764159000335,Clinique Al Amal
HAY SALAM 1,33.54835985,-7.672340650000001,582.7905155807972,0.5827905155807972,Hôpital du Cheikh Khalifa Ben Zayd Al-Nahyan
HAY SALAMA,33.5669089,-7.55763765,751.0991853358789,0.7510991853358789,Clinique Al Amal
HAY SALAMA ( MOHAMMEDIA ),33.700725500000004,-7.3788158,14860.696435922138,14.860696435922138,Hôpital général de Casablanca Azhar-Bernoussi
HAY TISSIR,33.5727588,-7.57902555,1422.3677252684895,1.4223677252684894,Clinique Al Mouahhidine
HOPITAL 20 AOUT,33.5741445,-7.6177886,182.02650343664183,0.18202650343664184,Hopital 20 Aout
HOPITAL AL HASSANI,33.560763550000004,-7.68512075,327.8554692478781,0.3278554692478781,hopital hassani
HOPITAL BOUAFI,33.55805785,-7.6072861,275.64083277401505,0.2756408327740151,Hôpital Bouafi
HOPITAL CHABAB,33.68949295,-7.3870892999999995,13418.901059708178,13.418901059708178,Hôpital général de Casablanca Azhar-Bernoussi
HOPITAL CHEIKH KHALIFA,33.551403199999996,-7.6681994,114.84011579225461,0.1148401157922546,Hôpital du Cheikh Khalifa Ben Zayd Al-Nahyan
HOPITAL EL MANSOUR,33.607480550000005,-7.50410915,87.85615850114552,0.08785615850114552,Hôpital AL mansour
HOPITAL MY ABDELLAH,33.698499999999996,-7.3833386999999995,14400.836652179327,14.400836652179327,Hôpital général de Casablanca Azhar-Bernoussi
HOPITAL SALMIA,33.5400798,-7.55772255,2217.0234212953214,2.2170234212953215,Clinique Sidi Othmane
IBNO CHAHID,33.5788009,-7.633824,344.0820059899513,0.3440820059899513,Clinique Maarif مصحة المعاريف
IMMEUBLE 400,33.58025615,-7.63492075,470.20614527524276,0.47020614527524274,Clinique Maarif مصحة المعاريف
INSTITUT AGRICOLE,33.6192913,-7.3438567500000005,13143.271320925358,13.143271320925358,Hôpital général de Casablanca Azhar-Bernoussi
INSTITUT PASTEUR,33.57422245,-7.6257904,202.16511582140214,0.20216511582140215,Institut Pasteur معهد باستور
INSTITUT TARIK BNOU ZIAD,33.535153,-7.5743846,1791.4546575582078,1.7914546575582078,Hôpital Sekkat
ISCAE,33.5270184,-7.6363958,1620.3234253025396,1.6203234253025396,Clinic Lina
ISTA BOULEVARD AFGHANISTAN,33.5690007,-7.6817551,1181.0614427899184,1.1810614427899184,Clinique Yasmine
ISTA HAY HASSANI,33.5697204,-7.6834798,1263.6303560367146,1.2636303560367146,Clinique Yasmine
JAMAL DORA,33.5392637,-7.5760422,1389.8421249594282,1.3898421249594282,Hôpital Sekkat
JAMAL DORA 2,33.5412799,-7.578593,1071.3027948305837,1.0713027948305838,Hôpital Sekkat
JARDIN 20 AOUT (GARE),33.69144245,-7.391026050000001,13343.338503343488,13.343338503343487,Hôpital général de Casablanca Azhar-Bernoussi
JARDIN AL MOSTAKBAL,33.52313505,-7.65171035,365.5977119677547,0.3655977119677547,Clinic Lina
JARDIN ALESCO,33.5500366,-7.567439800000001,1012.8169680075466,1.0128169680075467,Centre Hospitalier Préfectoral de Ben M'Sick
JARDIN ANASSI,33.589683199999996,-7.4949964,1115.8304640384,1.1158304640383998,HGC Hôpital Général de Casablanca
JARDIN EL WAHDA,33.6796338,-7.3856122,12722.371147640646,12.722371147640645,Hôpital général de Casablanca Azhar-Bernoussi
JARDIN EL WAHDA 2,33.6795354,-7.3854104,12728.099394218425,12.728099394218425,Hôpital général de Casablanca Azhar-Bernoussi
JARDIN LALLA MERIEM,33.55714115,-7.5581633,433.0718792028871,0.4330718792028871,Clinique Sidi Othmane
JARDIN LIGUE ARABE,33.58863505,-7.62053785,124.15303936285872,0.12415303936285872,Clinique les princes مصحة الأمراء
JARDIN MESBAHYATE,33.67311265,-7.3967227,11482.646559158986,11.482646559158987,Hôpital général de Casablanca Azhar-Bernoussi
JAWADI,33.55222805,-7.5838063,539.3588718093168,0.5393588718093169,Centre Hospitalier Préfectoral de Ben M'Sick
JAWHARAT AL MADINA,33.5578017,-7.52940945,1981.3563097483204,1.9813563097483204,Hôpital Municipal sidi moumen Tacharouk
JNANE OULFA,33.532113550000005,-7.67859865,2444.6075576498,2.4446075576498,Hôpital du Cheikh Khalifa Ben Zayd Al-Nahyan
JNANE SBIT,33.5518814,-7.4707881,5380.770175803164,5.380770175803164,Hôpital général de Casablanca Azhar-Bernoussi
KHAYRIAT SIDI OTHMAN,33.5655682,-7.5538601,777.1850907626895,0.7771850907626895,Clinique Al Amal
KIADAT MEDIOUNA,33.463352549999996,-7.52401615,10951.7876509388,10.951787650938801,HOPITAL UNIVERSITAIRE DE PROXIMITE
KISARIAT HAY MOHAMMADI,33.5859053,-7.563192000000001,701.5142233155041,0.7015142233155041,Clinique Al Mouahhidine
KISSARIAT AKHMASSI,33.5731507,-7.5977627000000005,1362.7414041104764,1.3627414041104764,Akdital Clinique Ain Berja
KISSARIAT AZIZA,33.58264345,-7.5580143500000005,838.4612171125152,0.8384612171125152,Clinique Al Mouahhidine
KOREA SEBATA,33.553343,-7.57039465,626.6047998258214,0.6266047998258214,Hopital Sidi Othmane
KRIMATE,33.5491197,-7.6232367,90.61866428351912,0.09061866428351913,Clinique Les Crêtes
L'AUBERGE,33.6514884,-7.476634,5042.4159728609,5.0424159728609,Hospital CNSS
L'EGLISE (ZERKTOUNI),33.58305705,-7.6158745,266.40769380975706,0.26640769380975704,Clinique Zarhoun
LA FERAILLE,33.5828432,-7.5821679500000005,1206.0693299762997,1.2060693299762997,ATLANTIC CLINIC CASABLANCA
LA GARE ROUTIERE,33.576194,-7.58599705,1409.7546236106314,1.4097546236106313,Akdital Clinique Ain Berja
LA MORGUE AIN CHOK,33.5547777,-7.592511549999999,558.2585843450104,0.5582585843450104,Centre de Santé Derb el Kheir
LA MORGUE RAHMA,33.535065,-7.7248064,4340.1163805062015,4.340116380506202,hopital hassani
LA POSTE TIT MELLIL,33.55619,-7.483435,4393.08306469156,4.39308306469156,Hôpital Municipal sidi moumen Tacharouk
LAAOUINA LHARRA,33.6002858,-7.6396403,615.5598009937568,0.6155598009937567,Clinique Badr مصحة بدر
LAAOUINA MAARIF,33.576931099999996,-7.63808395,256.41860238252514,0.2564186023825251,Clinique Maarif مصحة المعاريف
LABRAHMA,33.668839250000005,-7.3805253,12278.027756982061,12.27802775698206,Hôpital général de Casablanca Azhar-Bernoussi
LAHRAOUIYINE,33.5467448,-7.5303325,3202.5971007128255,3.2025971007128256,Hôpital Municipal sidi moumen Tacharouk
LALLA MERYEM,33.55847785,-7.5609135,160.09963000368396,0.16009963000368396,Clinique Sidi Othmane
LES ARENES,33.5899786,-7.6386898,74.57056011335276,0.07457056011335275,Clinique Al Massira مصحة المسيرة
LES JARDAINS D'ERRAHMA,33.5348245,-7.7231808,4236.468359038082,4.236468359038082,hopital hassani
LES JARDINS DE BALI,33.5589918,-7.625481000000001,340.64680835739557,0.3406468083573956,Clinique Taha مصحة طه
LFARFARA,33.5431683,-7.7101858,2716.253690342777,2.716253690342777,hopital hassani
LHALHAL,33.51559985,-7.5156697,6495.463771308856,6.495463771308856,Clinique Sidi Othmane
LHJAJMA,33.59467275,-7.6456058,418.83130053057425,0.41883130053057427,Clinique Badr مصحة بدر
LISSASFA 1,33.5342013,-7.66943655,2023.4625831666988,2.023462583166699,Hôpital du Cheikh Khalifa Ben Zayd Al-Nahyan
LISSASFA 2,33.52879405,-7.6785071,2689.271864098523,2.689271864098523,Clinic Lina
LOMOU,33.5339478,-7.7662303999999995,7814.034211909259,7.814034211909259,hopital hassani
LOTISEMENT FARAH ESSALAM,33.53822065,-7.69537985,2364.0668483411323,2.3640668483411322,hopital hassani
LOTISSEMENT EL BAIDA II,33.562253049999995,-7.5339057,1659.9020331886647,1.6599020331886647,المركز الصحي المسيرة 2 (المستوى التاني)
LOTISSEMENT EL MANZAH,33.55949885,-7.53835245,1647.4704464790686,1.6474704464790686,المركز الصحي المسيرة 2 (المستوى التاني)
LOTISSEMENT FARAH ESSALAM 1,33.5364952,-7.6975849,2613.798080945819,2.613798080945819,hopital hassani
LOTISSEMENT FARAH ESSALAM 1 2,33.5351414,-7.6985308,2785.7273904767744,2.7857273904767745,hopital hassani
LOTISSEMENT MALAK 1,33.686735600000006,-7.34732715,15923.817658264596,15.923817658264596,Hôpital général de Casablanca Azhar-Bernoussi
LOTISSEMENT RACHAD,33.492777649999994,-7.5381952000000005,7538.458966349593,7.538458966349593,Hôpital Sekkat
LOTISSEMENT SAKLIA,33.565490600000004,-7.6940199,999.0834804979257,0.9990834804979257,hopital hassani
LOTISSEMENT SEQUIA,33.5625765,-7.718367450000001,2918.9522156014373,2.918952215601437,hopital hassani
LWIZYA II,33.6826401,-7.3422424,16034.383750463528,16.03438375046353,Hôpital général de Casablanca Azhar-Bernoussi
LYCEE ABDELKHALEK TORRES,33.59316725,-7.50815585,1358.4877036565886,1.3584877036565886,Clinique Adoha
LYCEE ABDELLAH IBRAHIM,33.5300416,-7.524936,4739.349100490076,4.7393491004900765,Clinique Sidi Othmane
LYCEE ABDELLAH IBRAHIM_2,33.5301636,-7.5247508,4742.3123472928555,4.742312347292856,Clinique Sidi Othmane
LYCEE ALAKHYAR,33.54684935,-7.57531625,657.4955245632898,0.6574955245632897,Centre Hospitalier Préfectoral de Ben M'Sick
LYCEE ALIDRISSI,33.5567458,-7.5835932,713.1974305532194,0.7131974305532194,Centre Hospitalier Préfectoral de Ben M'Sick
LYCEE BEN KHALDOUN,33.6770325,-7.3891158,12288.56153566341,12.28856153566341,Hôpital général de Casablanca Azhar-Bernoussi
LYCEE BEN KHALDOUN 2,33.6769057,-7.3889042,12292.696500557298,12.292696500557298,Hôpital général de Casablanca Azhar-Bernoussi
LYCEE CHAOUKI,33.584319300000004,-7.627472,589.4522983026156,0.5894522983026157,Clinical Les Fleurs
LYCEE EL BAROUDI,33.6044334,-7.55368395,1294.2268040727672,1.2942268040727671,clinique ain saba3
LYCEE EL WALLADA,33.58852295,-7.64251625,385.0094884625284,0.3850094884625284,Clinique Maghreb مصحة المغرب
LYCEE FECHTALI,33.5586372,-7.6787489,795.1172871700218,0.7951172871700217,hopital hassani
LYCEE IBNO HAZM,33.5615844,-7.576295399999999,437.0678172096889,0.4370678172096889,Hôpital Sidi Othmane
LYCEE JABER BNOU HAYAN,33.5875434,-7.604545399999999,785.2920316572307,0.7852920316572307,Akdital Clinique Ain Berja
LYCEE LAHLOU,33.57213835,-7.62307255,142.98862616687356,0.14298862616687355,Polyclinique de la Sécurité sociale
LYCEE LOUIS MASSIGNON,33.47858265,-7.62199205,5337.072901744595,5.337072901744595,Clinic Lina
LYCEE LYAUTEY,33.5959877,-7.631371,427.27399478665035,0.42727399478665035,Polyclinique CNSS Ziraoui
LYCEE MOHAMED V,33.5782542,-7.6152508,297.2185738908976,0.29721857389089756,Clinique Mersultan
LYCEE MOULAY ABDELLAH,33.56196775,-7.6131139,256.3124789635721,0.2563124789635721,Clinique Le Parc
LYCEE TECHNIQUE MOHAMMEDIA,33.706477750000005,-7.36443255,16225.391877234822,16.225391877234824,Hôpital général de Casablanca Azhar-Bernoussi
M'SALLA AIN CHOK,33.5485998,-7.5996191,277.7826871827865,0.2777826871827865,Clinique Ain Chock
M'SALLA MOHAMMEDIA,33.69331655,-7.37457645,14519.660200136876,14.519660200136876,Hôpital général de Casablanca Azhar-Bernoussi
M'SALLA QODS,33.62476735,-7.48418415,2188.96226187706,2.18896226187706,Hospital CNSS
MAAGUIZ,33.614197000000004,-7.5083268,795.6138559797388,0.7956138559797388,Hospital CNSS
MAARIF EXTENTION,33.563950950000006,-7.62973075,248.05498223856515,0.24805498223856515,Clinique Abdelmoumen
MAATI BEN SALEH,33.5723158,-7.608469,652.4823720935442,0.6524823720935442,Clinique Hermitage
MADAME CHOUAL,33.56461535,-7.7147627,2638.3980789242864,2.6383980789242862,hopital hassani
MADAME LOULA,33.56809725,-7.70793045,2192.837470439998,2.192837470439998,hopital hassani
MAISON DES JEUNES ZERKTOUNI,33.5997692,-7.6388126,583.1600482867136,0.5831600482867136,Clinique Badr مصحة بدر
MAISON DES JEUNES ZERKTOUNI 2,33.5999124,-7.639079,589.6656309667637,0.5896656309667637,Clinique Badr مصحة بدر
MAISON DES SOEURS,33.5580292,-7.63638265,138.4074651759389,0.1384074651759389,Clinique Attal
MARASSI TIT MELLIL,33.5539045,-7.4773543,5010.060861038715,5.010060861038715,Hôpital Municipal sidi moumen Tacharouk
MARCHE AIN CHOC,33.5469384,-7.596204800000001,551.4524176384778,0.5514524176384777,Centre de Santé Derb el Kheir
MARCHE DE BOIS,33.5607708,-7.5945619,1248.2464357879946,1.2482464357879945,Centre de Santé Derb el Kheir
MARCHE DE GROS,33.55421475,-7.56316495,638.4855567938964,0.6384855567938964,Clinique Sidi Othmane
MARCHE DE GROS 1,33.590145199999995,-7.59659245,526.825640773448,0.526825640773448,Akdital Clinique Ain Berja
MARCHE DE GROS ERRAHMA,33.5373737,-7.719195,3770.8528935868735,3.7708528935868735,hopital hassani
MARCHE DES DATTES,33.5699811,-7.5793143,1385.6617723758914,1.3856617723758913,Hôpital Sidi Othmane
MARCHE DES DATTES 2,33.569898,-7.5788033,1358.7024431877219,1.358702443187722,Hôpital Sidi Othmane
MARCHE DES FLEURS,33.58273585,-7.6191378,296.51875151262436,0.29651875151262436,Clinical Les Fleurs
MARCHE DES POULETS,33.595292650000005,-7.572690400000001,1697.8890789292889,1.6978890789292889,ATLANTIC CLINIC CASABLANCA
MARCHE OASIS,33.55707665,-7.63437995,202.44322493530632,0.2024432249353063,Clinique Jerrada Oasis
MARINA,33.6060646,-7.6210634,1112.1700245008149,1.1121700245008148,Hôpital Moulay Youssef مستشفى مولاي يوسف
MARINA CASA,33.6058173,-7.6209021,1117.463715758533,1.117463715758533,Hôpital Moulay Youssef مستشفى مولاي يوسف
MASJID FIRDAOUSS,33.6017178,-7.5113391,822.621473355806,0.8226214733558059,clinique firdaous
METRO,33.5377207,-7.6437602,1556.4994282358273,1.5564994282358273,Clinique Californie
MIMOSAS,33.61253065,-7.5309865,79.80237854373621,0.07980237854373622,Hôpital Privé de Casablanca Aîn Sebaâ
MORABITINE,33.6813038,-7.39198775,12442.219317763975,12.442219317763975,Hôpital général de Casablanca Azhar-Bernoussi
MOROCCO MALL,33.58018625,-7.7032776,2584.8584346300613,2.5848584346300614,Clinic Guess
MOSQUEE  DOHA,33.5704825,-7.635866500000001,504.38484988625913,0.5043848498862591,Clinique Riviera
MOSQUEE AB HORAIRA,33.573535199999995,-7.5281629500000005,357.68445237276313,0.35768445237276314,Hôpital Municipal sidi moumen Tacharouk
MOSQUEE ABIR,33.5823083,-7.5380041,974.7684705206386,0.9747684705206386,clinique Elmouahidin
MOSQUEE ADARISSA,33.5157005,-7.64111215,1076.1382640008496,1.0761382640008497,Clinic Lina
MOSQUEE AFGHANISTAN,33.57297534999999,-7.67272935,322.8703477259803,0.32287034772598033,Clinique Yasmine
MOSQUEE AHL LOGHLAM,33.59792715,-7.4958404000000005,637.5771191251221,0.637577119125122,HGC Hôpital Général de Casablanca
MOSQUEE AIN CHOC,33.5536569,-7.60004575,551.4274222359309,0.5514274222359309,Clinique Ain Chock
MOSQUEE AL ANSAR,33.52920555,-7.5283586,4584.971222936203,4.584971222936203,Clinique Sidi Othmane
MOSQUEE AL FADL,33.5556841,-7.51360035,2412.3153674386044,2.4123153674386044,Hôpital Municipal sidi moumen Tacharouk
MOSQUEE AL FALAH,33.613119299999994,-7.493738199999999,706.0458641300213,0.7060458641300214,Hospital CNSS
MOSQUEE AL IRAQUI,33.5126395,-7.70089425,4647.703321609779,4.647703321609779,Clinic Lina
MOSQUEE AL MAGHFIRA,33.6104209,-7.51677325,640.3573913740557,0.6403573913740558,clinique firdaous
MOSQUEE ALGERIE,33.6055996,-7.5084618,535.7149797546907,0.5357149797546907,Hôpital AL mansour
MOSQUEE ANNOUR,33.5259565,-7.5215724999999996,5280.048843399107,5.280048843399107,Clinique Sidi Othmane
MOSQUEE AZHAR,33.5423636,-7.6922162,1840.1390522227996,1.8401390522227996,hopital hassani
MOSQUEE BAB TAOUBA,33.568042250000005,-7.52541705,802.8696996254413,0.8028696996254413,Hôpital Municipal sidi moumen Tacharouk
MOSQUEE BACHKOU,33.55884235,-7.6294467,204.13390386093582,0.20413390386093583,Akdital oasis
MOSQUEE BADR,33.595510399999995,-7.63812615,268.12345163536156,0.26812345163536155,Polyclinique CNSS Ziraoui
MOSQUEE BASATINE,33.6645306,-7.35810365,13698.57517367603,13.69857517367603,Hôpital général de Casablanca Azhar-Bernoussi
MOSQUEE EL BATHA,33.56587945,-7.64439125,317.24546289665295,0.31724546289665295,Clinique Orl Beausejour
MOSQUEE EL FATH,33.54455325,-7.679087750000001,1324.0506538522152,1.3240506538522152,Hôpital du Cheikh Khalifa Ben Zayd Al-Nahyan
MOSQUEE EL HODA,33.57048565,-7.6128175,218.42002031286643,0.21842002031286642,Clinique Hermitage
MOSQUEE EL HOSNA B,33.54385995,-7.583610350000001,525.2751139235526,0.5252751139235525,Hôpital Sekkat
MOSQUEE EL KAOUTAR,33.571613600000006,-7.5938044,1548.044744689026,1.548044744689026,Akdital Clinique Ain Berja
MOSQUEE EL WAHDA,33.60882355,-7.54519555,426.85308511263503,0.42685308511263503,clinique ain saba3
MOSQUEE ELFATH,33.663204199999996,-7.36479065,13095.979153563347,13.095979153563347,Hôpital général de Casablanca Azhar-Bernoussi
MOSQUEE HASSAN II,33.605424400000004,-7.62958575,397.2629892391865,0.39726298923918646,Hôpital Moulay Youssef مستشفى مولاي يوسف
MOSQUEE HAY EL FARAH,33.57158885,-7.5881743,1713.916125993729,1.713916125993729,Akdital Clinique Ain Berja
MOSQUEE KAOUTAR,33.5745906,-7.6821368,947.883421191391,0.947883421191391,Clinic Guess
MOSQUEE LISSASFA,33.5346171,-7.67023465,1982.51923803761,1.98251923803761,Hôpital du Cheikh Khalifa Ben Zayd Al-Nahyan
MOSQUEE LMZABIENNE,33.5268583,-7.591377100000001,1621.095039671779,1.621095039671779,HOPITAL UNIVERSITAIRE DE PROXIMITE
MOSQUEE MALI,33.68776205,-7.39141255,13009.867310810596,13.009867310810597,Hôpital général de Casablanca Azhar-Bernoussi
MOSQUEE MSALLA,33.5455989,-7.6022891,393.6625680682999,0.3936625680682999,Clinique Ain Chock
MOSQUEE NASSIM,33.519789349999996,-7.6615195499999995,921.8246111394673,0.9218246111394672,Clinic Lina
MOSQUEE NOUZHA,33.4448615,-7.5140275,13144.708078339656,13.144708078339656,HOPITAL UNIVERSITAIRE DE PROXIMITE
MOSQUEE OMAR IBN AL KHATTAB,33.385909850000004,-7.68558825,15181.42420923193,15.18142420923193,Clinic Lina
MOSQUEE OULAD SALH,33.40089925,-7.678596199999999,13423.77265756677,13.423772657566769,Clinic Lina
MOSQUEE OULD EL HAMRA,33.6025598,-7.6184164,1238.3816188000128,1.2383816188000127,مصحة تعاضدية رجال التعليم - كنوبس
MOSQUEE QODS,33.61072285,-7.4974025,315.3647867147153,0.3153647867147153,Polyclinique ِCNSS Sidi Bernoussi
MOSQUEE QUARTIER INDUSTRIEL,33.6298437,-7.49699,2146.163955033322,2.1461639550333222,Hospital CNSS
MOSQUEE ROI ABDALLAH,33.46811925,-7.65602535,5749.10017910372,5.74910017910372,Clinic Lina
MOSQUEE SONNA,33.5614956,-7.6090044500000005,127.95141643522562,0.12795141643522562,Complexe Medico-Social Al Wouroud
MOSQUEE TAHA,33.55132675,-7.6123892,358.61475157439537,0.3586147515743954,Avicenne Clinique des Spécialistes
MOSQUEE TAMARIS,33.499484100000004,-7.86744105,17958.565348324093,17.958565348324093,hopital hassani
MOSQUEE YACOUT,33.5497262,-7.59040505,90.80871503601382,0.09080871503601383,Centre de Santé Derb el Kheir
MSALLA DE AIN CHOK1,33.5466314,-7.5998108,376.5087024883544,0.3765087024883544,Clinique Ain Chock
MUNICIPALITE DEROUA,33.375407499999994,-7.541394,19008.883504774967,19.008883504774968,Clinic Lina
MUNICIPALITE NOUACEUR,33.3728415,-7.549269600000001,18869.914364028955,18.869914364028954,Clinic Lina
NEJMET SIDI MOUMEN,33.58397135,-7.50615275,1990.5346566139206,1.9905346566139206,Hôpital Municipal sidi moumen Tacharouk
OFFICE AGRICOLE,33.4535939,-7.50985295,12595.033272072791,12.595033272072792,Hôpital Sekkat
OFPPT AIN BORJA,33.58025805,-7.591622299999999,726.4437382029058,0.7264437382029059,Akdital Clinique Ain Berja
OFPPT AIN SEBAA,33.60915495,-7.52925455,367.5100296239682,0.36751002962396817,Hôpital Privé de Casablanca Aîn Sebaâ
OFPPT BOULEVARD BAHMAD,33.58747925,-7.594106099999999,319.41503131546494,0.31941503131546495,Akdital Clinique Ain Berja
OFPPT DERB GHALLEF,33.569979950000004,-7.63123035,446.26970582471955,0.44626970582471953,Clinique Hamdani
OFPPT EL HANK,33.6027761,-7.6456295999999995,972.2434498808851,0.9722434498808851,Clinique Badr مصحة بدر
OFPPT ROUTE MARRAKECH,33.522611850000004,-7.63459645,1608.1174200868095,1.6081174200868096,Clinic Lina
OFPPT SIDI MOUMEN,33.574802250000005,-7.5223136,246.93544324092161,0.24693544324092162,Hôpital Municipal sidi moumen Tacharouk
ONEP BOUSKOURA,33.49443665,-7.6298449,3465.976883008922,3.465976883008922,Clinic Lina
ORPHELINAT DE AIN CHOC,33.549314550000005,-7.59432725,280.0679040645541,0.2800679040645541,Centre de Santé Derb el Kheir
OUED EL MALEH,33.6518309,-7.405701049999999,9277.163002384295,9.277163002384295,Hôpital général de Casablanca Azhar-Bernoussi
OUED HASSAR,33.538032599999994,-7.41978005,9000.375992703468,9.000375992703468,Hôpital général de Casablanca Azhar-Bernoussi
OUED NASSIM,33.521427149999994,-7.664942399999999,1252.1112965152845,1.2521112965152845,Clinic Lina
OULED BA HMAD,33.614942549999995,-7.3500931000000005,12497.464497423234,12.497464497423234,Hôpital général de Casablanca Azhar-Bernoussi
OULED HARRES,33.5779613,-7.5678050500000005,278.018653959188,0.278018653959188,Clinique Al Mouahhidine
OULED ISSA,33.47132665,-7.77530085,12652.113834862956,12.652113834862956,hopital hassani
OULED TALEB,33.536371450000004,-7.61765265,1575.0017854418286,1.5750017854418286,Clinique Les Crêtes
OULFA PRESTIGE,33.5416893,-7.712636,2996.3799894601043,2.996379989460104,hopital hassani
OUM RAYAT,33.6626636,-7.3719108,12512.170767063815,12.512170767063814,Hôpital général de Casablanca Azhar-Bernoussi
P3003 SIDI MOUSSA,33.5680342,-7.377784999999999,10401.089980908895,10.401089980908894,Hôpital général de Casablanca Azhar-Bernoussi
P3011 BOUSKOURA,33.45516325,-7.650175750000001,7172.01246651095,7.1720124665109495,Clinic Lina
PALAIS ATLAS,33.56727875,-7.509441000000001,1687.5539585262027,1.6875539585262027,Hôpital Municipal sidi moumen Tacharouk
PALAIS DES AMBASSADES,33.5252732,-7.683794600000001,3050.4441611524016,3.050444161152402,Clinic Lina
PALAIS ROYAL AIN GUEDDID,33.55886685,-7.72434285,3437.8245675035055,3.4378245675035055,hopital hassani
PALMIER,33.5797185,-7.63234355,503.29750451858604,0.503297504518586,Clinique Maarif مصحة المعاريف
PALMIER ABDELMOUMEN,33.5814931,-7.624306000000001,212.10535089953711,0.2121053508995371,Clinical Les Fleurs
PANORAMIQUE,33.5527752,-7.6070088,138.33313719229278,0.1383331371922928,Ajial Hôpital Pédiatrique
PARC (MOH),33.705765549999995,-7.39748045,14239.507415848528,14.239507415848527,Hospital CNSS
PARC HAY HASSANI,33.5706132,-7.6782154,817.4649037473347,0.8174649037473347,Clinique Yasmine
PARC INDUSTRIEL,33.442585699999995,-7.650869,8565.566469704077,8.565566469704077,Clinic Lina
PARC LE LAC,33.602492749999996,-7.6361174,303.60601098632065,0.3036060109863207,مستشفى مولاي الحسن
PARK DE BOUSKOURA,33.4737668,-7.6176512,6002.90137382241,6.00290137382241,Clinic Lina
PARK.BOUS,33.4744537,-7.6173649,5952.3859323823535,5.952385932382353,Clinic Lina
PEAGE NOUACEUR,33.3910894,-7.6077242,14845.582435752238,14.845582435752238,Clinic Lina
PENETRATION AZBANE,33.53052745,-7.66533535,1741.4905057014764,1.7414905057014765,Clinic Lina
PEPINIERE BOUSKOURA,33.48834895,-7.674313,4079.6218203482426,4.079621820348243,Clinic Lina
PEPINIERE DAR BOUAZZA,33.516017950000005,-7.8095832,12288.804252109781,12.288804252109781,hopital hassani
PEPINIERE DERB GHALLEF,33.573941950000005,-7.6348262,242.31293934853562,0.24231293934853562,Clinique Maarif مصحة المعاريف
PEPINIERE OASIS,33.5619225,-7.6285191,156.83083924967949,0.1568308392496795,Akdital oasis
PEPINIERE ORIKA,33.51565185,-7.632687349999999,1816.158825215025,1.816158825215025,Clinic Lina
PETIT ZENATA,33.64178845,-7.4966832,3462.3646569047537,3.4623646569047537,Hospital CNSS
PHARE EL HANK,33.606703949999996,-7.65114895,1135.9869884268626,1.1359869884268625,Clinique Andalouss مصحة الاندلس
PHARMACIE AL ATFAL,33.5522228,-7.6896919,724.3122329771105,0.7243122329771106,hopital hassani
PLACE SIDI MOHAMED,33.453753750000004,-7.51702555,12189.781442352929,12.18978144235293,HOPITAL UNIVERSITAIRE DE PROXIMITE
PLAGE LALLA MERIEM,33.60321355,-7.6600216,867.2070067142074,0.8672070067142074,Clinique Andalouss مصحة الاندلس
PLAGE OULAD HMIMOUN,33.66876105,-7.4414309,8466.851215922692,8.466851215922691,Hospital CNSS
PLAGE PALOMA,33.660063300000004,-7.4606333,6616.139370945517,6.6161393709455165,Hospital CNSS
PLAGE RAHA,33.61850035,-7.54340335,676.7152205244114,0.6767152205244114,clinique ain saba3
PLAGE SAADA,33.61948695,-7.53464425,891.2629687382184,0.8912629687382184,Hôpital Privé de Casablanca Aîn Sebaâ
POLE URBAIN NOUACEUR,33.38303645,-7.55206015,17766.016598583847,17.766016598583846,Clinic Lina
POLYCLINIQUE CNSS BERNOUSSI,33.611322900000005,-7.50163075,99.47439369809544,0.09947439369809544,Hospital CNSS
POLYCLINIQUE CNSS INARA,33.53981895,-7.5985092000000005,111.2425636051889,0.1112425636051889,HOPITAL UNIVERSITAIRE DE PROXIMITE
POLYCLINIQUE CNSS OUM RABIA,33.5672306,-7.66761,79.32923022255343,0.07932923022255343,Polyclinique CNSS Hay Hassani مصحة الضمان الإجتماعي الحي الحسني
PONT ANOUAL,33.57063145,-7.5779511,1408.1600376433455,1.4081600376433454,Hôpital Sidi Othmane
PONT AUTOROUTE A1,33.53694435,-7.53898845,3289.8108803522514,3.289810880352251,Clinique Sidi Othmane
PONT ONCF,33.6465108,-7.4452061,6331.347979153657,6.331347979153658,Hôpital général de Casablanca Azhar-Bernoussi
POSTE DE POLICE BOUTALEB,33.57310375,-7.68529005,1269.2286058152724,1.2692286058152724,Clinic Guess
POSTE DE POLICE GARE ROUTIERE,33.5749484,-7.590249,1294.6299042454543,1.2946299042454543,Akdital Clinique Ain Berja
POSTE MAROC (ZOLA),33.59569234999999,-7.59387605,587.2146749083144,0.5872146749083144,ATLANTIC CLINIC CASABLANCA
PREFECTURE MEDIOUNA,33.55969935,-7.489959,3675.2681717452256,3.6752681717452256,Hôpital Municipal sidi moumen Tacharouk
PREFECTURE NOUACER,33.4659907,-7.638593999999999,6091.244638572062,6.091244638572062,Clinic Lina
PRESTIGIA,33.474291750000006,-7.6094171500000005,6391.545318960514,6.391545318960514,Clinic Lina
PRISON OKACHA,33.6075703,-7.55799645,1448.752968884811,1.448752968884811,clinique ain saba3
PROJET SALAM,33.5889526,-7.48613395,1080.8571870190337,1.0808571870190338,HGC Hôpital Général de Casablanca
PROMENADE MARITIME,33.60372635,-7.6416464,713.1217210031733,0.7131217210031733,مستشفى مولاي الحسن
PROTECTION CIVIL AIN SEBAA,33.606148250000004,-7.5505453,953.4820767078724,0.9534820767078723,clinique ain saba3
PROTECTION CIVIL BOUSKOURA,33.43259645,-7.63963535,9736.432488764374,9.736432488764374,Clinic Lina
PROTECTION CIVIL EL QODS,33.62198275,-7.4877783,1735.0835890743288,1.7350835890743288,Hospital CNSS
PROTECTION CIVIL MOHAMMEDIA,33.68259655,-7.40821425,11582.8849922104,11.5828849922104,Hôpital général de Casablanca Azhar-Bernoussi
PROTECTION CIVILE,33.54816575,-7.62219445,231.0080486232068,0.2310080486232068,Clinique Les Crêtes
PTT BIR ANZARAN,33.580122450000005,-7.6369367,374.60139593934633,0.3746013959393463,Hôpital Privé International de Casablanca المستشفى الخاص الدولي للدار البيضاء
PTT HAY ALAMAL,33.56787875,-7.59067535,1916.3744876056776,1.9163744876056776,Hôpital Sidi Othmane
PTT ROUDANI,33.57024775,-7.64339965,178.51237068191617,0.17851237068191617,Clinique Orl Beausejour
QADI TAZI (SOS),33.67825585,-7.396392649999999,11916.746063785271,11.91674606378527,Hôpital général de Casablanca Azhar-Bernoussi
QUARTIER ANFA MOHAMMEDIA,33.69092825,-7.37070845,14585.701679872338,14.585701679872338,Hôpital général de Casablanca Azhar-Bernoussi
QUARTIER DRISSIA,33.563761650000004,-7.5919787,1545.3046170651376,1.5453046170651377,Centre de Santé Derb el Kheir
QUARTIER INDUSTRIEL MEDIOUNA,33.539895900000005,-7.49401765,4859.000102010078,4.859000102010078,Hôpital Municipal sidi moumen Tacharouk
QUARTIER NASSIM,33.678776049999996,-7.400422,11710.061989658358,11.710061989658358,Hôpital général de Casablanca Azhar-Bernoussi
QUARTIER POLO,33.55400275,-7.6033806,500.0120241526853,0.5000120241526853,Ajial Hôpital Pédiatrique
QUARTIER TAKADOUM,33.585623999999996,-7.5677801,605.9001099702245,0.6059001099702246,Clinique Al Mouahhidine
RACHAD,33.5664776,-7.6091434,537.0857223559448,0.5370857223559448,Clinique Hermitage
RESIDENCE ABOUAB OUM RABIA,33.5605932,-7.67234265,809.2850836792992,0.8092850836792992,Polyclinique CNSS Hay Hassani مصحة الضمان الإجتماعي الحي الحسني
RESIDENCE ABWAB SALAM,33.5812065,-7.47814005,2059.3499758122693,2.0593499758122693,Hôpital général de Casablanca Azhar-Bernoussi
RESIDENCE AL AMANE,33.595158,-7.539236799999999,999.9170109024924,0.9999170109024924,clinique Elmouahidin
RESIDENCE AL AMANE 2,33.593763300000006,-7.5449771000000005,635.6542633085079,0.6356542633085079,clinique Elmouahidin
RESIDENCE AL BADR,33.59907015,-7.5331348,1053.256290401052,1.053256290401052,Clinique Adoha
RESIDENCE AL BAIDA EL QODS,33.6144009,-7.4879167,1262.075454110977,1.262075454110977,Polyclinique ِCNSS Sidi Bernoussi
RESIDENCE AL FADL,33.55338625,-7.51766035,2518.1894900583384,2.5181894900583384,Hôpital Municipal sidi moumen Tacharouk
RESIDENCE AL FAJR,33.504924599999995,-7.7140932,6035.650413136464,6.035650413136463,Clinic Lina
RESIDENCE AL FIRDAOUS,33.55833495,-7.66807775,655.3310911803413,0.6553310911803414,Hôpital du Cheikh Khalifa Ben Zayd Al-Nahyan
RESIDENCE AL HOUDA,33.58210605,-7.524422400000001,759.1884780804894,0.7591884780804894,Hôpital Municipal sidi moumen Tacharouk
RESIDENCE AL MAWLID,33.55272935,-7.62336075,362.95550413755313,0.3629555041375531,Clinique Les Crêtes
RESIDENCE AL WIFAK,33.596673800000005,-7.53663155,1284.5402869944846,1.2845402869944846,clinique Elmouahidin
RESIDENCE ALASSIL,33.5932976,-7.5611464,982.7871703424245,0.9827871703424245,Hôpital Mohammed V مستشفى محمد الخامس
RESIDENCE ALKIMA,33.59252125,-7.50119295,1306.4604695750324,1.3064604695750324,HGC Hôpital Général de Casablanca
RESIDENCE ANDALOUS,33.664424600000004,-7.3993973,10633.56324817057,10.63356324817057,Hôpital général de Casablanca Azhar-Bernoussi
RESIDENCE ANNACER,33.568967549999996,-7.59606645,1566.2027095529081,1.566202709552908,Complexe Medico-Social Al Wouroud
RESIDENCE ASSALAM,33.58547245,-7.5814331,1049.5718483779788,1.0495718483779788,ATLANTIC CLINIC CASABLANCA
RESIDENCE BAB EL BAIDA 1,33.6164929,-7.48290405,1778.3128880657512,1.7783128880657513,Polyclinique ِCNSS Sidi Bernoussi
RESIDENCE BACHKOU,33.5329311,-7.647221350000001,1507.2750417082943,1.5072750417082943,Clinic Lina
RESIDENCE BASSATIN ALOULFA,33.5477901,-7.702248900000001,1821.6079714431874,1.8216079714431874,hopital hassani
RESIDENCE BASSATIN ALOULFA_ 2,33.5437127,-7.697366000000001,1881.233341973144,1.881233341973144,hopital hassani
RESIDENCE BOUAARFA,33.60076275,-7.6362518999999995,420.2028861797879,0.4202028861797879,Hôpital Moulay Youssef مستشفى مولاي يوسف
RESIDENCE CHARAF,33.5856615,-7.527034499999999,1168.7025139606346,1.1687025139606346,Hôpital Municipal sidi moumen Tacharouk
RESIDENCE CHIFAE,33.583428350000005,-7.6318338,616.1897075138025,0.6161897075138025,Clinique Racine مصحة راسين
RESIDENCE DANDOUN,33.5147437,-7.6462561,751.5788737040447,0.7515788737040446,Clinic Lina
RESIDENCE DES OLIVIERS,33.5861199,-7.50272075,1864.7990376143155,1.8647990376143155,HGC Hôpital Général de Casablanca
RESIDENCE EL AHALI,33.5165463,-7.6543075,443.63517649319573,0.4436351764931957,Clinic Lina
RESIDENCE EL ALIA,33.5717126,-7.4822258,3025.187093431979,3.025187093431979,HGC Hôpital Général de Casablanca
RESIDENCE EL BAIDA,33.59380675,-7.4987920500000005,1042.3461015416933,1.0423461015416933,HGC Hôpital Général de Casablanca
RESIDENCE EL BAIDA EL QODS,33.6143474,-7.4880647,1247.1691373340473,1.2471691373340472,Polyclinique ِCNSS Sidi Bernoussi
RESIDENCE EL HADIKA,33.60330745,-7.5288891499999995,912.8748704541313,0.9128748704541313,clinique firdaous
RESIDENCE EL HAMD,33.556337549999995,-7.5439591,1679.0817053692836,1.6790817053692835,Clinique Sidi Othmane
RESIDENCE EL HORRIA,33.68997305,-7.3779145,14038.174122459975,14.038174122459976,Hôpital général de Casablanca Azhar-Bernoussi
RESIDENCE EL HOSSAINI,33.57709215,-7.6388929,332.83904016644635,0.33283904016644633,Clinique Maarif مصحة المعاريف
RESIDENCE EL KAWTAR,33.5944868,-7.51169045,1001.6817090501191,1.001681709050119,Clinique Adoha
RESIDENCE EL MAJD,33.57074315,-7.6346712,510.1100013879996,0.5101100013879996,Clinique Hamdani
RESIDENCE EL MANSOUR,33.5730489,-7.64907945,661.6700909572633,0.6616700909572633,Clinique Socrate
RESIDENCE EL MOSTAKBAL,33.52980025,-7.648709500000001,1136.4422848470424,1.1364422848470423,Clinic Lina
RESIDENCE ELFATH,33.66251345,-7.3684446,12770.197815454838,12.770197815454837,Hôpital général de Casablanca Azhar-Bernoussi
RESIDENCE ELMOUAHIDINE,33.58596095,-7.548150850000001,313.4244123595998,0.3134244123595998,clinique Elmouahidin
RESIDENCE FLEURS DE LYS,33.70411195,-7.37040765,15657.935622115461,15.657935622115462,Hôpital général de Casablanca Azhar-Bernoussi
RESIDENCE HLIWA,33.599966699999996,-7.5359578,1330.9951290622948,1.3309951290622948,Clinique Adoha
RESIDENCE IDMAJ,33.55258645,-7.5505122,1301.88376679894,1.30188376679894,Clinique Sidi Othmane
RESIDENCE JAD VICTORIA,33.41463105,-7.6801618000000005,11962.943366518295,11.962943366518296,Clinic Lina
RESIDENCE LES CHAMPS DE LYS,33.6900513,-7.36391315,14978.458128630717,14.978458128630717,Hôpital général de Casablanca Azhar-Bernoussi
RESIDENCE NAIM,33.56200415,-7.4854781500000005,3944.853685823056,3.944853685823056,Hôpital Municipal sidi moumen Tacharouk
RESIDENCE NARJIS,33.528126549999996,-7.658428349999999,1116.7636016154306,1.1167636016154305,Clinic Lina
RESIDENCE OUDAYA,33.602262749999994,-7.5236654000000005,510.8132114163683,0.5108132114163683,clinique firdaous
RESIDENCE RAYAN VICTORIA,33.41738525,-7.6791728500000005,11644.813877780241,11.64481387778024,Clinic Lina
RESIDENCE RIAD AL OULFA,33.5562229,-7.697262,955.9606344000135,0.9559606344000136,hopital hassani
RESIDENCE ROKIA,33.683615849999995,-7.37176325,13960.166372606242,13.960166372606242,Hôpital général de Casablanca Azhar-Bernoussi
RESIDENCE SAADA,33.58821665,-7.5228493499999995,981.6021826761622,0.9816021826761622,Clinique Adoha
RESIDENCE SAFA,33.56863465,-7.5156586999999995,1131.1239801556314,1.1311239801556314,Hôpital Municipal sidi moumen Tacharouk
RESIDENCE SALMA,33.54907165,-7.5546273500000005,1354.0957907069685,1.3540957907069684,Clinique Sidi Othmane
RESIDENCE SHEMSI,33.5925213,-7.6373773,238.88176439988106,0.23888176439988107,Clinique Al Massira مصحة المسيرة
RESIDENCE WALILI,33.58001505,-7.5123433,1279.7793371033963,1.2797793371033963,Hôpital Municipal sidi moumen Tacharouk
RESTAURANT MRISSA,33.54730715,-7.74432935,5435.255449201636,5.4352554492016365,hopital hassani
ROCADE SUD OUEST,33.518985,-7.69317795,3863.0357039635815,3.8630357039635816,Clinic Lina
ROCHES NOIRES,33.60919115,-7.5667279,2185.3900969965084,2.1853900969965085,clinique ain saba3
ROND POINT LOMO,33.5318135,-7.7707791,8292.68397769075,8.292683977690752,hopital hassani
ROND POINT VICTORIA,33.4243178,-7.6701227,10729.729570511781,10.72972957051178,Clinic Lina
ROND-POINT AICHA,33.597753100000006,-7.5878107,754.1676618737769,0.7541676618737768,ATLANTIC CLINIC CASABLANCA
ROND-POINT ANASSI,33.5879362,-7.4999508,1542.9562798855825,1.5429562798855825,HGC Hôpital Général de Casablanca
ROND-POINT BACHKOU,33.561330299999995,-7.62420515,480.9735765772789,0.4809735765772789,Akdital oasis
ROND-POINT CHAHDIA,33.546649450000004,-7.6805597,1300.714462082565,1.300714462082565,Hôpital du Cheikh Khalifa Ben Zayd Al-Nahyan
ROND-POINT MERCHICH,33.45286395,-7.52050395,12073.283194758302,12.073283194758302,HOPITAL UNIVERSITAIRE DE PROXIMITE
ROND-POINT MOROCCO MALL,33.570587849999995,-7.70141795,1878.1308723510704,1.8781308723510703,hopital hassani
ROUTE AZEMMOUR,33.5775768,-7.672613650000001,203.6770342876895,0.20367703428768952,Clinique Yasmine
ROUTE D'EL JADIDA,33.5576328,-7.644485100000001,641.2190129562874,0.6412190129562875,Clinique Attal
ROUTE DAR BOUAZZA,33.5403778,-7.75613255,6695.752561388029,6.695752561388029,hopital hassani
ROUTE DE L'OASIS,33.558990800000004,-7.62991595,195.15702044926468,0.19515702044926467,Akdital oasis
ROUTE DE LOUIZIA,33.6887882,-7.354775,15526.333262826767,15.526333262826768,Hôpital général de Casablanca Azhar-Bernoussi
ROUTE DE RABAT,33.60021345,-7.56325015,1613.7846095318253,1.6137846095318253,Hôpital Mohammed V مستشفى محمد الخامس
ROUTE DE SIDI ABDERRAHMANE,33.5717833,-7.70028425,1907.1852429090452,1.9071852429090452,hopital hassani
ROUTE DES ZENATA,33.625201950000005,-7.5217719,1619.4760783787979,1.6194760783787978,Hôpital Privé de Casablanca Aîn Sebaâ
ROUTE MOULAY THAMI,33.5386502,-7.7175384000000005,3562.4638128015536,3.5624638128015538,hopital hassani
ROUTE N1 AIN HARROUDA,33.6335505,-7.46492645,4176.342621139543,4.1763426211395425,Hôpital général de Casablanca Azhar-Bernoussi
ROUTE N11 SIDI MAAROUF,33.54450025,-7.6421542,1077.1320081563658,1.0771320081563658,Clinique Californie
ROUTE N9,33.47116595,-7.5127392,10824.423177861592,10.824423177861592,Clinique Sidi Othmane
ROUTE N9 AL MAJJATIA,33.48485305,-7.51026665,9579.74856170976,9.579748561709762,Clinique Sidi Othmane
ROUTE N9 TIT MELLIL,33.5344315,-7.4942518499999995,5348.446374064656,5.348446374064656,Hôpital Municipal sidi moumen Tacharouk
ROUTE NATIONALE 1 LISSASFA,33.5065077,-7.7101859,5638.932465716807,5.638932465716807,Clinic Lina
ROUTE NATIONALE 11,33.52115785,-7.633919049999999,1647.879205853044,1.6478792058530438,Clinic Lina
ROUTE NATIONALE 9 MEDIOUNA,33.43438235,-7.521419549999999,13732.629743894286,13.732629743894286,HOPITAL UNIVERSITAIRE DE PROXIMITE
ROUTE OULED ZIANE,33.58196915,-7.5941929,435.1607072788937,0.4351607072788937,Akdital Clinique Ain Berja
ROUTE P3003,33.5893929,-7.38000635,9663.479039556216,9.663479039556217,Hôpital général de Casablanca Azhar-Bernoussi
ROUTE P3013 BOUSKOURA,33.45112385,-7.6426935,7663.397665577353,7.663397665577353,Clinic Lina
ROUTE P3026,33.47637125,-7.60361035,6564.561947248279,6.564561947248278,Clinic Lina
ROUTE P3307,33.6319064,-7.3329321499999995,14428.4380041392,14.428438004139199,Hôpital général de Casablanca Azhar-Bernoussi
ROUTE P3307 AIN TEKKI,33.6627788,-7.35378095,13941.468426844698,13.941468426844699,Hôpital général de Casablanca Azhar-Bernoussi
ROUTE P3336 MEDIOUNA,33.448594299999996,-7.5173805,12626.67902944617,12.62667902944617,HOPITAL UNIVERSITAIRE DE PROXIMITE
ROUTE R309,33.6729402,-7.432176200000001,9383.474440573244,9.383474440573243,Hospital CNSS
ROUTE R320,33.5879262,-7.6454302,402.08513755282917,0.40208513755282915,Clinique Maghreb مصحة المغرب
ROUTE R320 /P3012,33.50038395,-7.85808555,17114.49518379518,17.11449518379518,hopital hassani
ROUTE R322 ROCHES NOIRES,33.607712250000006,-7.5702812999999995,2539.651480578952,2.539651480578952,clinique ain saba3
ROUTE R322 ZENATA,33.6369186,-7.5044325,2920.7154758384345,2.9207154758384344,Hospital CNSS
ROUTE SIDI MAAROUF,33.5139851,-7.6549723,720.9250430336718,0.7209250430336719,Clinic Lina
ROYAL GOLF ANFA,33.5831454,-7.6585257,265.64502856428624,0.26564502856428623,Clinique Longchamps مصحة لونشون
ROYAL GOLF ANFA 2,33.5830503,-7.6597347,176.8746034050123,0.1768746034050123,Clinique Longchamps مصحة لونشون
RTM AIN CHOC,33.53902425,-7.58312705,931.9131656238969,0.9319131656238969,Hôpital Sekkat
RUE 41 RIAD OULFA,33.5579418,-7.6926721,500.7247313873725,0.5007247313873725,hopital hassani
RUE AL MAROUNI,33.57463525,-7.6399627500000005,440.02603019445445,0.44002603019445446,Clinique Maarif مصحة المعاريف
RUE BEN KACEM ADDAHMANI,33.552376949999996,-7.57883365,77.71366778763601,0.07771366778763601,Centre Hospitalier Préfectoral de Ben M'Sick
RUE D'ALGER,33.5941511,-7.6237987,180.85488156407908,0.18085488156407908,مصحة تعاضدية رجال التعليم - كنوبس
RUE DE BELGRADE,33.57545785,-7.610127350000001,670.0386662665474,0.6700386662665474,Clinique Mersultan
RUE DE L'ALMA,33.5985918,-7.6386195,472.4452764948394,0.4724452764948394,Clinique Badr مصحة بدر
RUE DES EPERVIERS,33.5642859,-7.6397734,279.97742064318084,0.2799774206431808,Clinique Riviera
RUE EL HAOUZA,33.60575045,-7.56269565,1928.608879846369,1.928608879846369,clinique ain saba3
RUE FAROUKI ERRAHALI,33.55896315,-7.6008964500000005,814.6531789671715,0.8146531789671715,Complexe Medico-Social Al Wouroud
RUE IBNOU ADRAA,33.5891139,-7.57282705,1140.624945863858,1.1406249458638582,Clinique Al Mouahhidine
RUE KAID AL ACHTAR,33.5824518,-7.6413792,112.27111625870538,0.11227111625870538,Hôpital Privé International de Casablanca المستشفى الخاص الدولي للدار البيضاء
RUE NORMANDIE,33.5850425,-7.6393896,312.8974122877369,0.31289741228773693,Clinique Racine مصحة راسين
RUE OUALILI,33.57451665,-7.6434343,590.2391470376698,0.5902391470376698,Clinique Socrate
RUE SALONIQUE,33.5769686,-7.61294715,416.2878606019161,0.41628786060191614,Clinique Mersultan
RUE WASHINGTON,33.5935554,-7.6305907,241.0636499726251,0.24106364997262508,Clinique Rachidi
SAKANI AHL LOGHLAM,33.5988567,-7.478252449999999,487.32119541541186,0.48732119541541186,Hôpital général de Casablanca Azhar-Bernoussi
SALAM MOHAMMEDIA,33.6999615,-7.3588199,16074.017072541797,16.074017072541796,Hôpital général de Casablanca Azhar-Bernoussi
SALLE DE SPORT LA CORNICHE,33.57164605,-7.689185650000001,1474.0733430648563,1.4740733430648563,hopital hassani
SALLE DERKAOUI,33.6160068,-7.521224999999999,919.709660610534,0.919709660610534,Hôpital Privé de Casablanca Aîn Sebaâ
SAMIR (MOH),33.67856235,-7.4163611,10775.8454734532,10.7758454734532,Hôpital général de Casablanca Azhar-Bernoussi
SCHNEIDER,33.5626181,-7.6681945,500.4851448016414,0.5004851448016414,Polyclinique CNSS Hay Hassani مصحة الضمان الإجتماعي الحي الحسني
SEHAB RMAL,33.6454554,-7.33826925,14412.102350429455,14.412102350429455,Hôpital général de Casablanca Azhar-Bernoussi
SIDI BERNOUSSI,33.61644885,-7.497082600000001,719.8003614365394,0.7198003614365395,Hospital CNSS
SIDI BOUZIANE,33.48496075,-7.73962735,9045.438838104345,9.045438838104344,Clinic Lina
SIDI GHANEM,33.4970768,-7.50544605,8691.46941503542,8.69146941503542,Clinique Sidi Othmane
SIDI MESSAOUD,33.51326685,-7.63174085,1982.5197694770575,1.9825197694770575,Clinic Lina
SIDI MOUSSA EL MAJDOUB,33.60482265,-7.38494445,9163.66137148141,9.16366137148141,Hôpital général de Casablanca Azhar-Bernoussi
SINDIBAD,33.582560650000005,-7.69911435,2203.09061518996,2.20309061518996,Clinic Guess
SNRT AIN CHOCK,33.53740345,-7.58591525,991.9136349605587,0.9919136349605587,Hôpital Sekkat
SOCIETE COSUMAR,33.59907635,-7.57136285,1962.0826759422496,1.9620826759422496,ATLANTIC CLINIC CASABLANCA
SOUK ALLEK,33.6092346,-7.5006323,168.58033928154404,0.16858033928154403,Polyclinique ِCNSS Sidi Bernoussi
SOUK BOURGOGNE,33.59941155,-7.64261935,522.989201383976,0.522989201383976,Clinique Badr مصحة بدر
SOUK CHRIFA,33.5363399,-7.60186195,606.0838787392436,0.6060838787392435,HOPITAL UNIVERSITAIRE DE PROXIMITE
SOUK LAAYOUNE,33.5646254,-7.5952188,1405.1842133125656,1.4051842133125656,Complexe Medico-Social Al Wouroud
SOUK LHJAJMA,33.5961303,-7.6484606,572.0265222555804,0.5720265222555804,Clinique Andalouss مصحة الاندلس
SOUK LWIZIA,33.67579925,-7.35087835,14943.881541413286,14.943881541413287,Hôpital général de Casablanca Azhar-Bernoussi
SOUK OULD MINA,33.5686232,-7.67568155,690.9049514441576,0.6909049514441576,Polyclinique CNSS Hay Hassani مصحة الضمان الإجتماعي الحي الحسني
SOUK SALAM,33.58330235,-7.552504750000001,676.9195635844213,0.6769195635844213,Hôpital Mohammed V مستشفى محمد الخامس
SOUK SWISRA,33.564208550000004,-7.37215255,11037.627567414309,11.037627567414308,Hôpital général de Casablanca Azhar-Bernoussi
STADE COC,33.5610254,-7.644639,697.7607088268007,0.6977607088268007,Clinique Attal
STADE HAY HASSANI,33.570789,-7.6805095,968.4972028873049,0.9684972028873049,Clinique Yasmine
STADE MOHAMED V,33.5841384,-7.6478018,276.8994669339082,0.27689946693390816,clinique kindi
STADE PERE JEGO,33.5503195,-7.6517895,1556.6749007798712,1.5566749007798713,Hôpital du Cheikh Khalifa Ben Zayd Al-Nahyan
STADE TISSIMA,33.5445164,-7.562146500000001,1697.1100704675828,1.6971100704675828,Clinique Sidi Othmane
STATION ANOUAL,33.5702306,-7.6259714,288.74060081549914,0.2887406008154991,Polyclinique de la Sécurité sociale
STATION EL FALAH,33.6846558,-7.3801972,13470.714706616016,13.470714706616016,Hôpital général de Casablanca Azhar-Bernoussi
STATION EL FALAH 2,33.6844017,-7.3800374,13461.48738803148,13.46148738803148,Hôpital général de Casablanca Azhar-Bernoussi
SWILBATE,33.6804027,-7.3469083,15538.016355064217,15.538016355064217,Hôpital général de Casablanca Azhar-Bernoussi
SWILBATE 2,33.678106549999995,-7.3497759,15173.990443581408,15.173990443581408,Hôpital général de Casablanca Azhar-Bernoussi
TACHAROUK BD OQBA,33.569666,-7.5200562,767.8325701653672,0.7678325701653672,Hôpital Municipal sidi moumen Tacharouk
TACHAROUK BOULEVARD OQBA,33.5699353,-7.5197594,760.8849508536609,0.7608849508536609,Hôpital Municipal sidi moumen Tacharouk
TARIK EL KHIR,33.60886865,-7.496214,473.90680940623315,0.47390680940623314,Polyclinique ِCNSS Sidi Bernoussi
TARIQ BNOU ZYAD,33.575800599999994,-7.6244349,223.2570763881158,0.2232570763881158,Institut Pasteur معهد باستور
TECHNOPARC,33.540524899999994,-7.6380623,955.7415171672171,0.9557415171672171,Clinique Californie
TECHNOPOLE NOUACEUR,33.3736382,-7.55310785,18615.66463630078,18.615664636300778,Clinic Lina
TERMINUS ABOUAB AL OULFA,33.5475154,-7.7040305,1969.0579620792353,1.9690579620792352,hopital hassani
TERMINUS AIN SEBAA,33.5956349,-7.5301492,768.0809404050038,0.7680809404050039,Clinique Adoha
TERMINUS AL ANDALOUS,33.4633429,-7.64422,6301.247949241725,6.301247949241725,Clinic Lina
TERMINUS AL HAMD,33.512061349999996,-7.5139564,6897.350166293596,6.897350166293596,Clinique Sidi Othmane
TERMINUS AL OULFA 1,33.55116575,-7.68439725,851.1153711390857,0.8511153711390858,hopital hassani
TERMINUS AL QODS,33.614598,-7.491448800000001,966.9330328746614,0.9669330328746614,Hospital CNSS
TERMINUS ANASSI,33.59161455,-7.49041375,764.1313666897005,0.7641313666897005,HGC Hôpital Général de Casablanca
TERMINUS BEN ABID,33.489265,-7.8852999,19921.67907233483,19.921679072334832,hopital hassani
TERMINUS BERNOUSSI,33.61342205,-7.5041496,428.94646167697346,0.4289464616769735,Hospital CNSS
TERMINUS BOUCHENTOUF,33.570422,-7.60089825,1243.872995605977,1.2438729956059769,Clinique Hermitage
TERMINUS BOULEVARD PARIS,33.5952657,-7.6241678,285.3358548377395,0.2853358548377395,مصحة تعاضدية رجال التعليم - كنوبس
TERMINUS CASA PORT,33.5980904,-7.6126691,1270.9751159793632,1.2709751159793632,مصحة تعاضدية رجال التعليم - كنوبس
TERMINUS CASA PORT 2,33.5999237,-7.6142458,1260.9766272328777,1.2609766272328777,مصحة تعاضدية رجال التعليم - كنوبس
TERMINUS CINEMA RIF,33.5966108,-7.6154971,962.6234520038831,0.9626234520038831,مصحة تعاضدية رجال التعليم - كنوبس
TERMINUS COMMUNE SIDI BELYOUT,33.5952222,-7.626451100000001,258.89608064950346,0.2588960806495035,Clinique Rachidi
TERMINUS DAOULIZ,33.6027943,-7.6593551,793.6927024056387,0.7936927024056387,Clinique Andalouss مصحة الاندلس
TERMINUS DAR LHAMRA,33.5707535,-7.67077705,456.2028440492053,0.4562028440492053,Polyclinique CNSS Hay Hassani مصحة الضمان الإجتماعي الحي الحسني
TERMINUS DOHA,33.5912828,-7.5167482,805.9516810366235,0.8059516810366235,Clinique Adoha
TERMINUS EL FATH II,33.6694523,-7.3912266,11568.623159118639,11.568623159118639,Hôpital général de Casablanca Azhar-Bernoussi
TERMINUS EL HANK,33.602726149999995,-7.653847300000001,653.2755201950014,0.6532755201950013,Clinique Andalouss مصحة الاندلس
TERMINUS EL MANSOURIA,33.61883745,-7.4793126999999995,2185.921732534069,2.185921732534069,Hospital CNSS
TERMINUS EL OULFA,33.5570036,-7.6898797,286.96008189573615,0.28696008189573613,hopital hassani
TERMINUS ELFADL,33.5583211,-7.5087099,2407.1199898446766,2.4071199898446767,Hôpital Municipal sidi moumen Tacharouk
TERMINUS FACULTE BEN M'SIK,33.56606705,-7.54305635,799.4325998397709,0.7994325998397709,المركز الصحي المسيرة 2 (المستوى التاني)
TERMINUS FACULTE DES LETTRES,33.70266965,-7.3742038999999995,15304.269663778956,15.304269663778955,Hôpital général de Casablanca Azhar-Bernoussi
TERMINUS FACULTES MOHAMMEDIA,33.70565235,-7.3562404,16686.677152800235,16.686677152800236,Hôpital général de Casablanca Azhar-Bernoussi
TERMINUS FARAH SALAM,33.5326472,-7.6997839,3085.719654394183,3.0857196543941834,hopital hassani
TERMINUS FERARA,33.55495045,-7.686194499999999,400.98738489223035,0.40098738489223035,hopital hassani
TERMINUS GARE ONCF MOHAMMEDIA,33.6953589,-7.38906055,13793.771818003703,13.793771818003703,Hôpital général de Casablanca Azhar-Bernoussi
TERMINUS GARE OULED ZIANE,33.57570215,-7.5899642499999995,1233.177147226914,1.233177147226914,Akdital Clinique Ain Berja
TERMINUS HARBILI,33.6306273,-7.4912276,2375.9802326496915,2.3759802326496917,Hospital CNSS
TERMINUS HAY EL FALAH,33.55702155,-7.5485571,1246.4833796458843,1.2464833796458843,Clinique Sidi Othmane
TERMINUS HAY EL FARAH,33.56634685,-7.587925,1609.8019790881394,1.6098019790881395,Hôpital Sidi Othmane
TERMINUS HAY EL WAHDA,33.54282295,-7.54376575,2505.9000930137345,2.5059000930137345,Clinique Sidi Othmane
TERMINUS HAY HASSANI,33.5710491,-7.679185,852.6935369402453,0.8526935369402453,Clinique Yasmine
TERMINUS HAY HASSANI II,33.5661854,-7.68341585,931.3792734911207,0.9313792734911207,hopital hassani
TERMINUS HAY LMASJID,33.562413,-7.6074716,290.37669753922415,0.2903766975392241,Complexe Medico-Social Al Wouroud
TERMINUS HAY SALAM,33.5447496,-7.6732072,962.7676003658,0.9627676003658,Hôpital du Cheikh Khalifa Ben Zayd Al-Nahyan
TERMINUS HOPITAL SOFI,33.6026247,-7.6331906,78.15145647433837,0.07815145647433837,Hôpital Moulay Youssef مستشفى مولاي يوسف
TERMINUS HOUPHEIT BOIGNY,33.59852845,-7.614937899999999,1116.3553245839469,1.1163553245839468,مصحة تعاضدية رجال التعليم - كنوبس
TERMINUS JAMILA,33.54206,-7.579567900000001,950.3451383592621,0.9503451383592622,Hôpital Sekkat
TERMINUS JAMILA II,33.5473151,-7.5846976,390.14185551049496,0.39014185551049496,Hôpital Sekkat
TERMINUS KASBAT LAMINE,33.5336207,-7.6850188,2595.942965657419,2.595942965657419,Hôpital du Cheikh Khalifa Ben Zayd Al-Nahyan
TERMINUS KHIAYTA,33.4675785,-7.7850543,13561.17119240039,13.56117119240039,hopital hassani
TERMINUS LA GARE ROUTIERE,33.5732478,-7.5879286,1563.2979068153793,1.5632979068153794,Akdital Clinique Ain Berja
TERMINUS LAHRAOUIYINE 1,33.5322094,-7.5198241,4797.795809562603,4.7977958095626025,Hôpital Municipal sidi moumen Tacharouk
TERMINUS LISSASFA,33.53145295,-7.67402435,2384.3140528800386,2.384314052880039,Hôpital du Cheikh Khalifa Ben Zayd Al-Nahyan
TERMINUS LMKANSA II,33.5249249,-7.5625965,3358.9872485049914,3.358987248504991,Centre Hospitalier Préfectoral de Ben M'Sick
TERMINUS LMZABIENNE,33.5156432,-7.5936017,2782.111238821253,2.782111238821253,HOPITAL UNIVERSITAIRE DE PROXIMITE
TERMINUS MAARIF,33.58251655,-7.6405054,62.43108711398083,0.06243108711398083,Hôpital Privé International de Casablanca المستشفى الخاص الدولي للدار البيضاء
TERMINUS MAARIF 2,33.5855713,-7.6412213,155.41560570874356,0.15541560570874355,Clinique Maghreb مصحة المغرب
TERMINUS MANDAROUNA,33.530466000000004,-7.61715925,2127.22708727887,2.12722708727887,HOPITAL UNIVERSITAIRE DE PROXIMITE
TERMINUS MEDIOUNA,33.450451599999994,-7.49605225,13566.681855379984,13.566681855379985,Clinique Sidi Othmane
TERMINUS MEDIOUNA 1,33.4544579,-7.5182536,12058.156329299867,12.058156329299868,HOPITAL UNIVERSITAIRE DE PROXIMITE
TERMINUS MOSQUEE EL HOSNA,33.543838199999996,-7.5818594,674.3962046669052,0.6743962046669052,Hôpital Sekkat
TERMINUS MOSQUEE SALMIA,33.53832115,-7.5541038,2481.7393332769216,2.4817393332769218,Clinique Sidi Othmane
TERMINUS MOSQUEE TARIQ,33.607989849999996,-7.515090649999999,507.47279129255253,0.5074727912925525,clinique firdaous
TERMINUS MOULAY RACHID,33.565740399999996,-7.5287299,1114.4853311107922,1.1144853311107923,Hôpital Municipal sidi moumen Tacharouk
TERMINUS MOULAY YOUSSEF,33.5993954,-7.6319222,367.3945546642406,0.3673945546642406,Hôpital Moulay Youssef مستشفى مولاي يوسف
TERMINUS MUSEE ALSA,33.5785189,-7.63459165,287.6965843456991,0.28769658434569906,Clinique Maarif مصحة المعاريف
TERMINUS NAHDA,33.7000371,-7.3522044,16526.369785136147,16.526369785136147,Hôpital général de Casablanca Azhar-Bernoussi
TERMINUS NAIM 2,33.56496085,-7.49953255,2618.5353722059053,2.6185353722059053,Hôpital Municipal sidi moumen Tacharouk
TERMINUS NASSIM,33.5180918,-7.6584958,669.6400846650865,0.6696400846650865,Clinic Lina
TERMINUS OUAD DAHAB,33.5411007,-7.57287995,1333.4465419484702,1.3334465419484702,Centre Hospitalier Préfectoral de Ben M'Sick
TERMINUS OULAD AHMED,33.49577275,-7.7268779,7484.278815517667,7.4842788155176665,Clinic Lina
TERMINUS OULAD SALEH,33.3761991,-7.6925133,16373.500084657504,16.373500084657504,Clinic Lina
TERMINUS PLACE LA CONCORDE,33.59639495,-7.621643300000001,498.8365155638367,0.49883651556383674,مصحة تعاضدية رجال التعليم - كنوبس
TERMINUS PLACE MEKOUAR,33.6149867,-7.5368335,680.5570740225141,0.6805570740225142,clinique ain saba3
TERMINUS PLACE NATIONS UNIES,33.5944424,-7.6194357,530.9524682512813,0.5309524682512813,مصحة تعاضدية رجال التعليم - كنوبس
TERMINUS PLACE OUAD LMAKHAZIN,33.5946956,-7.6229452,275.61822372365907,0.2756182237236591,مصحة تعاضدية رجال التعليم - كنوبس
TERMINUS PLACE SIDI MAAROUF,33.564784,-7.6039572,706.318830924374,0.706318830924374,Complexe Medico-Social Al Wouroud
TERMINUS PLACE SRAGHNA,33.5695281,-7.6011233,1213.267633280909,1.213267633280909,Clinique Hermitage
TERMINUS PLACE SRAGHNA 2,33.5672993,-7.5995841,1195.4045822594142,1.1954045822594142,Complexe Medico-Social Al Wouroud
TERMINUS PORT MOHAMMEDIA,33.7088339,-7.4017855,14232.207854839035,14.232207854839034,Hospital CNSS
TERMINUS QUARTIER DES HOPITAUX,33.5770858,-7.6248393,370.3559040753088,0.3703559040753088,Institut Pasteur معهد باستور
TERMINUS QUARTIER SHEMS,33.7087424,-7.35070535,17292.132390026913,17.292132390026914,Hôpital général de Casablanca Azhar-Bernoussi
TERMINUS RACHIDIA,33.687373550000004,-7.380617450000001,13656.912015057067,13.656912015057067,Hôpital général de Casablanca Azhar-Bernoussi
TERMINUS RACHIDIA 3,33.680216900000005,-7.3758211,13428.463762619403,13.428463762619403,Hôpital général de Casablanca Azhar-Bernoussi
TERMINUS RAHMA,33.5380189,-7.7272309,4343.182772429522,4.343182772429522,hopital hassani
TERMINUS RIAD AL OULFA,33.554034099999996,-7.700790550000001,1343.399656631202,1.343399656631202,hopital hassani
TERMINUS RIAD AL OULFA III,33.54949,-7.7046528,1891.3381314975106,1.8913381314975106,hopital hassani
TERMINUS ROND POINT NAPOLEON,33.5634706,-7.6335498,184.1812491496001,0.1841812491496001,Cinique Multidisciplinaire
TERMINUS SAKANI,33.6040014,-7.4821786,542.4015763113314,0.5424015763113313,Hôpital général de Casablanca Azhar-Bernoussi
TERMINUS SALMIA,33.536802449999996,-7.5504926,2750.771027611754,2.750771027611754,Clinique Sidi Othmane
TERMINUS SIDI HAJJAJ,33.5401777,-7.4143265,9169.335957832283,9.169335957832283,Hôpital général de Casablanca Azhar-Bernoussi
TERMINUS SIDI LKHADIR,33.5691969,-7.6843286,1223.947760818972,1.223947760818972,hopital hassani
TERMINUS SIDI MAAROUF,33.5081218,-7.6574373,1407.9485092438092,1.4079485092438093,Clinic Lina
TERMINUS SIDI MOUSSA BEN ALI,33.562732,-7.3738919,10946.226661613711,10.94622666161371,Hôpital général de Casablanca Azhar-Bernoussi
TERMINUS TACHAROUK,33.56973535,-7.5228888000000005,641.9438298806139,0.6419438298806138,Hôpital Municipal sidi moumen Tacharouk
TERMINUS TAH,33.53306695,-7.583187799999999,1526.1742439346672,1.5261742439346673,Hôpital Sekkat
TERMINUS TIT MELLIL,33.5507161,-7.4862559,4504.302815931329,4.504302815931329,Hôpital Municipal sidi moumen Tacharouk
TERMINUS TRAM 1 SIDI MOUMEN,33.58901075,-7.499083150000001,1400.4010684641705,1.4004010684641706,HGC Hôpital Général de Casablanca
TERMINUS TRAM 2 BERNOUSSI,33.61053335,-7.5064986000000005,455.35287770066424,0.45535287770066424,Hôpital AL mansour
TERMINUS VILLE ENNASR,33.41294015,-7.67574035,12062.68154172845,12.06268154172845,Clinic Lina
TERMINUS ZAOUIA,33.3842434,-7.6206666,15306.098274324931,15.306098274324931,Clinic Lina
TERMINUS ZI BERNOUSSI,33.6231899,-7.5075913,1516.009462115899,1.516009462115899,Hospital CNSS
TERMINUS ZI OULAD SALEH,33.4215535,-7.6392303,10957.563844518725,10.957563844518726,Clinic Lina
TERMINUS ZOUBIR,33.54082485,-7.6831594,1881.8500180409178,1.881850018040918,Hôpital du Cheikh Khalifa Ben Zayd Al-Nahyan
TERRAIN LAARBI  ZAOULI,33.597162499999996,-7.5446944,1012.8919713858207,1.0128919713858207,clinique Elmouahidin
THEATRE MY RACHID,33.5630896,-7.5538263,804.7787760014289,0.8047787760014289,Clinique Sidi Othmane
TIKIOUIN,33.5778402,-7.5533828,312.5700912556141,0.3125700912556141,مستشفى الوفاء
TRIBUNAL ADMINISTRATIF,33.560047749999995,-7.5662612,436.78547555424205,0.4367854755542421,Clinique Sidi Othmane
TRIBUNAL AIN SEBAA,33.599330050000006,-7.53087275,857.4522047782914,0.8574522047782914,Clinique Adoha
TRIBUNAL DE 1ER INSTANCE,33.553891699999994,-7.6659926,273.65880198073756,0.27365880198073755,Hôpital du Cheikh Khalifa Ben Zayd Al-Nahyan
TWIN CENTER,33.58786455,-7.63299505,328.7836569467512,0.3287836569467512,Clinique Les Iris مصحة السوسن
UNIVERSITE INTERNATIONALE,33.49703785,-7.6082745,4751.775390691257,4.7517753906912565,Clinic Lina
VICTORIA CITY,33.417951650000006,-7.67239105,11460.632405149574,11.460632405149575,Clinic Lina
VILLE DEROUA,33.3897544,-7.5361451,17664.11455671585,17.664114556715848,HOPITAL UNIVERSITAIRE DE PROXIMITE
VILLE VERTE,33.491852550000004,-7.6092219,5011.713724265046,5.0117137242650465,Clinic Lina
VILLE VERTE II,33.4744158,-7.60073895,6905.041147280346,6.905041147280346,Clinic Lina
WILAYA GRAND CASABLANCA,33.5906964,-7.6192948,315.27737415751625,0.3152773741575162,Clinique les princes مصحة الأمراء
ZONE INDUSTRIEL BOUSKOURA,33.442257350000006,-7.64521795,8622.078481444638,8.622078481444637,Clinic Lina
ZONE INDUSTRIEL CHELLALATE,33.6222839,-7.442063299999999,4615.075596778899,4.615075596778899,Hôpital général de Casablanca Azhar-Bernoussi
ZONE INDUSTRIEL CHELLALATE 1,33.6291533,-7.4313345,5866.066486659811,5.866066486659811,Hôpital général de Casablanca Azhar-Bernoussi
ZONE INDUSTRIEL MOHAMMEDIA T1,33.6641599,-7.407052,10103.430393527306,10.103430393527306,Hôpital général de Casablanca Azhar-Bernoussi
ZONE INDUSTRIEL MOHAMMEDIA T2,33.66116165,-7.4112982,9590.425617959783,9.590425617959783,Hôpital général de Casablanca Azhar-Bernoussi
ZONE INDUSTRIEL ZENATA,33.65379995,-7.44229235,7155.660771625498,7.155660771625498,Hôpital général de Casablanca Azhar-Bernoussi
ZONE INDUSTRIELLE OKACHA,33.612679150000005,-7.558279799999999,1372.869284311509,1.3728692843115091,clinique ain saba3
ZONE LOGISTIQUE LAHRAOUYINE,33.5541372,-7.5110683,2672.5522776399366,2.6725522776399364,Hôpital Municipal sidi moumen Tacharouk
ZONE URBAINE 16 BEN MSIK,33.5545546,-7.58757945,630.9893684762844,0.6309893684762844,Centre de Santé Derb el Kheir
