cluster_id,stop_name,Lines,mode,longitude,latitude
0,112 Boulevard D'Anfa,"['L013', 'L050', 'L09E', 'L084']",['casabus'],-7.633954600000001,33.5920589
1,112 Boulevard D'Anfa,"['L013', 'L050', 'L09E', 'L084']",['casabus'],-7.6335241,33.59213689999999
2,4EME ARRONDISSEMENT,"['L604', 'L072', 'L067']",['casabus'],-7.572611299999999,33.55712969999998
3,4EME ARRONDISSEMENT,"['L604', 'L072', 'L067']",['casabus'],-7.573471899999999,33.5576585
4,ABATOIRS MUNICIPAUX,"['L055', 'L068']",['casabus'],-7.549733100000001,33.549595300000014
5,ABATOIRS MUNICIPAUX,"['L055', 'L068']",['casabus'],-7.549414,33.5497557
6,ABOUAB AL OULFA,"['L050', 'L051']",['casabus'],-7.706726800000002,33.5453151
7,ABOUAB AL OULFA,"['L050', 'L051']",['casabus'],-7.7056403,33.5457429
8,ABRAR MEDIOUNA,"['L312', 'L600']",['casabus'],-7.527509700059236,33.470773850068646
9,ACADEMIE D'EDUCATION,"['L97B', 'L068', 'L013', 'L109']",['casabus'],-7.667661000000001,33.56937380000001
10,ACADEMIE D'EDUCATION,"['L97B', 'L068', 'L013', 'L109']",['casabus'],-7.6679979,33.569796
11,ACCES PLAGE N13,['L005'],['casabus'],-7.6897968,33.58446339999999
12,ACCES PLAGE N13,['L005'],['casabus'],-7.689253700000001,33.58497520000001
13,AEROPORT ANFA,"['L072', 'L109']",['casabus'],-7.652416900000001,33.5660598
14,AEROPORT TIT MELLIL,"['L902', 'L904']",['casabus'],-7.467708400000001,33.6026176
15,AEROPORT TIT MELLIL,"['L902', 'L904']",['casabus'],-7.4682084,33.60272869999999
16,AEROPORT TIT MELLIL 2,['L904'],['casabus'],-7.471304049914195,33.59511965002129
17,AGENCE BANQUAIRE AZHAR,['L082'],['casabus'],-7.483252800000001,33.6021263
18,AGENCE BANQUAIRE AZHAR,['L082'],['casabus'],-7.4828351,33.60241049999999
19,AIN ABBOU,['L903'],['casabus'],-7.376069300026374,33.5803387500408
20,AIN DIAB,['L005'],['casabus'],-7.676855,33.591878099999995
21,AIN DIAB,['L005'],['casabus'],-7.676270299999999,33.591935
22,AIN GUEDDID,['L301'],['casabus'],-7.734409749952729,33.55205325005287
23,AIN HARROUDA CENTRE,['L800'],['casabus'],-7.4552827000000015,33.63416379999999
24,AIN HARROUDA CENTRE,['L800'],['casabus'],-7.4558809,33.634218300000015
25,AL ADARISSA,"['L043', 'L079', 'L064']",['casabus'],-7.540804699969264,33.58065705000965
26,AL ARSA MEDIOUNA,['L312'],['casabus'],-7.522487800000001,33.42977830000001
27,AL ARSA MEDIOUNA,['L312'],['casabus'],-7.522806900000001,33.42983559999999
28,AL ARSAT BOUSKOURA,['L307'],['casabus'],-7.664317500011236,33.47924750000789
29,AL AZHARI II,"['L068', 'L109']",['casabus'],-7.6833362,33.548072899999994
30,AL GHOFRANE,['L604'],['casabus'],-7.525086150043863,33.521858350009175
31,AL HOUDA,['L606'],['casabus'],-7.525586400000001,33.5856727
32,AL HOUDA,['L606'],['casabus'],-7.525398999999999,33.5860812
33,AL KHALIL,['L006'],['casabus'],-7.598769599923832,33.5478094000177
34,AL MADINA LJADIDA1,['L065'],['casabus'],-7.533223899999999,33.5550768
35,AL MADINA LJADIDA1,['L065'],['casabus'],-7.533008500000001,33.5554624
36,AL MASSIRA 1 DEROUA,['L312'],['casabus'],-7.534330300000001,33.400864600000006
37,AL WATTASSINE,"['L019', 'L005']",['casabus'],-7.7048607,33.55167269999999
38,AL WATTASSINE,"['L019', 'L005']",['casabus'],-7.703944,33.5520617
39,ALLEE DES CITRONNIERS,['L608'],['casabus'],-7.528091949979511,33.61300570000492
40,ALLEE DES EUCALYBTUS,['L023'],['casabus'],-7.5419354,33.6105241
41,ALLEE DES EUCALYBTUS,['L023'],['casabus'],-7.541652000000001,33.6109583
42,ALLEE DES MIMOSAS,"['L023', 'L608']",['casabus'],-7.526871399938705,33.60583790003966
43,ALLEE LES JARDINS,['L900'],['casabus'],-7.54039589990396,33.61887445005124
44,AMGALA 1,['L065'],['casabus'],-7.4999219,33.6168433
45,AMGALA1,['L065'],['casabus'],-7.5002358,33.6169522
46,ANAPEC SIDI MOUMEN,"['L043', 'L32D', 'L065']",['casabus'],-7.543532550056246,33.580832950014525
47,ANGLE ALLEE DES CYPRES,"['L033', 'L082']",['casabus'],-7.546747900105759,33.60389285004351
48,ANGLE AVENUE MEKNES,"['L006', 'L068']",['casabus'],-7.593080500000001,33.5390181
49,ANGLE AVENUE MEKNES,"['L006', 'L068']",['casabus'],-7.5927794,33.5391718
50,ANGLE BD ANFA/BDZERKTOUNI,"['L060', 'L038', 'L067']",['casabus'],-7.634900350064792,33.58984225006136
51,ANGLE BD BALTI BEN MEKKI,"['L023', 'L900']",['casabus'],-7.5812864,33.60330330000001
52,ANGLE BD BALTI BEN MEKKI,"['L023', 'L900']",['casabus'],-7.580425099999999,33.60342940000001
53,ANGLE BD IFNI,"['L120', 'L062']",['casabus'],-7.597297800000001,33.5840948
54,ANGLE BD STENDAL / GHANDI,"['L063', 'L051']",['casabus'],-7.637222999989798,33.56608030007644
55,ANGLE BD TAHIRI EL BEKAY,['L900'],['casabus'],-7.551508100000001,33.6156539
56,ANGLE BD TAHIRI EL BEKAY,['L900'],['casabus'],-7.5517579,33.61600909999999
57,ANGLE BOULEVARD ABOU REGREG,"['L143', 'L050']",['casabus'],-7.676654,33.56582220000001
58,ANGLE BOULEVARD ABOU REGREG,"['L143', 'L050']",['casabus'],-7.6768778,33.567038700000005
59,ANGLE BOULEVARD AL BINA,['L065'],['casabus'],-7.50514325001057,33.625116850001234
60,ANGLE BOULEVARD AL HOUCEIMA,['L107'],['casabus'],-7.616644299999999,33.54975
61,ANGLE BOULEVARD AL HOUCEIMA,['L107'],['casabus'],-7.6159074,33.550292
62,ANGLE BOULEVARD C AIN SEBAA,['L900'],['casabus'],-7.5259892,33.6227809
63,ANGLE BOULEVARD C AIN SEBAA,['L900'],['casabus'],-7.5264418,33.62310179999999
64,ANGLE BOULEVARD IFNI,"['L120', 'L062']",['casabus'],-7.5974301,33.584354299999994
65,ANGLE BOULEVARD MAADAN,['L900'],['casabus'],-7.50791834997339,33.634003150006855
66,ANGLE BOULEVARD RAMALLAH,['L022'],['casabus'],-7.613565200000001,33.533309
67,ANGLE BOULEVARD RAMALLAH,['L022'],['casabus'],-7.612790200000001,33.5339624
68,ANGLE BOULEVARD TAH/ MOHAMED6,['L006'],['casabus'],-7.576947100000002,33.5354271
69,ANGLE CHEMIN DES PIVOINES,['L065'],['casabus'],-7.54579115008201,33.58894030006734
70,ANGLE MOHAMED 6/11 JANVIER,['L906'],['casabus'],-7.365999249915719,33.697507150033694
71,ANGLE N9 / P3015,['L120'],['casabus'],-7.498043100000001,33.5109808
72,ANGLE N9 / P3015,['L120'],['casabus'],-7.497619100000002,33.51110740000001
73,ANGLE N9 / P3016,['L120'],['casabus'],-7.4946249,33.527964399999995
74,ANGLE N9 / P3016,['L120'],['casabus'],-7.4943453,33.52817579999999
75,ANGLE OUED DAHAB / AL JOULANE,"['L063', 'L064', 'L067']",['casabus'],-7.564226100000001,33.5461329
76,ANGLE OUED DAHAB / AL JOULANE,"['L063', 'L064', 'L067']",['casabus'],-7.564309,33.546548
77,ANGLE POMME D'OR,['L107'],['casabus'],-7.62019370000748,33.54971070000171
78,ANGLE ROUTE N1/P3032,['L306'],['casabus'],-7.705281399951264,33.509078550011765
79,ANGLE RUE BEN LARBI,"['L97B', 'L013', 'L050', 'L09E']",['casabus'],-7.6541056,33.579653699999994
80,ANGLE RUE BEN LARBI,"['L97B', 'L013', 'L050', 'L09E']",['casabus'],-7.6539647,33.5799482
81,ANGLE RUE DE DAX,"['L023', 'L900']",['casabus'],-7.589352449957288,33.59983000004079
82,ANGLE RUE DE FLORENCE,"['L056', 'L040', 'L090']",['casabus'],-7.6121334,33.58351439999999
83,ANGLE RUE DE FLORENCE,"['L056', 'L040', 'L090']",['casabus'],-7.612449600000002,33.58366909999999
84,ANGLE RUE DE LA VICTOIRE,"['L023', 'L900']",['casabus'],-7.585566099966999,33.601405400100845
85,ANGLE RUE ENNAKHIL,['L007'],['casabus'],-7.6440311,33.5533734
86,ANGLE RUE ENNAKHIL,"['L306', 'L007', 'L051']",['casabus'],-7.644282700000001,33.5537971
87,ANGLE RUE MAAMOURA,"['L023', 'L900']",['casabus'],-7.575439049963113,33.605585300018824
88,ANGLE RUE RIF,['L906'],['casabus'],-7.392924550024478,33.699105750030505
89,ANGLE RUE SOURZAC,"['L033', 'L139', 'L082']",['casabus'],-7.581116750059907,33.5983504000264
90,ANGLE RUE TAMASKIN,"['L019', 'L020', 'L97B', 'L143', 'L013', 'L068', 'L050', 'L09E', 'L063']",['casabus'],-7.662546499999999,33.575194999999994
91,ANGLE RUE TIZNIT,"['L32D', 'L800', 'L904', 'L900']",['casabus'],-7.402870549928768,33.68499205002686
92,ANNEXE FARAH SALAM,['L084'],['casabus'],-7.691138500000002,33.5400886
93,ANNEXE FARAH SALAM,['L084'],['casabus'],-7.6910331,33.5403764
94,AQUAPARC,['L301'],['casabus'],-7.786701,33.523139
95,AQUAPARC A,['L301'],['casabus'],-7.785992200000001,33.523285099999995
96,ARCHIVE I,"['L031', 'L007']",['casabus'],-7.655987150039139,33.51293470002353
97,ARRET BATA,"['L039', 'L055', 'L090', 'L043']",['casabus'],-7.577508450096609,33.58531180002482
98,ARRET BEAULIEU,"['L033', 'L082']",['casabus'],-7.539128349989229,33.60440765000089
99,ARRET BENJDIA,"['L056', 'L040', 'L090']",['casabus'],-7.607130549955814,33.584945050006525
100,ARRET BRADAA,"['L905', 'L900']",['casabus'],-7.370539149984997,33.699930300067294
101,ARRET CARDO,['L312'],['casabus'],-7.524356599935122,33.424691450061125
102,ARRET CASCADE 1,['L902'],['casabus'],-7.408257800022018,33.64351395000357
103,ARRET CHAABI 1,['L312'],['casabus'],-7.544577600000002,33.3717377
104,ARRET CHAABI 1,['L312'],['casabus'],-7.5446699000000015,33.372041399999986
105,ARRET CHTAIBA,"['L120', 'L062']",['casabus'],-7.5713302,33.565383700000005
106,ARRET CMC,['L007'],['casabus'],-7.6274868,33.58779650000001
107,ARRET CMC,['L007'],['casabus'],-7.6263578,33.5891961
108,ARRET EL BIR,['L312'],['casabus'],-7.6021358,33.39248049999999
109,ARRET EL BIR,['L312'],['casabus'],-7.6019622,33.39278479999999
110,Avenue Hassan II,"['L006', 'T1', 'L056', 'L040']","['tram', 'casabus']",-7.623026599970159,33.584097100008925
111,ARRET ISCAE,['L310'],['casabus'],-7.6357358,33.526762899999994
112,ARRET KM15,['L800'],['casabus'],-7.471064799999999,33.6323361
113,ARRET KM15,['L800'],['casabus'],-7.470185400000001,33.63238419999998
114,ARRET KOREA,"['L079', 'L109']",['casabus'],-7.595775400000001,33.562237
115,ARRET KOREA,"['L079', 'L109']",['casabus'],-7.5959144,33.562522
116,ARRET L'AUBERGE 1,['L900'],['casabus'],-7.476517399877146,33.65139755005223
117,ARRET LAARJA,"['L800', 'L904']",['casabus'],-7.438649800014683,33.659777050045946
118,ARRET LAMJADBA 1,['L903'],['casabus'],-7.360776199975877,33.61422290000636
119,ARRET LFARFARA,"['L050', 'L051']",['casabus'],-7.710343999990191,33.54317180010094
120,ARRET MDAKRA,"['L039', 'L043']",['casabus'],-7.562578499937421,33.5816649000151
121,ARRET METRO,"['L107', 'L031', 'L007', 'L300']",['casabus'],-7.643208499999999,33.5383836
122,ARRET PALMERIE 1,['L309'],['casabus'],-7.60060200003836,33.48654615000471
123,ARRET PERLA,['L312'],['casabus'],-7.56083989994369,33.39254325000884
124,ARRET RACHAD,"['L038', 'L97B', 'L097', 'L143', 'L067', 'L051', 'L060', 'L022', 'L063']",['casabus'],-7.609295500025493,33.56646115009423
125,ARRET TADLA,['L907'],['casabus'],-7.392106699999999,33.6890681
126,ARRET TADLA,['L907'],['casabus'],-7.3917918,33.6891901
127,ARRET TAJ 1,['L312'],['casabus'],-7.558438599962487,33.38622925000536
128,TIKIOUIN,['L039'],['casabus'],-7.553320100090683,33.57796190001938
129,ARRET TIYANA 1,['L312'],['casabus'],-7.519707799977578,33.44406045001352
130,ARRONDISSEMENT GHANDI,"['L019', 'L020', 'L143', 'L068', 'L063']",['casabus'],-7.6518262500335315,33.57550100000483
131,ARRONDISSEMENT LAYMOUNE,"['L97B', 'L013']",['casabus'],-7.6685707,33.5377127
132,ARRONDISSEMENT LAYMOUNE,"['L97B', 'L013']",['casabus'],-7.6680424,33.53797410000001
133,ARRONDISSEMENT SALAM II,['L608'],['casabus'],-7.480071750057821,33.58486660001235
134,ASSOCIATION BAYTI,['L800'],['casabus'],-7.4908789,33.61983020000001
135,ASSOCIATION BAYTI,['L800'],['casabus'],-7.4912112,33.6199373
136,ATLANTA SPORT,"['L09E', 'L109']",['casabus'],-7.681533949991192,33.53962610000262
137,AUDA ANFA,['L109'],['casabus'],-7.6699889,33.561412
138,AUTOROUTE A7,['L309'],['casabus'],-7.629021200000001,33.48202169999998
139,AUTOROUTE A7,['L309'],['casabus'],-7.6288971,33.482390800000005
140,AV 10 MARS,['L056'],['casabus'],-7.5571919,33.555367299999986
141,AV 10 MARS,['L056'],['casabus'],-7.5571008,33.5556457
142,AVENUE 6 NOVEMBRE 1975,"['L039', 'L097', 'L97B']",['casabus'],-7.587151800000001,33.55170379999999
143,AVENUE 6 NOVEMBRE 1975,"['L039', 'L097', 'L97B']",['casabus'],-7.5871501,33.552
144,AVENUE ABOU BAKR EL KADIRI,"['L107', 'L300']",['casabus'],-7.649507899983227,33.52759010000253
145,AVENUE DES FAR,"['L055', 'L033', 'L023', 'L082', 'L011', 'L120', 'L043', 'L062', 'L139']",['casabus'],-7.613134100000001,33.5968
146,AVENUE HACHMI FILALI,['L309'],['casabus'],-7.6166775,33.524362199999985
147,AVENUE HACHMI FILALI,['L309'],['casabus'],-7.617004100000001,33.524488299999994
148,AVENUE JOUDAR,['L065'],['casabus'],-7.525561800069062,33.56139315004013
149,AVENUE MOHAMED BOUZIANE,"['L039', 'L120', 'L079']",['casabus'],-7.556696849908918,33.563909450021185
150,AVENUE PASTEUR,"['L033', 'L023', 'L082', 'L900', 'L139']",['casabus'],-7.6019597,33.5959919
151,AVENUE PASTEUR,"['L033', 'L023', 'L082', 'L900', 'L139']",['casabus'],-7.602487700000001,33.596227
152,AVENUE REDA GUEDIRA,"['L039', 'L097', 'L97B']",['casabus'],-7.57365205007084,33.55550390001845
153,AVENUE TADDART,['L309'],['casabus'],-7.617909300000002,33.53973299999999
154,AVENUE TADDART,['L309'],['casabus'],-7.6183981,33.5404795
155,AZBANE 1,"['L107', 'L306', 'L307', 'L051']",['casabus'],-7.6651715,33.536480299999994
156,AZBANE 1,"['L107', 'L306', 'L307', 'L051']",['casabus'],-7.6652872,33.5369043
157,AZHAR OULFA,"['L084', 'L051']",['casabus'],-7.687170199991888,33.543791200006325
158,Angle Avenue Lahraouiyine,"['L039', 'L097', 'L97B']",['casabus'],-7.576782400000002,33.5537148
159,Angle Avenue Lahraouiyine,"['L039', 'L097', 'L97B']",['casabus'],-7.576226100000001,33.553943999999994
160,Angle Boulevard Tah/ Mohamed 6,['L006'],['casabus'],-7.576808399999999,33.5357259
161,BAB AL BAIDA,['L307'],['casabus'],-7.660854850047834,33.476441200019615
162,BACHAOUIA BOUSKOURA,"['L310', 'L309', 'L300']",['casabus'],-7.6381359,33.4710004
163,BACHAOUIA BOUSKOURA,"['L310', 'L309', 'L300']",['casabus'],-7.6386802,33.4714095
164,BACHAOUIAT AL AZHAR,['L082'],['casabus'],-7.489071450004651,33.598999750000765
165,BASATINE AL FIRDAOUS,['L903'],['casabus'],-7.358955050019607,33.66784000000242
166,BASATINE AL GHOFRANE,['L604'],['casabus'],-7.521930599984074,33.52308855000423
167,BASSATINE AL OULFA,['L050'],['casabus'],-7.69748320008258,33.55033715001992
168,BAYTI SAKAN 1,['L905'],['casabus'],-7.342074300016061,33.68536335000183
169,BD HASSAN 2 MOHAMMEDIA 01,"['L902', 'L800', 'L900', 'L32D', 'L904']",['casabus'],-7.3944385,33.6915899
170,BD HASSAN 2 MOHAMMEDIA 01,"['L902', 'L800', 'L900', 'L32D', 'L904']",['casabus'],-7.393535699999999,33.69188700000001
171,BD HASSAN 2 MOHAMMEDIA 03,"['L32D', 'L800', 'L904', 'L900']",['casabus'],-7.39937079989511,33.68766120004172
172,BEAUSEJOUR,"['L072', 'L109']",['casabus'],-7.6462215,33.56445440000001
173,BEAUSEJOUR,"['L072', 'L109']",['casabus'],-7.646543499999998,33.5649259
174,BEN HAMOU,['L120'],['casabus'],-7.516753600000001,33.4581684
175,BEN HAMOU,['L120'],['casabus'],-7.517085999999999,33.45836320000001
176,BENI MGUILD,['L006'],['casabus'],-7.604315000000001,33.5711141
177,BLOC 33 LALLA MERIEM,"['L97B', 'L097', 'L143', 'L068', 'L062']",['casabus'],-7.552811049973547,33.560364050005695
178,BNI YAKHLEF,['L903'],['casabus'],-7.3409352,33.6642642
179,BNI YAKHLEF 2,['L903'],['casabus'],-7.3425011,33.6611444
180,BOULEVARD 9 AVRIL,['L090'],['casabus'],-7.628301500000001,33.58226379999999
181,BOULEVARD 9 AVRIL,['L090'],['casabus'],-7.6293945,33.5826329
182,BOULEVARD ABDELHADI BOUTALEB,['L084'],['casabus'],-7.6767091499456175,33.57600745000919
183,BOULEVARD ABDELMOUMEN,"['L006', 'L019', 'L038', 'L067']",['casabus'],-7.6253022,33.57918250000001
184,BOULEVARD ABDELMOUMEN,"['L006', 'L019', 'L038', 'L067']",['casabus'],-7.624611800000001,33.580195700000004
185,BOULEVARD ABDELMOUMEN 2,"['L006', 'L300']",['casabus'],-7.625376000000001,33.578079999999986
186,BOULEVARD ABDERRAHIM BOUABID,"['L072', 'L109']",['casabus'],-7.6430536,33.5624467
187,BOULEVARD ABDERRAHIM BOUABID,"['L072', 'L109']",['casabus'],-7.6431092,33.5627332
188,BOULEVARD ABOU HOURAIRA,"['L079', 'L056']",['casabus'],-7.572305200000001,33.56169259999999
189,BOULEVARD ABOU HOURAIRA,"['L079', 'L056']",['casabus'],-7.572077700000001,33.56227839999998
190,BOULEVARD ABOU HOURAIRA 2,['L056'],['casabus'],-7.5694865,33.5635313
191,BOULEVARD ABOU HOURAIRA 2,['L056'],['casabus'],-7.569904700000001,33.5636387
192,BOULEVARD AFGHANISTAN,"['L063', 'L019', 'L020', 'L072']",['casabus'],-7.67610319998024,33.57149010000931
193,BOULEVARD AHL LOGHLAM,['L033'],['casabus'],-7.503758650062265,33.59989770008981
194,BOULEVARD AHL LOGHLAM AZHAR,['L902'],['casabus'],-7.489595699898958,33.597739200024286
195,BOULEVARD AHL LOGHLAM SAKANI,['L902'],['casabus'],-7.484230299950411,33.5978813000082
196,BOULEVARD AHMED MEKOUR,['L023'],['casabus'],-7.536812749985891,33.614924550001646
197,BOULEVARD AL MAGHRIB AL ARABI,['L082'],['casabus'],-7.484843300000001,33.599285
198,BOULEVARD AL MAGHRIB AL ARABI,['L082'],['casabus'],-7.484116800000001,33.6000534
199,BOULEVARD AL QODS,"['L060', 'L063', 'L143']",['casabus'],-7.591284599999999,33.5416111
200,BOULEVARD AL QODS,"['L060', 'L063', 'L143']",['casabus'],-7.5916049,33.54180879999999
201,BOULEVARD AMGALA,"['L312', 'L600', 'L006']",['casabus'],-7.5791858,33.5403694
202,BOULEVARD AMGALA,"['L312', 'L600', 'L006']",['casabus'],-7.578865100000002,33.5405456
203,BOULEVARD ANOUAL,"['L97B', 'L063', 'L097', 'L051']",['casabus'],-7.627391199951738,33.56957145001145
204,BOULEVARD BEN BARKA,['L038'],['casabus'],-7.6518743,33.6036367
205,BOULEVARD BEN BARKA,['L038'],['casabus'],-7.6518181,33.6039197
206,BOULEVARD BORDEAUX,"['L055', 'L011', 'L067', 'L043', 'L139']",['casabus'],-7.629570150008861,33.59791570000876
207,BOULEVARD BOUALAM,['L062'],['casabus'],-7.536664499973698,33.56138445000272
208,BOULEVARD CHEFCHAOUNI,['L065'],['casabus'],-7.500551549886359,33.62795585004152
209,BOULEVARD DAKHLA,['L039'],['casabus'],-7.600812000007234,33.5333817000036
210,BOULEVARD DAKHLA 2,['L068'],['casabus'],-7.5766643,33.543584800000005
211,BOULEVARD DAKHLA 2,['L068'],['casabus'],-7.577113300000001,33.5438997
212,BOULEVARD DE BOURGOGNE,['L011'],['casabus'],-7.650679399974368,33.59504650000585
213,BOULEVARD DE BOUSKOURA,"['L306', 'L051']",['casabus'],-7.649074800000001,33.5573617
214,BOULEVARD DE GAZA,"['L604', 'L038', 'L109']",['casabus'],-7.58429419992433,33.56868335008557
215,BOULEVARD DE LA MECQUE,"['L310', 'L107', 'L031', 'L300']",['casabus'],-7.631675749974737,33.54598605001916
216,BOULEVARD DE LA RESISTANCE,['L090'],['casabus'],-7.603987,33.589095
217,BOULEVARD DE LA RESISTANCE,['L090'],['casabus'],-7.6037109,33.58930699999999
218,BOULEVARD DE MAKRO,['L065'],['casabus'],-7.528426799894602,33.59497930002471
219,BOULEVARD DE RIYAD,['L907'],['casabus'],-7.393864799934656,33.6731691000421
220,BOULEVARD DE TEMARA,['L068'],['casabus'],-7.599245199999999,33.54973570000001
221,BOULEVARD DES FACULTES,"['L068', 'L09E']",['casabus'],-7.677332199994776,33.54212035000063
222,BOULEVARD DRISS EL HARTI,"['L107', 'L143', 'L011']",['casabus'],-7.572958299999999,33.5481079
223,BOULEVARD DRISS EL HARTI,"['L107', 'L143', 'L011']",['casabus'],-7.572813400000001,33.5484006
224,BOULEVARD DU NIL,"['L039', 'L097', 'L064', 'L97B']",['casabus'],-7.569085899988194,33.55827100000455
225,BOULEVARD EL HARTI,"['L107', 'L143', 'L011']",['casabus'],-7.580326500015327,33.543869900001795
226,BOULEVARD EL YAZIDI,['L033'],['casabus'],-7.515584850039096,33.601394050010555
227,BOULEVARD FATIMA ZAROUAL,['L039'],['casabus'],-7.596666099995871,33.523836500001075
228,BOULEVARD HAJ FATEH,['L051'],['casabus'],-7.6797808,33.5386461
229,BOULEVARD HAJ FATEH,['L051'],['casabus'],-7.679325800000001,33.5388552
230,BOULEVARD HAJ FATEH 2,"['L09E', 'L084']",['casabus'],-7.6892307,33.5511417
231,BOULEVARD HAJ FATEH OULFA,"['L09E', 'L084']",['casabus'],-7.688159699979713,33.5492326500342
232,BOULEVARD HASSAN 1,['L007'],['casabus'],-7.6229835,33.593459
233,BOULEVARD HASSAN 2 MOHAMMEDIA 2,"['L32D', 'L904']",['casabus'],-7.396251899909655,33.69002255004117
234,BOULEVARD HOUCINE SOUSSI,"['L043', 'L079', 'L064']",['casabus'],-7.529324050003818,33.583985950000425
235,BOULEVARD IBN TACHFINE,"['L039', 'L055', 'L090', 'L043']",['casabus'],-7.573414550070315,33.58479035003053
236,BOULEVARD IBNOU SINA,"['L019', 'L020', 'L97B', 'L013', 'L068', 'L050', 'L09E']",['casabus'],-7.6684743,33.5717944
237,BOULEVARD IBNOU SINA,"['L019', 'L020', 'L97B', 'L143', 'L013', 'L050', 'L09E']",['casabus'],-7.668218900000002,33.5720835
238,BOULEVARD IBNOU SINA N43,"['L019', 'L020', 'L97B', 'L143', 'L013', 'L068', 'L050', 'L09E', 'L063']",['casabus'],-7.662022600000001,33.5753223
239,BOULEVARD IMAM ALI,"['L608', 'L065', 'L606', 'L090', 'L064']",['casabus'],-7.520160150072079,33.597760400018586
240,BOULEVARD LA RESISTENCE MO,['L907'],['casabus'],-7.4056308,33.6811962
241,BOULEVARD LA RESISTENCE MO,['L907'],['casabus'],-7.4053168,33.681450099999985
242,BOULEVARD LALA ASMA,"['L32D', 'L065']",['casabus'],-7.540686950075796,33.57697895003751
243,BOULEVARD MOHAMED SIJILMASSI,['L056'],['casabus'],-7.6396307,33.58794050000001
244,BOULEVARD MOHAMED V MO,['L906'],['casabus'],-7.394259300000001,33.7026873
245,BOULEVARD MOHAMED V MO,['L906'],['casabus'],-7.3945509,33.7029532
246,BOULEVARD MOULAY SLIMAN,['L900'],['casabus'],-7.561158750001994,33.611482450000246
247,BOULEVARD MOULAY SMAIL,"['L033', 'L139', 'L082']",['casabus'],-7.575902100010699,33.59849480000116
248,BOULEVARD NAKHIL,"['L904', 'L120', 'L608']",['casabus'],-7.482840300000001,33.55242
249,BOULEVARD NAKHIL,"['L904', 'L120', 'L608']",['casabus'],-7.481837600000001,33.553202
250,BOULEVARD NASSIBA BENT KAAB,"['L079', 'L064']",['casabus'],-7.546429699937032,33.57759570002236
251,BOULEVARD OQBA,"['L039', 'L32D']",['casabus'],-7.559256150047924,33.579632150010106
252,BOULEVARD OUED BEHT,['L143'],['casabus'],-7.677625900000001,33.5585122
253,BOULEVARD OUED DAHAB,"['L063', 'L064', 'L067']",['casabus'],-7.5689226,33.543556300000006
254,BOULEVARD OUED DAHAB,"['L063', 'L064', 'L067']",['casabus'],-7.5685393,33.54356429999999
255,BOULEVARD OUED DRAA,"['L09E', 'L084']",['casabus'],-7.684743300000001,33.556112
256,BOULEVARD OUED DRAA,"['L09E', 'L084']",['casabus'],-7.6845837,33.55638989999999
257,BOULEVARD OUED EDAOURA 1,"['L068', 'L109']",['casabus'],-7.677870799996423,33.54258225000962
258,BOULEVARD OUED LAOU,"['L143', 'L050']",['casabus'],-7.675207800042903,33.560442250005785
259,BOULEVARD OUED TENSIFT,"['L068', 'L143', 'L109']",['casabus'],-7.684519200000001,33.5525804
260,BOULEVARD OUED TENSIFT,"['L143', 'L109']",['casabus'],-7.6846639,33.5529075
261,BOULEVARD PALESTINE,['L903'],['casabus'],-7.374746900041967,33.6862273500105
262,BOULEVARD RACHIDI,"['L006', 'L019', 'L056', 'L022', 'L040']",['casabus'],-7.621952199999999,33.5909199
263,BOULEVARD ROUDANI,['L007'],['casabus'],-7.630473150037647,33.584754350058915
264,BOULEVARD SMARA,"['L006', 'L068']",['casabus'],-7.588660450049245,33.537344250007145
265,BOULEVARD SOUR JDID,['L056'],['casabus'],-7.6210778,33.6050261
266,BOULEVARD SOUR JDID,['L056'],['casabus'],-7.6207587,33.6052352
267,BOULEVARD TAH,['L006'],['casabus'],-7.5799083,33.5341683
268,BOULEVARD TAH,['L006'],['casabus'],-7.578890900000001,33.5348302
269,BOULEVARD TARIK IBNOU ZIAD,['L006'],['casabus'],-7.616815,33.5768411
270,BOULEVARD TAZA,"['L006', 'L022']",['casabus'],-7.5947479,33.54438319999999
271,BOULEVARD TAZA,"['L006', 'L022']",['casabus'],-7.594681900000001,33.5450965
272,BOULEVARD ZERKTOUNI,"['L060', 'L038', 'L067']",['casabus'],-7.6362428,33.5915415
273,BOULEVARD ZERKTOUNI,"['L060', 'L038', 'L067']",['casabus'],-7.636585499999998,33.5916527
274,BOULEVARS ABDELKRIM KHATTABI,['L084'],['casabus'],-7.664745499989933,33.58092605000141
275,BOUSKOURA CENTRE,['L300'],['casabus'],-7.642102799997954,33.43762790005701
276,BOUZIANE,['L120'],['casabus'],-7.5434502,33.56998519999999
277,BOUZIANE,['L120'],['casabus'],-7.5437363,33.5704918
278,BRAHMA 3,['L904'],['casabus'],-7.451376050018788,33.62896380006317
279,BRAHMA II,['L902'],['casabus'],-7.446327650011226,33.621951250001366
280,Boulevard Fouarate,"['L038', 'L040']",['casabus'],-7.568907699986729,33.57618140000206
281,Boulevard Hassan El Allaoui,['L039'],['casabus'],-7.58658799999584,33.57979675000104
282,Boulevard L'Ocean Atlantique,['L005'],['casabus'],-7.6851111,33.5872175
283,Boulevard L'Ocean Atlantique,['L005'],['casabus'],-7.684600400000001,33.5873755
284,Boulevard Mohamed Sijilmassi,['L056'],['casabus'],-7.6398817,33.588876400000004
285,CARIERRE CENTRALE,"['L139', 'L090']",['casabus'],-7.566499200086376,33.59215305003014
286,CARRIERE ARAIB,"['L043', 'L079', 'L064']",['casabus'],-7.533845549992411,33.5818284500065
287,CARRIERE BEN ABID,['L301'],['casabus'],-7.8746248,33.499899199999994
288,CARRIERE BEN ABID,['L301'],['casabus'],-7.8743263,33.50055580000001
289,CARRIERE BEN M'SIK,['L079'],['casabus'],-7.5794702,33.5579318
290,CARRIERE BENMSICK,['L079'],['casabus'],-7.5791201,33.557494600000005
291,CARRIERE RHAMNA,"['L043', 'L079', 'L064', 'L606']",['casabus'],-7.5189355,33.5900003
292,CARRIERE RHAMNA,"['L043', 'L079', 'L064', 'L606']",['casabus'],-7.518923400000001,33.5902896
293,CARRIERE SCHNEIDER,"['L97B', 'L068', 'L013', 'L109']",['casabus'],-7.6678834,33.56449669999999
294,CARRIERE SCHNEIDER,"['L068', 'L013']",['casabus'],-7.6679128,33.565191
295,CASERNE AIN BORJA,"['L043', 'L090', 'L055']",['casabus'],-7.590950000064061,33.58683755001856
296,CASERNE DEROUA,['L312'],['casabus'],-7.533419000007065,33.40847860002747
297,CASERNE MLY YOUSSEF,"['L902', 'L904']",['casabus'],-7.458502449961276,33.61768985002452
298,CASERNE NOUACEUR,['L312'],['casabus'],-7.579750950030131,33.39860170000343
299,CENTRE COMMERCIAL EMILE ZOLA,"['L023', 'L139', 'L033', 'L082']",['casabus'],-7.596993900060902,33.59362305007853
300,CENTRE CULTUREL,"['L107', 'L031', 'L007', 'L300']",['casabus'],-7.650623100000001,33.5257386
301,CENTRE CULTUREL,"['L107', 'L031', 'L007', 'L300']",['casabus'],-7.650336700000001,33.52631079999998
302,CENTRE D'HEMODIALYSE 2 MARS,"['L060', 'L063', 'L143']",['casabus'],-7.603453400027661,33.552250300025456
303,CENTRE DE L'ADDICTOLOGIE,"['L006', 'L067']",['casabus'],-7.618947299964385,33.57634480003
304,CENTRE DE MAINTENANCE TRAMWAY,['L097'],['casabus'],-7.517086249957114,33.57705285006585
305,CENTRE DE SANTE OUHOUDE,"['L056', 'L011']",['casabus'],-7.645761349970549,33.59738960000517
306,CENTRE DE SANTE RIAD,['L906'],['casabus'],-7.3839128,33.6844925
307,CENTRE DE SANTE RIAD,['L906'],['casabus'],-7.384319,33.6845807
308,CENTRE DE SANTE VECTORIA,['L307'],['casabus'],-7.674089600000001,33.4242092
309,CENTRE DE SANTE VECTORIA,['L307'],['casabus'],-7.673983000000001,33.424495699999994
310,CENTRE DPK (ALSA),"['L038', 'L040']",['casabus'],-7.574847000003904,33.57395890000075
311,CENTRE EMERGENT,['L600'],['casabus'],-7.499990600026067,33.452739150038695
312,CENTRE FEMININ,"['L006', 'L109', 'L079', 'L060', 'L022']",['casabus'],-7.601941900055963,33.56191185001094
313,CENTRE NOUR,"['L310', 'L309', 'L300']",['casabus'],-7.637736550001755,33.47818465007769
314,CENTRE OFPPT ESSAFA,['L050'],['casabus'],-7.692724849963234,33.55219265000688
315,CENTRE SIDI MOUMEN,['L079'],['casabus'],-7.543744799989894,33.58030150001625
316,CHARCOMEM,['L120'],['casabus'],-7.5006283,33.505615
317,CHARCOMEM,['L120'],['casabus'],-7.5002032,33.50571240000001
318,CHATEAU EL QODS,['L023'],['casabus'],-7.501116800031444,33.60879730000483
319,CHATEAU MEDIOUNA,"['L312', 'L600']",['casabus'],-7.522434999999999,33.4577168
320,CHATEAU MEDIOUNA,"['L312', 'L600']",['casabus'],-7.5219641,33.4577673
321,CHEFCHAOUNI,['L608'],['casabus'],-7.511160999999999,33.6211044
322,CHEFCHAOUNI,['L608'],['casabus'],-7.511048700000001,33.6213926
323,CHELLAL,['L902'],['casabus'],-7.4517229,33.621833800000005
324,CHELLAL,['L902'],['casabus'],-7.4513093,33.6219581
325,CHICHANE,"['L055', 'L604', 'L068']",['casabus'],-7.5412847,33.54020439999999
326,CHICHANE 1,"['L055', 'L604', 'L068']",['casabus'],-7.540967399999999,33.5401323
327,CHTAIBA,"['L120', 'L062']",['casabus'],-7.5709881,33.5656633
328,CIMETIERE SBATA,"['L107', 'L072', 'L011']",['casabus'],-7.564159400000003,33.5467914
329,CIMETIERE SBATA,"['L107', 'L072', 'L011']",['casabus'],-7.565837500000001,33.54775189999999
330,CIMETIERE SIDI MOUMEN,['L606'],['casabus'],-7.519207050007948,33.577975600012486
331,CINEMA EL FALAH,"['L038', 'L040']",['casabus'],-7.5506172,33.55910289999999
332,CINEMA EL FALAH,"['L055', 'L038', 'L068', 'L040']",['casabus'],-7.5503599,33.55931259999999
333,CINEMA EL OTHMANIA,"['L079', 'L056']",['casabus'],-7.5746348,33.56027410000001
334,CINEMA EL OTHMANIA,"['L079', 'L056']",['casabus'],-7.5748833,33.560583
335,CINEMA MEGARAMA,['L005'],['casabus'],-7.66988159999897,33.594939400000406
336,CINEMA SAHRA,"['L006', 'L97B', 'L107', 'L097', 'L068', 'L022']",['casabus'],-7.599143299988132,33.55109475000104
337,CINEMA VERDIN,"['L055', 'L011', 'L043', 'L062', 'L139']",['casabus'],-7.625921700017725,33.59598745001
338,CITE CHEMINOT,"['L033', 'L082']",['casabus'],-7.568397250022106,33.59951790000347
339,CITE DE POLICE (BERNOUSSI),"['L082', 'L608', 'L065', 'L606', 'L090', 'L064']",['casabus'],-7.51967289996664,33.603085200062274
340,CITE DE POLICE IBN SINA,['L09E'],['casabus'],-7.6811608,33.56615289999999
341,CITE DE POLICE IBN SINA,['L09E'],['casabus'],-7.680701600000001,33.5664506
342,CITE PLATEAU,"['L063', 'L051']",['casabus'],-7.636635000071026,33.568148800065366
343,CITY AIN SEBAA,['L139'],['casabus'],-7.539333900000001,33.5988593
344,CITY AIN SEBAA,['L139'],['casabus'],-7.5394253,33.5991378
345,CLINIQUE ABBADI,"['L072', 'L109']",['casabus'],-7.661100650054883,33.56899845001672
346,CLINIQUE ABDELMOUMEN,"['L143', 'L300']",['casabus'],-7.626545199999999,33.56528089999999
347,CLINIQUE ABDELMOUMEN,"['L143', 'L300']",['casabus'],-7.626836599999999,33.56555439999999
348,CLINIQUE AIN CHOC,"['L060', 'L063', 'L143']",['casabus'],-7.602288199985721,33.549329100019406
349,CLINIQUE ANDALOUS,['L011'],['casabus'],-7.654779799918884,33.5965952000568
350,CLINIQUE BEN SOUDA,['L084'],['casabus'],-7.6526718,33.58592879999999
351,CLINIQUE BEN SOUDA 2,['L084'],['casabus'],-7.653903099999999,33.58548129999999
352,CLINIQUE CIL,"['L072', 'L109']",['casabus'],-7.658211200000001,33.567305399999995
353,CLINIQUE DAR SALAM,"['L020', 'L109', 'L310', 'L072', 'L031']",['casabus'],-7.619310500000001,33.56193830000001
354,CLINIQUE DAR SALAM,"['L020', 'L109', 'L310', 'L072', 'L068', 'L031']",['casabus'],-7.619625300000001,33.56209379999999
355,CLINIQUE DENTAIRE,['L084'],['casabus'],-7.647287800115898,33.58735625003733
356,CLINIQUE FDALA,['L906'],['casabus'],-7.391760050037237,33.69640250001597
357,CLINIQUE NORMANDIE,"['L97B', 'L013', 'L050']",['casabus'],-7.6495485,33.58393780000001
358,CLINIQUE NORMANDIE,"['L97B', 'L013', 'L050', 'L09E']",['casabus'],-7.650533500000001,33.58399059999999
359,CLINIQUE RIVIERA,"['L063', 'L068', 'L020', 'L143']",['casabus'],-7.640753050037199,33.5674345000074
360,CLINIQUE SARA,"['L072', 'L109']",['casabus'],-7.6668932,33.57003499999999
361,CLINIQUE SARA,"['L072', 'L109']",['casabus'],-7.666837600000001,33.57039360000001
362,CLINIQUE SIDI OTHMANE,"['L039', 'L120', 'L079']",['casabus'],-7.561451199930044,33.56088685002457
363,CLUB ESSAKHI,['L903'],['casabus'],-7.330532050038029,33.62588205002848
364,CNSS DAR LAMANE,"['T2', 'L139', 'L090']","['casabus', 'tram']",-7.557429766681245,33.59372996666865
365,COLIS POSTAUX,"['L055', 'L033', 'L023', 'L082', 'L900', 'L011', 'L120', 'L043', 'L062', 'L139']",['casabus'],-7.6055365,33.596195399999985
366,COLIS POSTAUX,"['L033', 'L139', 'L011']",['casabus'],-7.604903999999999,33.59635800000001
367,COLLEGE BNO TOUMART,['L120'],['casabus'],-7.5486216,33.5679208
368,COLLEGE BNO TOUMART,['L120'],['casabus'],-7.548639900000001,33.5682279
369,COLLEGE BOUSKOURA,"['L310', 'L307']",['casabus'],-7.647762399999999,33.44669400000001
370,COLLEGE BOUSKOURA,"['L310', 'L307']",['casabus'],-7.648135499999999,33.4467078
371,COLLEGE EL HASSAN ELYOUSSI,['L062'],['casabus'],-7.535457300000003,33.555465799999986
372,COLLEGE IBNO ABBAD,"['L09E', 'L084']",['casabus'],-7.6864119,33.545779
373,COLLEGE IBNO ABBAD 2,"['L09E', 'L084']",['casabus'],-7.686061100000002,33.5454707
374,COLLEGE IDRISS I,"['L310', 'L300']",['casabus'],-7.641615500027761,33.45528070010242
375,COLLEGE MOULOUYA,"['L019', 'L020']",['casabus'],-7.689653200000001,33.5586861
376,COLLEGE TABARI,['L107'],['casabus'],-7.661370899949678,33.52677080004948
377,COLLEGE YAAKOUB EL MANSOUR,['L906'],['casabus'],-7.387898299999999,33.68132399999999
378,COLLEGE YAAKOUB EL MANSOUR,['L906'],['casabus'],-7.3882633,33.6815532
379,COLLEGE ZINEB NEFZAOUIA,"['L079', 'L011']",['casabus'],-7.5875657500875935,33.56347300002004
380,COMMISARIAT LAHRAOUIYINE,"['L065', 'L062']",['casabus'],-7.532119550030527,33.552090500008646
381,COMMISSARIAT AL AZHAR,['L082'],['casabus'],-7.49144465004402,33.60235180003224
382,COMMISSARIAT NASSIM,['L09E'],['casabus'],-7.657092700011397,33.52155690001338
383,COMMISSARIAT RIAD AL OULFA,"['L020', 'L019', 'L005']",['casabus'],-7.693005249935236,33.558940300028354
384,COMMISSARIAT SIDI MAAROUF,"['L031', 'L007', 'L300']",['casabus'],-7.652388400000001,33.5198146
385,COMMISSARIAT SIDI MAAROUF,"['L031', 'L007', 'L300']",['casabus'],-7.652281,33.52105829999999
386,COMMUNE DAR BOUAAZZA,['L301'],['casabus'],-7.819659800000001,33.5129604
387,COMMUNE DAR BOUAAZZA,['L301'],['casabus'],-7.8198942,33.5132182
388,COMPLEXE MOHAMED V,"['L97B', 'L013', 'L050']",['casabus'],-7.647925750058257,33.58136185002015
389,COMPLEXE CULTUREL,['L800'],['casabus'],-7.4607361,33.6335393
390,COMPLEXE CULTUREL,['L800'],['casabus'],-7.460951000000001,33.6338373
391,COMPLEXE EDUCATIF HASSAN II,"['L079', 'L011']",['casabus'],-7.5876816,33.55863130000001
392,COMPLEXE EDUCATIF HASSAN II,"['L079', 'L011']",['casabus'],-7.5874869,33.5589185
393,COMPLEXE KAMAL ZEBDI,"['L039', 'L097', 'L064', 'L97B']",['casabus'],-7.571748999992235,33.55668015000356
394,CONSULAT D'ESPAGNE,['L007'],['casabus'],-7.624951,33.5914556
395,CONSULAT DE LA RUSSIE,['L019'],['casabus'],-7.629994299999999,33.5781466
396,CONSULAT DE LA RUSSIE,['L019'],['casabus'],-7.6306317,33.578192699999995
397,COUR D'APPEL,"['L055', 'L011', 'L120', 'L043', 'L062']",['casabus'],-7.603491249902285,33.59523295004263
398,TERMINUS HAY SALAM,"['L97B', 'L068', 'L013']",['casabus'],-7.673129450094538,33.544853650027555
399,Cite des Métiers,['L312'],['casabus'],-7.555360900000002,33.3999091
400,Cite des Métiers,['L312'],['casabus'],-7.5549853,33.400012
401,DAR 16,['L306'],['casabus'],-7.718141999970353,33.50184930001299
402,DAR BOUAAZZA,['L301'],['casabus'],-7.83333,33.5078037
403,DAR BOUAAZZA,['L301'],['casabus'],-7.8341831,33.507874099999995
404,DAR DAW,['L903'],['casabus'],-7.348098900018122,33.65789120000205
405,DAR LAMANE,"['L139', 'L090']",['casabus'],-7.554219899999999,33.5939819
406,DAR LAMANE,"['L139', 'L090']",['casabus'],-7.5545086,33.59414559999999
407,DAR LKBIRA,['L301'],['casabus'],-7.8455581,33.503546699999994
408,DAR LKBIRA,['L301'],['casabus'],-7.8458509,33.50375290000001
409,DAR LMIMA,['L604'],['casabus'],-7.5304373,33.5319405
410,DAR LMIMA,"['L055', 'L604', 'L068']",['casabus'],-7.530565100000001,33.5321987
411,DAR LMOAMIN,"['L055', 'L011', 'L120', 'L043', 'L062']",['casabus'],-7.6026095,33.5896346
412,DAR LMOAMIN,"['L055', 'L011', 'L120', 'L043', 'L062']",['casabus'],-7.603056,33.5897081
413,DAR LMOHAMI,"['L055', 'L120', 'L011']",['casabus'],-7.603821099999999,33.59102089999998
414,DAR LMOHAMI,"['L055', 'L120', 'L011']",['casabus'],-7.6035737,33.59251280000001
415,DAR NESSRANIA,"['L310', 'L300']",['casabus'],-7.631779249977393,33.507477150065704
416,DAR TALIBA,['L064'],['casabus'],-7.561687949942855,33.56281705000794
417,DAR TOUZANI,['L600'],['casabus'],-7.5895193,33.55180519999998
418,DAR TOUZANI,['L600'],['casabus'],-7.590033199999999,33.551887099999995
419,DAR ZWAQ,['L301'],['casabus'],-7.8002698,33.5174833
420,DAR ZWAQ,['L301'],['casabus'],-7.8008691,33.51777319999999
421,DERB BOUCHENTOUF,"['L038', 'L020', 'L072', 'L067', 'L051', 'L604', 'L600']",['casabus'],-7.605421599999999,33.56752470000001
422,DERB BOUCHENTOUF,"['L038', 'L020', 'L072', 'L067', 'L051', 'L604', 'L600']",['casabus'],-7.6042223,33.5684962
423,DERB CHABAB C,['L903'],['casabus'],-7.3830568000227474,33.690099400066906
424,DERB FOUKARA,"['L038', 'L020', 'T2', 'L072', 'L067', 'L604', 'L600']","['casabus', 'tram']",-7.607230833335233,33.566535266691986
425,DERB JAMILA,['L084'],['casabus'],-7.6842854,33.57100669999999
426,Derb Sultan,"['L038', 'L020', 'L067', 'L051', 'L040', 'T2', 'L604', 'L072']","['tram', 'casabus']",-7.595981800024271,33.5720590000177
427,DERB KABIR,"['L038', 'L020', 'L067', 'L051', 'L040', 'L604', 'L072']",['casabus'],-7.595344300000001,33.5723447
428,DERB LAHJAR,"['L107', 'L143', 'L011']",['casabus'],-7.569193150011934,33.55052555000131
429,DERB LOUBILA,['L005'],['casabus'],-7.636895900000399,33.60459485000103
430,DERB MARRAKECH,['L902'],['casabus'],-7.394808450042349,33.685618300062
431,DERB MILA,"['L604', 'L038', 'L109']",['casabus'],-7.581086199938015,33.57084485001937
432,DERB MILAN,"['L604', 'L072']",['casabus'],-7.5792204,33.570700800000004
433,DERB MILAN,"['L604', 'L072', 'L067']",['casabus'],-7.579023799999999,33.5709265
434,DERB MOULAY CHRIF,['L139'],['casabus'],-7.5695036,33.59314009999999
435,DERB MOULAY CHRIF,['L139'],['casabus'],-7.5694973,33.593875700000005
436,DIRECTION  T. REGIONALE CASA,['L084'],['casabus'],-7.6886425,33.5417001
437,DIRECTION  T. REGIONALE CASA,['L084'],['casabus'],-7.6889481,33.5419119
438,DOUAR AL MOUMNATE,"['L312', 'L600']",['casabus'],-7.543557450047016,33.503985450079924
439,DOUAR CHRIF,"['L907', 'L32D']",['casabus'],-7.40663,33.671644500000006
440,DOUAR CHRIF,"['L907', 'L32D']",['casabus'],-7.407123900000001,33.67167139999999
441,DOUAR EL WAHDA,"['L907', 'L32D']",['casabus'],-7.411045800000001,33.6770979
442,DOUAR EL WAHDA,"['L907', 'L32D']",['casabus'],-7.4104986,33.6772388
443,DOUAR FOUKRA,['L306'],['casabus'],-7.732383399968847,33.49042705000908
444,DOUAR KHOUADRA,"['L310', 'L107', 'L031', 'L300']",['casabus'],-7.631466549975448,33.54067930000294
445,DOUAR KROUTA,"['L310', 'L307']",['casabus'],-7.664612900000001,33.435104599999995
446,DOUAR KROUTA,"['L310', 'L307']",['casabus'],-7.664270800000001,33.4351813
447,DOUAR LAATOUR,['L310'],['casabus'],-7.6378884,33.5330391
448,DOUAR LAATOUR,['L310'],['casabus'],-7.638490599999999,33.533090699999995
449,DOUAR LACHHAB,"['L800', 'L904', 'L900']",['casabus'],-7.424208400000001,33.6750937
450,DOUAR LACHHAB,"['L800', 'L904', 'L900']",['casabus'],-7.4244209,33.675346299999994
451,DOUAR LAHFAYA,"['L312', 'L600']",['casabus'],-7.5557681,33.51728620000001
452,DOUAR LAHFAYA,"['L312', 'L600']",['casabus'],-7.5556174,33.5175669
453,DOUAR LGOUISSEM,['L307'],['casabus'],-7.672757700040178,33.50048250002074
454,DOUAR LHAJ LAMLIH,['L900'],['casabus'],-7.447050149892331,33.665976150029095
455,DOUAR MAATAH,['L306'],['casabus'],-7.755554150022809,33.47776240000288
456,DOUAR MZAB,"['L312', 'L600']",['casabus'],-7.547716299999999,33.51137899999999
457,DOUAR OULD LHAJ JILALI,['L301'],['casabus'],-7.8792961,33.498806
458,DOUAR OULD LHAJ JILALI,['L301'],['casabus'],-7.879877099999999,33.49894290000001
459,DOUAR OULED BOUAZIZ,['L606'],['casabus'],-7.4388079,33.5429318
460,DOUAR RIFAI,['L306'],['casabus'],-7.781457549965586,33.46865640000815
461,DOUAR SEBT,['L301'],['casabus'],-7.884889300000001,33.4932449
462,DOUAR SEBT,['L301'],['casabus'],-7.885242300000001,33.4934168
463,DOUAR SIDI MASSIF,['L606'],['casabus'],-7.4501003,33.5469654
464,DRABNA ROUTE DE BOUSKOURA,"['L310', 'L300']",['casabus'],-7.630664250022893,33.503126950029845
465,DREAM VILAGE,['L903'],['casabus'],-7.369963550040745,33.6139470500184
466,DRISS LAHRIZI VICTORIA,['L307'],['casabus'],-7.67788774997796,33.42107055003867
467,DRISS SLAOUI,['L011'],['casabus'],-7.6539981,33.5936051
468,DRISSIA 2,['L056'],['casabus'],-7.5868573499509235,33.56497785000779
469,DYAR AL AMAL,['L306'],['casabus'],-7.724222800000001,33.49748129999999
470,DYAR AL AMAL,['L306'],['casabus'],-7.724015400000001,33.4977512
471,DYAR AL YOUSRA,['L905'],['casabus'],-7.3518708,33.67350439999999
472,DYAR AL YOUSRA,['L905'],['casabus'],-7.3524293,33.673686
473,DYAR EL ALIA,['L903'],['casabus'],-7.364600700002974,33.67456710004615
474,DYAR KENZA,['L905'],['casabus'],-7.353348099931533,33.670905600042914
475,ECOLE ABDELKRIM EL KHATTABI,"['L120', 'L606', 'L143', 'L065']",['casabus'],-7.529780100091762,33.56574410003516
476,ECOLE ABDELLAH HADDAOUI,['L606'],['casabus'],-7.424803100000001,33.5383596
477,ECOLE AJIAL SALAM,['L120'],['casabus'],-7.5160501,33.4608751
478,ECOLE AJIAL SALAM,['L120'],['casabus'],-7.516350900000001,33.460975899999994
479,ECOLE AL AJIAL,"['L068', 'L050', 'L109']",['casabus'],-7.6813346,33.55746130000001
480,ECOLE AL AJIAL,"['L068', 'L050', 'L109']",['casabus'],-7.681834900000001,33.5575313
481,ECOLE BAB ANDALOUS,['L022'],['casabus'],-7.606297399961967,33.53665640001138
482,ECOLE BELFKIH,['L604'],['casabus'],-7.5242639,33.5292887
483,ECOLE BELFKIH,['L604'],['casabus'],-7.523939100000001,33.5294444
484,ECOLE CAMELIA,"['L97B', 'L013', 'L09E']",['casabus'],-7.668227799999999,33.540719300000006
485,ECOLE CAMELIA 1,"['L97B', 'L013', 'L09E']",['casabus'],-7.6674272,33.54261839999999
486,ECOLE EL AKHAWAIN,"['L079', 'L120', 'L062', 'L056']",['casabus'],-7.565881900000001,33.56153570000001
487,ECOLE EL AKHAWAIN,"['L079', 'L120', 'L062', 'L056']",['casabus'],-7.5659787,33.5620055
488,ECOLE EL ANOUAR,['L107'],['casabus'],-7.663209999986169,33.52155750008464
489,ECOLE EL GHAZOUANI,['L900'],['casabus'],-7.4698158,33.6542374
490,ECOLE EL GHAZOUANI,['L900'],['casabus'],-7.4702078,33.654657500000006
491,ECOLE EL IBRAHIMI,"['L068', 'L109']",['casabus'],-7.681593,33.5563029
492,ECOLE EL JABRE,['L309'],['casabus'],-7.608033000051623,33.4895172000336
493,ECOLE EL KHALIL,['L072'],['casabus'],-7.6391448,33.56017860000001
494,ECOLE EL KHALIL,"['L072', 'L109']",['casabus'],-7.6400416,33.56030390000001
495,ECOLE EL KHALIL A,['L072'],['casabus'],-7.640608299999999,33.561194
496,ECOLE EL OUADGHIRI,"['L020', 'L143', 'L109']",['casabus'],-7.6331289,33.5635749
497,ECOLE EL OUADGHIRI,"['L068', 'L020', 'L143', 'L109']",['casabus'],-7.634232700000001,33.564010399999994
498,ECOLE ESSAFA,['L902'],['casabus'],-7.4175025,33.638032599999995
499,ECOLE ESSAFA,['L902'],['casabus'],-7.416745,33.638174199999995
500,ECOLE GEORGES BIZET,"['L019', 'L020', 'L143', 'L068', 'L063']",['casabus'],-7.654454900000001,33.5780999
501,ECOLE GEORGES BIZET,"['L019', 'L020', 'L143', 'L068', 'L063']",['casabus'],-7.654906399999999,33.5782638
502,ECOLE GPH,['L907'],['casabus'],-7.3774011,33.68301999999999
503,ECOLE GPH,['L907'],['casabus'],-7.377853199999999,33.6833007
504,ECOLE HASSANIA(EHTP),['L306'],['casabus'],-7.650325600000001,33.545533
505,ECOLE IBNO KATIR,"['L031', 'L007']",['casabus'],-7.6569157999958195,33.51034645001891
506,ECOLE KAOUKABI,['L084'],['casabus'],-7.6800835499318385,33.575224250019446
507,ECOLE LA PRAIRIE,"['L019', 'L020', 'L97B', 'L143', 'L013', 'L068', 'L050', 'L09E', 'L063']",['casabus'],-7.656843450009721,33.57788230006289
508,ECOLE LAARBI ELBENNAY,"['L068', 'L143', 'L109']",['casabus'],-7.681328299999999,33.55372630000001
509,ECOLE LAARBI ELBENNAY,"['L068', 'L143', 'L109']",['casabus'],-7.680985100000001,33.5541789
510,ECOLE LE NID,"['L043', 'L090', 'L055']",['casabus'],-7.5867049,33.58643419999999
511,ECOLE LE NID,"['L043', 'L090', 'L055']",['casabus'],-7.586152000000001,33.586551099999994
512,ECOLE LE PONT,['L107'],['casabus'],-7.629066000000001,33.54759790000001
513,ECOLE LE PONT,['L107'],['casabus'],-7.627784299999999,33.548086099999985
514,ECOLE MOULAY ABDELLAH,['L907'],['casabus'],-7.391945099956139,33.67498225003463
515,ECOLE NORMALE SUPERIEURE,"['L306', 'L051']",['casabus'],-7.6594935,33.5399106
516,ECOLE NORMALE SUPERIEURE,"['L306', 'L051']",['casabus'],-7.659903699999999,33.539971900000005
517,ECOLE OULAD HMIMOUN 1,"['L800', 'L904']",['casabus'],-7.433461050030677,33.667077450088755
518,ECOLE RIAD BOUSKOURA,"['L310', 'L300']",['casabus'],-7.640959150003913,33.460282600020314
519,ECOLE ROYALE DES GENDARMES,['L800'],['casabus'],-7.4806109,33.6267458
520,ECOLE ROYALE DES GENDARMES,['L800'],['casabus'],-7.480790199999999,33.62699610000001
521,EL AALIA,['L906'],['casabus'],-7.392126200000001,33.6777808
522,EL AALIA,['L906'],['casabus'],-7.392415899999999,33.6779708
523,EL FATH VICTORIA,['L307'],['casabus'],-7.676980699974906,33.42357465002963
524,ESPACE LES PALMIERS,['L090'],['casabus'],-7.626134049994788,33.582472200000495
525,ESSAFA,['L902'],['casabus'],-7.4208931,33.63547710000001
526,ESSAFA,['L902'],['casabus'],-7.4212263,33.63563320000001
527,ESSAFA 3,['L902'],['casabus'],-7.4135587,33.640182
528,ESSAFA 3,['L902'],['casabus'],-7.413859,33.6404891
529,FACULTE AIN CHOC,"['L143', 'L039', 'L060', 'L068', 'L063']",['casabus'],-7.601249750002195,33.54219725000954
530,FACULTE MEDECINE,"['L006', 'L067']",['casabus'],-7.6212900999761874,33.57595335001482
531,FACULTE ROUTE D'EL JADIDA,"['L306', 'L051']",['casabus'],-7.6536562,33.5428745
532,FACULTE ROUTE D'EL JADIDA,"['L306', 'L051']",['casabus'],-7.652735400000003,33.54431829999999
533,FARRAN LHALWA,"['L055', 'L068']",['casabus'],-7.546689000000001,33.5472772
534,FARRAN LHALWA,"['L055', 'L068']",['casabus'],-7.546426,33.5474639
535,FERAILLE DE TIT MELLIL,['L606'],['casabus'],-7.461883800000001,33.5491426
536,FERAILLE MEDIOUNA,['L312'],['casabus'],-7.519002200030256,33.45252905000702
537,FIRDAOUS II,"['L97B', 'L013']",['casabus'],-7.669306199964999,33.56087385006037
538,FORCE AUXILIAIRE,['L900'],['casabus'],-7.596383300000001,33.5967411
539,FORCE AUXILIAIRE,['L900'],['casabus'],-7.596344900000001,33.59705339999999
540,FORET BOUSKOURA,"['L310', 'L300']",['casabus'],-7.634360100000001,33.4874809
541,FORET BOUSKOURA,"['L310', 'L300']",['casabus'],-7.6337568,33.4875382
542,FORET OULAD SALH,"['L310', 'L307']",['casabus'],-7.660506749939729,33.44021305006014
543,FORET RAYAN,['L312'],['casabus'],-7.5565209,33.403548300000004
544,FORET RAYAN,['L312'],['casabus'],-7.5561571,33.4037603
545,FORET VERTE,"['L32D', 'L097', 'L143']",['casabus'],-7.5336095,33.56882710000001
546,FORET VERTE,"['L097', 'L143']",['casabus'],-7.533953800000001,33.5690758
547,FOUM LAHCEN,['L090'],['casabus'],-7.5694599999482515,33.59145845004087
548,FOURRIERE BEN M'SIK,"['L604', 'L072', 'L056', 'L067']",['casabus'],-7.578128000051031,33.56563780004718
549,Gare De Ain Sbaa,"['T2', 'L023', 'L608']","['tram', 'casabus']",-7.524292933350449,33.60749970002704
550,GARE BOUSKOURA,['L307'],['casabus'],-7.652608250032139,33.461768600019084
551,GARE DE CASA VOYAGEURS,['L090'],['casabus'],-7.593106650048015,33.589703150037174
552,Gare Oasis,"['L310', 'T1', 'L031', 'L300']","['tram', 'casabus']",-7.630942099952195,33.554914050021104
553,GARE ONCF DE L'OASIS,"['L310', 'L031', 'L300']",['casabus'],-7.6308004,33.5556905
554,GAREAGE ALLAL,"['L056', 'L040']",['casabus'],-7.599716499986136,33.5771356500696
555,GENDARMERIE AIN HARROUDA,"['L800', 'L904']",['casabus'],-7.449338299999997,33.636438500000004
556,GENDARMERIE AIN HARROUDA,"['L800', 'L904']",['casabus'],-7.449356000000001,33.63676509999999
557,GENDARMERIE MY IDRISS I,"['L038', 'L97B', 'L097', 'L143', 'L051', 'L063']",['casabus'],-7.616903799930112,33.57211710006209
558,GENERAL 1,['L900'],['casabus'],-7.51627634997802,33.62857895000412
559,GRANDE POSTE,"['L006', 'L019', 'L056', 'L022', 'L040']",['casabus'],-7.6191029000000015,33.59311499999999
560,GRANDE ZENATA,['L900'],['casabus'],-7.4819688,33.6484626
561,GRANDE ZENATA,['L900'],['casabus'],-7.482057,33.64883159999999
562,GREEN TOWN,['L309'],['casabus'],-7.59081820004655,33.48261850001104
563,GROUPE 3 MOULAY RACHID,['L062'],['casabus'],-7.542999400004118,33.565285750000534
564,GROUPE 3 SIDI MOUMEN JDID,['L064'],['casabus'],-7.543717049915997,33.57910835002441
565,GROUPE 4 MOULAY RACHID,"['L32D', 'L097', 'L143']",['casabus'],-7.5397432,33.5675039
566,GROUPE 4 MOULAY RACHID,"['L097', 'L143']",['casabus'],-7.539311,33.5679987
567,GROUPE 5 MOULAY RACHID,"['L097', 'L606']",['casabus'],-7.531599,33.57105249999999
568,GROUPE 5 MOULAY RACHID,['L097'],['casabus'],-7.5311303,33.57120949999999
569,GROUPE 6 MOULAY RACHID,['L606'],['casabus'],-7.5267949,33.57166370000001
570,GROUPE SCOLAIRE ALAMJAD,"['L068', 'L09E']",['casabus'],-7.673501400003281,33.54330270000036
571,HAJ FATEH,"['L09E', 'L051']",['casabus'],-7.684356199992497,33.542534800038254
572,HAMAM SKOURA,['L005'],['casabus'],-7.689571650042331,33.56880720002827
573,HAMMAM EL FAN,['L97B'],['casabus'],-7.581280200000002,33.55165219999999
574,HAMMAM LHAJJA,"['L055', 'L32D', 'L038', 'L040']",['casabus'],-7.560166699999999,33.56940819999999
575,HAMMAM LHAJJA,"['L055', 'L038', 'L040']",['casabus'],-7.559998200000001,33.5696946
576,HAY ADIL,"['L043', 'L055']",['casabus'],-7.570242100000001,33.58098189999999
577,HAY ADIL,['L055'],['casabus'],-7.5698554,33.58106209999999
578,HAY BARAKA,['L120'],['casabus'],-7.5379513,33.5730256
579,HAY BARAKA2,['L120'],['casabus'],-7.537703900000001,33.5727404
580,HAY BIN LMDOUN,"['L060', 'L006', 'L022']",['casabus'],-7.600856299964713,33.55719740005932
581,HAY BOURNAZIL,"['L039', 'L079', 'L064']",['casabus'],-7.557753549950444,33.56998660002075
582,HAY CHIFA,"['L067', 'L072', 'L040', 'L109']",['casabus'],-7.583550249957756,33.57230735000527
583,HAY CHRIFA,['L039'],['casabus'],-7.592879700033257,33.52924265002887
584,HAY CHRIFA II,['L039'],['casabus'],-7.599522299995361,33.53095695000057
585,HAY CHRIFA SANIA,['L022'],['casabus'],-7.6089639,33.53533899999999
586,HAY CHRIFA SANIA,['L022'],['casabus'],-7.608674200000001,33.53567699999999
587,HAY DAKHLA,['L006'],['casabus'],-7.6079444,33.57247670000001
588,HAY EL BARAKA,"['L32D', 'L120', 'L065']",['casabus'],-7.53471030007644,33.57075890005041
589,HAY EL BARAKA GH6,"['L019', 'L020', 'L301', 'L063', 'L072']",['casabus'],-7.683914500000001,33.5679837
590,HAY EL HANA,"['L019', 'L020', 'T2', 'L063', 'L072']","['casabus', 'tram']",-7.669540400017437,33.57236235000198
591,HAY EL HANA,"['L063', 'L019', 'L020', 'L072']",['casabus'],-7.669999599999999,33.5726877
592,HAY EL MASSIRA,"['L97B', 'L097', 'L143', 'L32D', 'L062']",['casabus'],-7.5480658,33.5630025
593,HAY EL MASSIRA,"['L97B', 'L097', 'L062', 'L143']",['casabus'],-7.5482262,33.5633176
594,HAY EL WAHDA,"['L055', 'L068']",['casabus'],-7.543278200000001,33.54386860000001
595,HAY EL WAHDA,"['L055', 'L068']",['casabus'],-7.543599,33.5439287
596,HAY EL WAHDA MO,['L907'],['casabus'],-7.382896400000001,33.68221209999999
597,HAY EL WAHDA MO 2,['L907'],['casabus'],-7.382522100000001,33.68203489999999
598,HAY ENNASR 2,"['L312', 'L600']",['casabus'],-7.5704627,33.53217159999999
599,HAY ENNASR 2,"['L312', 'L600']",['casabus'],-7.570550900000001,33.532624299999995
600,HAY ENNOUR,['L056'],['casabus'],-7.552813050093178,33.55214495006443
601,HAY HAKAM,"['L043', 'L055']",['casabus'],-7.595429300000003,33.5870839
602,HAY HAKAM,"['L043', 'L055']",['casabus'],-7.595083300000001,33.587273
603,HAY INARA 2,"['L006', 'L022']",['casabus'],-7.593791399937864,33.541717100039115
604,HAY JAMILA 2,"['L107', 'L600', 'L011']",['casabus'],-7.586973150018077,33.549218150001984
605,HAY JAMILA 4,['L068'],['casabus'],-7.57070879994044,33.54741900001908
606,HAY LMASJID 2,"['L079', 'L006', 'L109']",['casabus'],-7.6051089500221245,33.56200150000254
607,HAY MASJID 1,['L312'],['casabus'],-7.538460999955014,33.384248250019844
608,HAY MOULAY RACHID,"['L120', 'L065', 'L606', 'L143']",['casabus'],-7.531975400059694,33.56800785001307
609,HAY MOURAD,"['L055', 'L32D', 'L038', 'L040']",['casabus'],-7.56471625006448,33.574895950012724
610,HAY NAIM,"['L120', 'L606']",['casabus'],-7.504896900000003,33.56625459999999
611,HAY NAIM,"['L120', 'L606']",['casabus'],-7.504849900000002,33.5665262
612,HAY NAIM SIDI MOUMEN,"['L120', 'L606']",['casabus'],-7.511721050073366,33.56766795001659
613,HAY NAJAH,['L300'],['casabus'],-7.651138299986946,33.5137178000033
614,HAY NASSIM,['L307'],['casabus'],-7.665739000047278,33.51989600007732
615,HAY NASSIM II,['L307'],['casabus'],-7.665743300000001,33.5141464
616,HAY NASSIM II,['L307'],['casabus'],-7.6661226,33.51416759999999
617,HAY RACHIDIA 1,['L903'],['casabus'],-7.378029100048422,33.68811925002881
618,HAY RAJA,"['L039', 'L079', 'L064']",['casabus'],-7.54939364996166,33.57595990000924
619,HAY SADRI,"['L039', 'L079', 'L064']",['casabus'],-7.554144299887832,33.57227580004601
620,HAY SALAM 1,"['L97B', 'L013']",['casabus'],-7.6723391,33.5481654
621,HAY SALAM 1,"['L97B', 'L013']",['casabus'],-7.672342200000001,33.54855429999999
622,HAY SALAMA,"['L055', 'L079', 'L32D', 'L040', 'L064']",['casabus'],-7.5575053,33.566415
623,HAY SALAMA,"['L055', 'L038', 'L079', 'L040', 'L064']",['casabus'],-7.55777,33.5674028
624,HAY SALAMA ( MOHAMMEDIA ),"['L800', 'L900', 'L905', 'L907', 'L32D', 'L904']",['casabus'],-7.378815799938705,33.700725500014265
625,HAY TISSIR,"['L038', 'L040']",['casabus'],-7.578850799999999,33.57257659999999
626,HAY TISSIR,"['L038', 'L040']",['casabus'],-7.579200300000001,33.572941
627,HOPITAL 20 AOUT,['L067'],['casabus'],-7.6177886,33.5741445
628,HOPITAL AL HASSANI,"['L019', 'L020', 'L09E', 'L084']",['casabus'],-7.685120749918998,33.560763550056365
629,HOPITAL BOUAFI,"['L97B', 'L097', 'L143', 'L068', 'L063']",['casabus'],-7.607286100023098,33.558057850014755
630,HOPITAL CHABAB,['L903'],['casabus'],-7.38708930001946,33.68949295000961
631,HOPITAL CHEIKH KHALIFA,['L013'],['casabus'],-7.668307700000001,33.55125919999999
632,HOPITAL CHEIKH KHALIFA,['L013'],['casabus'],-7.668091100000001,33.5515472
633,HOPITAL EL MANSOUR,['L023'],['casabus'],-7.504337700000001,33.6074697
634,HOPITAL EL MANSOUR,['L023'],['casabus'],-7.5038806,33.6074914
635,HOPITAL MY ABDELLAH,"['L800', 'L900', 'L905', 'L907', 'L32D', 'L904']",['casabus'],-7.3832534,33.69834479999999
636,HOPITAL MY ABDELLAH,"['L800', 'L900', 'L905', 'L907', 'L32D', 'L904']",['casabus'],-7.383424,33.69865519999999
637,HOPITAL SALMIA,"['L604', 'L063', 'L072', 'L011']",['casabus'],-7.557692600000003,33.53992879999999
638,HOPITAL SALMIA,"['L604', 'L063', 'L072', 'L011']",['casabus'],-7.5577525,33.5402308
639,IBNO CHAHID,"['L019', 'L090']",['casabus'],-7.633824000000001,33.57880089999999
640,IMMEUBLE 400,['L007'],['casabus'],-7.634920749966224,33.58025615003305
641,INSTITUT AGRICOLE,['L903'],['casabus'],-7.34385674999847,33.6192913000003
642,INSTITUT PASTEUR,"['L038', 'L300']",['casabus'],-7.625790400044762,33.574222450090865
643,INSTITUT TARIK BNOU ZIAD,"['L312', 'L600']",['casabus'],-7.574384600067571,33.53515300001709
644,ISCAE,['L310'],['casabus'],-7.6363958,33.5270184
645,ISTA BOULEVARD AFGHANISTAN,"['L019', 'L020', 'L301', 'L063', 'L072']",['casabus'],-7.681755099999999,33.56900069999999
646,ISTA HAY HASSANI,['L084'],['casabus'],-7.6834798,33.569720399999994
647,JAMAL DORA,['L063'],['casabus'],-7.576145900000001,33.5390563
648,JAMAL DORA,['L063'],['casabus'],-7.5759385,33.53947110000001
649,JAMAL DORA 2,['L063'],['casabus'],-7.578593000000001,33.54127989999999
650,JARDIN 20 AOUT (GARE),"['L906', 'L907', 'L903']",['casabus'],-7.391026050027584,33.69144245005093
651,JARDIN AL MOSTAKBAL,"['L031', 'L007', 'L300']",['casabus'],-7.651819800000001,33.52292490000001
652,JARDIN AL MOSTAKBAL,"['L031', 'L007', 'L300']",['casabus'],-7.6516009,33.5233452
653,JARDIN ALESCO,"['L107', 'L011', 'L067', 'L068', 'L604', 'L064', 'L072']",['casabus'],-7.5670124,33.549781200000005
654,JARDIN ALESCO,"['L604', 'L072', 'L011']",['casabus'],-7.567867199999999,33.55029199999999
655,JARDIN ANASSI,"['L079', 'L033', 'L608', 'L097']",['casabus'],-7.494996400019504,33.58968320000213
656,JARDIN EL WAHDA,['L907'],['casabus'],-7.385511299941348,33.6795846000397
657,JARDIN LALLA MERIEM,"['L97B', 'L097', 'L143', 'L068', 'L062']",['casabus'],-7.5582094,33.5569962
658,JARDIN LALLA MERIEM,"['L97B', 'L097', 'T3', 'L143']","['casabus', 'tram']",-7.558059099991443,33.55727405001343
659,JARDIN LIGUE ARABE,"['L006', 'L019', 'L056', 'L022', 'L040']",['casabus'],-7.620537849978722,33.58863505004235
660,JARDIN MESBAHYATE,['L902'],['casabus'],-7.396722699990539,33.67311265004165
661,JAWADI,"['L039', 'L097', 'L97B']",['casabus'],-7.583806299997717,33.55222805000043
662,JAWHARAT AL MADINA,['L065'],['casabus'],-7.5292798,33.55769169999999
663,JAWHARAT AL MADINA,['L065'],['casabus'],-7.5295391,33.55791169999999
664,JNANE OULFA,"['L013', 'L051']",['casabus'],-7.678598650039727,33.53211355006971
665,JNANE SBIT,['L606'],['casabus'],-7.470788099999999,33.5518814
666,KHAYRIAT SIDI OTHMAN,['L120'],['casabus'],-7.5539363,33.56538369999999
667,KHAYRIAT SIDI OTHMAN,['L120'],['casabus'],-7.553783900000001,33.565752700000004
668,KIADAT MEDIOUNA,"['L312', 'L600']",['casabus'],-7.524016150121537,33.46335255005936
669,KISARIAT HAY MOHAMMADI,['L039'],['casabus'],-7.563375200000002,33.58582189999999
670,KISARIAT HAY MOHAMMADI,['L039'],['casabus'],-7.5630088,33.5859887
671,KISSARIAT AKHMASSI,"['L056', 'L040']",['casabus'],-7.597554999999999,33.5731289
672,KISSARIAT AKHMASSI,"['L056', 'L040']",['casabus'],-7.597970400000001,33.5731725
673,KISSARIAT AZIZA,['L043'],['casabus'],-7.558014350004142,33.58264345000069
674,KOREA SEBATA,"['L604', 'L064', 'L072', 'L067']",['casabus'],-7.569882299999999,33.55301409999999
675,KOREA SEBATA,"['L604', 'L072']",['casabus'],-7.570907,33.553671900000005
676,KRIMATE,['L107'],['casabus'],-7.6232367,33.54911969999999
677,L'EGLISE (ZERKTOUNI),"['L056', 'L060', 'L022', 'L040', 'L090']",['casabus'],-7.615874499983344,33.583057050002225
678,LA FERAILLE,['L039'],['casabus'],-7.581978000000001,33.58281770000001
679,LA FERAILLE,['L039'],['casabus'],-7.5823579,33.58286869999999
680,Gare Oulad Ziane,"['L120', 'L062', 'T4']","['tram', 'casabus']",-7.585525050062078,33.57594610004144
681,LA GARE ROUTIERE,"['L120', 'L062']",['casabus'],-7.586568,33.5763868
682,LA MORGUE AIN CHOK,['L600'],['casabus'],-7.592664799999999,33.554666
683,Afriquia,"['T3', 'L600']","['tram', 'casabus']",-7.592345649985204,33.55476570000137
684,LA MORGUE RAHMA,"['L050', 'L051']",['casabus'],-7.7248064,33.535065
685,LA POSTE TIT MELLIL,"['L904', 'L120', 'L606', 'L608']",['casabus'],-7.4832201,33.5558995
686,LA POSTE TIT MELLIL,"['L904', 'L120', 'L606', 'L608']",['casabus'],-7.4836499,33.5564805
687,LAAOUINA LHARRA,"['L056', 'L038', 'L011']",['casabus'],-7.639640299959586,33.60028580001838
688,LAAOUINA MAARIF,"['L306', 'L007']",['casabus'],-7.638083950022673,33.57693110000254
689,LABRAHMA,['L905'],['casabus'],-7.380525300076875,33.66883925003239
690,LAHRAOUIYINE,"['L065', 'L062']",['casabus'],-7.53033249998533,33.54674480002734
691,LALLA MERYEM,['L056'],['casabus'],-7.5606811999999985,33.55846809999999
692,LALLA MERYEM,['L056'],['casabus'],-7.5611458,33.55848759999999
693,LES ARENES,"['L013', 'L050', 'L09E', 'L084']",['casabus'],-7.639721500000001,33.58949030000001
694,LES ARENES,"['L013', 'L050', 'L09E', 'L084']",['casabus'],-7.637658100000001,33.5904669
695,LES JARDAINS D'ERRAHMA,"['L050', 'L051']",['casabus'],-7.7231808,33.53482449999999
696,LES JARDINS DE BALI,['L309'],['casabus'],-7.625481000054126,33.55899180002411
697,LHALHAL,['L604'],['casabus'],-7.5156697000376225,33.515599850009835
698,LHJAJMA,['L056'],['casabus'],-7.645605800056554,33.59467275002045
699,LISSASFA 1,"['L107', 'L306', 'L307', 'L051']",['casabus'],-7.669480100000001,33.5340194
700,LISSASFA 1,"['L107', 'L306', 'L307', 'L051']",['casabus'],-7.669393000000001,33.5343832
701,LISSASFA 2,['L306'],['casabus'],-7.678507099931043,33.52879405004594
702,LOMOU,['L301'],['casabus'],-7.766230399927638,33.53394780007052
703,LOTISEMENT FARAH ESSALAM,['L084'],['casabus'],-7.695379850038443,33.53822065001407
704,LYCEE ALIDRISSI,"['L107', 'L056', 'L040']",['casabus'],-7.533905699968343,33.5622530500555
705,LOTISSEMENT EL MANZAH,"['L107', 'L062', 'L056', 'L040']",['casabus'],-7.5381731,33.5594444
706,LOTISSEMENT EL MANZAH,"['L107', 'L062', 'L056', 'L040']",['casabus'],-7.538531799999999,33.55955329999999
707,LOTISSEMENT FARAH ESSALAM 1,['L084'],['casabus'],-7.697584899999999,33.5364952
708,LOTISSEMENT FARAH ESSALAM 1 2,['L084'],['casabus'],-7.6985308,33.5351414
709,LOTISSEMENT MALAK 1,['L905'],['casabus'],-7.34732715003561,33.686735600006365
710,LOTISSEMENT RACHAD,"['L312', 'L600']",['casabus'],-7.538351399999998,33.49274239999999
711,LOTISSEMENT RACHAD,"['L312', 'L600']",['casabus'],-7.538039,33.4928129
712,LOTISSEMENT SAKLIA,['L005'],['casabus'],-7.694019900024984,33.56549060003909
713,LOTISSEMENT SEQUIA,['L301'],['casabus'],-7.718010800000001,33.56254239999999
714,LOTISSEMENT SEQUIA,['L301'],['casabus'],-7.7187241,33.56261059999999
715,LWIZYA II,['L905'],['casabus'],-7.34224239993773,33.68264010003522
716,LYCEE ABDELKHALEK TORRES,"['L079', 'L608']",['casabus'],-7.508155850082291,33.59316725004146
717,LYCEE ABDELLAH IBRAHIM,"['L055', 'L068']",['casabus'],-7.524843400064541,33.53010260003669
718,LYCEE ALAKHYAR,"['L107', 'T3', 'L143', 'L011']","['casabus', 'tram']",-7.575586700099402,33.54672840002646
719,LYCEE ALAKHYAR,"['L107', 'L143', 'L011']",['casabus'],-7.5751211,33.5468579
720,LYCEE ALIDRISSI,['L079'],['casabus'],-7.5835932,33.5567458
721,LYCEE BEN KHALDOUN,['L907'],['casabus'],-7.389009999921381,33.67696910004334
722,LYCEE CHAOUKI,"['L060', 'L038', 'L067']",['casabus'],-7.626856600000001,33.5838437
723,LYCEE CHAOUKI,"['L060', 'L038', 'L067']",['casabus'],-7.628087399999999,33.58479489999999
724,LYCEE EL BAROUDI,['L023'],['casabus'],-7.5538313,33.60429709999999
725,LYCEE EL BAROUDI,['L023'],['casabus'],-7.5535366,33.60456969999999
726,LYCEE EL WALLADA,"['L09E', 'L084']",['casabus'],-7.642606499999999,33.5884088
727,LYCEE EL WALLADA,"['L050', 'L09E', 'L084']",['casabus'],-7.642426,33.5886371
728,LYCEE FECHTALI,"['L068', 'L050', 'L109']",['casabus'],-7.678576399999999,33.55862129999999
729,LYCEE FECHTALI,"['L143', 'L050', 'L109']",['casabus'],-7.678921400000001,33.558653099999994
730,LYCEE IBNO HAZM,"['L604', 'L072', 'L056']",['casabus'],-7.576455799999999,33.5615042
731,LYCEE IBNO HAZM,"['L604', 'L072', 'L056', 'L067']",['casabus'],-7.576135,33.56166459999999
732,LYCEE JABER BNOU HAYAN,['L090'],['casabus'],-7.6043606000000015,33.58745059999999
733,LYCEE JABER BNOU HAYAN,['L090'],['casabus'],-7.6047302,33.5876362
734,LYCEE LAHLOU,"['L038', 'L97B', 'L097', 'L143', 'L051', 'L063']",['casabus'],-7.62276,33.572061000000005
735,LYCEE LAHLOU,"['L038', 'L97B', 'L097', 'L143', 'L051', 'L063']",['casabus'],-7.6233851,33.5722157
736,LYCEE LOUIS MASSIGNON,['L309'],['casabus'],-7.622276599999999,33.47855559999999
737,LYCEE LOUIS MASSIGNON,['L309'],['casabus'],-7.6217075,33.47860969999999
738,LYCEE LYAUTEY,['L067'],['casabus'],-7.631371000000001,33.5959877
739,LYCEE MOHAMED V,"['L060', 'L022']",['casabus'],-7.615250799996638,33.57825420000814
740,LYCEE MOULAY ABDELLAH,"['L020', 'L109', 'L310', 'L072', 'L068', 'L031']",['casabus'],-7.61311390006641,33.561967750022774
741,LYCEE TECHNIQUE MOHAMMEDIA,"['L907', 'L32D', 'L800', 'L904']",['casabus'],-7.364141800000002,33.706402399999995
742,LYCEE TECHNIQUE MOHAMMEDIA,"['L907', 'L32D', 'L800', 'L904']",['casabus'],-7.364723299999999,33.70655310000001
743,M'SALLA AIN CHOK,"['L039', 'L068', 'L022']",['casabus'],-7.599619099928452,33.54859980005175
744,M'SALLA MOHAMMEDIA,"['L905', 'L906', 'L900']",['casabus'],-7.3743587,33.69331309999999
745,M'SALLA MOHAMMEDIA,"['L905', 'L906', 'L900']",['casabus'],-7.374794200000001,33.69331999999999
746,M'SALLA QODS,['L800'],['casabus'],-7.484184149937611,33.6247673500153
747,MAAGUIZ,['L023'],['casabus'],-7.508872600000001,33.61406409999999
748,MAAGUIZ,['L023'],['casabus'],-7.507781,33.614329899999994
749,MAARIF EXTENTION,"['L020', 'L109', 'L143', 'L068', 'L309']",['casabus'],-7.629230999999999,33.56390780000001
750,MAARIF EXTENTION,"['L020', 'L109', 'L143', 'L068', 'L309']",['casabus'],-7.6302305,33.563994099999995
751,MAATI BEN SALEH,['L006'],['casabus'],-7.608469000000001,33.5723158
752,MADAME CHOUAL,['L301'],['casabus'],-7.714559300000001,33.564543699999994
753,MADAME CHOUAL,['L301'],['casabus'],-7.714966100000001,33.56468699999999
754,MADAME LOULA,['L301'],['casabus'],-7.707899800000002,33.56786689999999
755,MADAME LOULA,['L301'],['casabus'],-7.7079611,33.5683276
756,MAISON DES JEUNES ZERKTOUNI,['L060'],['casabus'],-7.638945799888376,33.59984080006937
757,MAISON DES SOEURS,['L072'],['casabus'],-7.6364331,33.55778509999999
758,MAISON DES SOEURS,['L072'],['casabus'],-7.636332200000001,33.5582733
759,MARASSI TIT MELLIL,['L606'],['casabus'],-7.477354300048736,33.55390450000812
760,MARCHE AIN CHOC,"['L006', 'L022']",['casabus'],-7.5960931,33.5468243
761,MARCHE AIN CHOC,"['L006', 'L022']",['casabus'],-7.5963165,33.5470525
762,MARCHE DE BOIS,['L600'],['casabus'],-7.5946908,33.56048719999998
763,MARCHE DE BOIS,['L600'],['casabus'],-7.594433,33.5610544
764,MARCHE DE GROS,['L143'],['casabus'],-7.56324,33.5540214
765,MARCHE DE GROS,"['L068', 'L143']",['casabus'],-7.5630899,33.5544081
766,MARCHE DE GROS 1,['L090'],['casabus'],-7.596592450051613,33.59014520001069
767,MARCHE DE GROS ERRAHMA,"['L050', 'L051']",['casabus'],-7.719195000000001,33.5373737
768,MARCHE DES DATTES,['L056'],['casabus'],-7.5793143,33.569981099999985
769,MARCHE DES DATTES 2,['L056'],['casabus'],-7.578803300000001,33.569898
770,MARCHE DES FLEURS,"['L056', 'L060', 'L022', 'L040', 'L090']",['casabus'],-7.6195056,33.5826777
771,MARCHE DES FLEURS,"['L056', 'L060', 'L022', 'L040', 'L090']",['casabus'],-7.61877,33.582794
772,MARCHE DES POULETS,['L139'],['casabus'],-7.572690400063465,33.59529265005875
773,MARCHE OASIS,['L072'],['casabus'],-7.634718200000003,33.556794499999995
774,MARCHE OASIS,['L072'],['casabus'],-7.634041700000001,33.5573588
775,MARINA,['L005'],['casabus'],-7.6210634,33.6060646
776,MARINA CASA,['L005'],['casabus'],-7.6209021,33.605817300000005
777,MASJID FIRDAOUSS,['L033'],['casabus'],-7.5113391,33.6017178
778,METRO,"['L107', 'L031', 'L007', 'L300']",['casabus'],-7.6437602,33.5377207
779,MIMOSAS,['L023'],['casabus'],-7.5314416,33.6124205
780,MIMOSAS,['L023'],['casabus'],-7.5305314,33.6126408
781,MORABITINE,"['L906', 'L907']",['casabus'],-7.3918362,33.6812492
782,MORABITINE,"['L906', 'L907']",['casabus'],-7.3921393,33.6813584
783,MOROCCO MALL,['L005'],['casabus'],-7.703433,33.580071
784,MOROCCO MALL,['L005'],['casabus'],-7.703122200000001,33.580301500000004
785,MOSQUEE  DOHA,['L063'],['casabus'],-7.635704300000003,33.570454999999995
786,MOSQUEE  DOHA,['L063'],['casabus'],-7.6360287,33.57050999999999
787,MOSQUEE AB HORAIRA,"['L097', 'L606']",['casabus'],-7.528162949891048,33.57353520003748
788,MOSQUEE ABIR,"['L043', 'L079', 'L064']",['casabus'],-7.5380459,33.582162200000006
789,MOSQUEE ABIR,"['L043', 'L079', 'L064']",['casabus'],-7.537962299999999,33.5824544
790,MOSQUEE ADARISSA,['L300'],['casabus'],-7.640884999999999,33.51565610000001
791,MOSQUEE ADARISSA,['L300'],['casabus'],-7.6413393,33.5157449
792,MOSQUEE AFGHANISTAN,"['L063', 'L019', 'L020', 'L072']",['casabus'],-7.673283100000001,33.5726914
793,MOSQUEE AFGHANISTAN,"['L063', 'L019', 'L020', 'L072']",['casabus'],-7.672175599999999,33.57325929999999
794,MOSQUEE AHL LOGHLAM,['L902'],['casabus'],-7.495840399973436,33.597927150002654
795,MOSQUEE AIN CHOC,"['L006', 'L97B', 'L107', 'L097', 'L068', 'L022']",['casabus'],-7.6000457500040115,33.55365690000051
796,MOSQUEE AL ANSAR,"['L055', 'L604', 'L068']",['casabus'],-7.528519500000001,33.5291451
797,MOSQUEE AL ANSAR,"['L055', 'L604', 'L068']",['casabus'],-7.5281977000000015,33.52926599999999
798,MOSQUEE AL FADL,"['L065', 'L062']",['casabus'],-7.5134981,33.5555449
799,MOSQUEE AL FADL,"['L065', 'L062']",['casabus'],-7.513702600000001,33.55582329999999
800,MOSQUEE AL FALAH,['L023'],['casabus'],-7.4939661,33.613082599999984
801,MOSQUEE AL FALAH,['L023'],['casabus'],-7.4935103,33.61315599999999
802,MOSQUEE AL IRAQUI,['L306'],['casabus'],-7.700894249975364,33.51263950000848
803,MOSQUEE AL MAGHFIRA,['L023'],['casabus'],-7.516773249959876,33.61042090004554
804,MOSQUEE ALGERIE,['L800'],['casabus'],-7.508461800000002,33.6055996
805,MOSQUEE ANNOUR,['L604'],['casabus'],-7.521572500075218,33.52595650004896
806,MOSQUEE AZHAR,['L051'],['casabus'],-7.692216200027757,33.542363600003654
807,MOSQUEE BAB TAOUBA,"['L056', 'L107', 'L143', 'L120', 'L606', 'L040']",['casabus'],-7.525417049940019,33.56804225002603
808,ROUTE DE L'OASIS,"['L310', 'L031', 'L072', 'L300']",['casabus'],-7.629681324752176,33.55891657526119
809,MOSQUEE BADR,"['L060', 'L038']",['casabus'],-7.6383215,33.5952795
810,MOSQUEE BADR,"['L060', 'L038']",['casabus'],-7.637930800000002,33.59574129999999
811,MOSQUEE BASATINE,['L905'],['casabus'],-7.358103649884054,33.664530600048394
812,MOSQUEE EL BATHA,"['L306', 'L007']",['casabus'],-7.644391250024995,33.56587945006811
813,MOSQUEE EL FATH,"['L068', 'L109']",['casabus'],-7.679087749974496,33.54455325002238
814,MOSQUEE EL HODA,"['L038', 'L97B', 'L097', 'L143', 'L067', 'L051', 'L060', 'L022', 'L063']",['casabus'],-7.6127574,33.5701869
815,MOSQUEE EL HODA,"['L038', 'L97B', 'L097', 'L143', 'L067', 'L051', 'L060', 'L022', 'L063']",['casabus'],-7.612877600000001,33.57078440000001
816,MOSQUEE EL HOSNA B,"['L060', 'L063', 'L143']",['casabus'],-7.584320800000001,33.54361930000001
817,MOSQUEE EL HOSNA B,"['L060', 'L063', 'L143']",['casabus'],-7.5828999,33.5441006
818,MOSQUEE EL KAOUTAR,"['L038', 'L011']",['casabus'],-7.5938385,33.57146500000001
819,MOSQUEE EL KAOUTAR,"['L038', 'L011']",['casabus'],-7.593770299999999,33.5717622
820,MOSQUEE EL WAHDA,['L023'],['casabus'],-7.5453677,33.60870859999999
821,MOSQUEE EL WAHDA,['L023'],['casabus'],-7.5450234,33.60893850000001
822,MOSQUEE ELFATH,['L905'],['casabus'],-7.364790650074279,33.663204200017006
823,MOSQUEE HASSAN II,"['L005', 'L056']",['casabus'],-7.629585749987583,33.60542440002896
824,MOSQUEE HAY EL FARAH,"['L067', 'L072', 'L040', 'L109']",['casabus'],-7.588174300039676,33.57158885000543
825,MOSQUEE KAOUTAR,['L084'],['casabus'],-7.682136800000001,33.57459060000001
826,MOSQUEE LISSASFA,"['L97B', 'L013']",['casabus'],-7.670234650041871,33.534617100024256
827,MOSQUEE LMZABIENNE,['L039'],['casabus'],-7.591377100038406,33.52685830002517
828,MOSQUEE MALI,"['L906', 'L907', 'L903']",['casabus'],-7.391645999999999,33.687725699999994
829,MOSQUEE MALI,"['L906', 'L907', 'L903']",['casabus'],-7.391179100000001,33.6877984
830,MOSQUEE MSALLA,"['L143', 'L039', 'L060', 'L068', 'L063']",['casabus'],-7.60228910001046,33.54559890001858
831,MOSQUEE NASSIM,['L09E'],['casabus'],-7.661519550004952,33.51978935007406
832,MOSQUEE NOUZHA,['L312'],['casabus'],-7.5140275,33.4448615
833,MOSQUEE OMAR IBN AL KHATTAB,['L310'],['casabus'],-7.6853373,33.3855804
834,MOSQUEE OMAR IBN AL KHATTAB,['L310'],['casabus'],-7.685839200000001,33.38623929999999
835,MOSQUEE OULAD SALH,['L310'],['casabus'],-7.678880099999999,33.40050020000001
836,MOSQUEE OULAD SALH,['L310'],['casabus'],-7.678312299999999,33.4012983
837,MOSQUEE OULD EL HAMRA,"['L005', 'L056']",['casabus'],-7.618283700000002,33.6024723
838,MOSQUEE OULD EL HAMRA,"['L005', 'L056']",['casabus'],-7.618549100000002,33.6026473
839,MOSQUEE QODS,"['L023', 'L082']",['casabus'],-7.4979593,33.61044659999999
840,MOSQUEE QODS,['L023'],['casabus'],-7.4968457,33.61099910000001
841,MOSQUEE QUARTIER INDUSTRIEL,['L065'],['casabus'],-7.496990000000001,33.629843700000016
842,MOSQUEE ROI ABDALLAH,['L307'],['casabus'],-7.656076900000003,33.46797459999999
843,MOSQUEE ROI ABDALLAH,['L307'],['casabus'],-7.6559738,33.468263900000004
844,MOSQUEE SONNA,"['L97B', 'L097', 'L143', 'L068', 'L063']",['casabus'],-7.609004450052605,33.561495600057256
845,MOSQUEE TAHA,['L107'],['casabus'],-7.612389200018933,33.551326750003724
846,MOSQUEE TAMARIS,['L301'],['casabus'],-7.8678106,33.499407
847,MOSQUEE TAMARIS,['L301'],['casabus'],-7.8670715,33.4995612
848,MOSQUEE YACOUT,"['L039', 'L107', 'L097', 'L97B']",['casabus'],-7.590405049986787,33.54972620001786
849,MSALLA DE AIN CHOK1,['L068'],['casabus'],-7.599810800000002,33.54663140000001
850,MUNICIPALITE DEROUA,['L312'],['casabus'],-7.541393999924516,33.37540750002419
851,MUNICIPALITE NOUACEUR,['L312'],['casabus'],-7.549318299999999,33.37270600000001
852,MUNICIPALITE NOUACEUR,['L312'],['casabus'],-7.5492209,33.372977
853,NEJMET SIDI MOUMEN,['L097'],['casabus'],-7.506152749968246,33.583971350007104
854,OFFICE AGRICOLE,['L600'],['casabus'],-7.5098529499803055,33.453593900002595
855,Ain Borja,"['L120', 'L062', 'T4', 'L011']","['tram', 'casabus']",-7.5916798667609475,33.580255700057705
856,OFPPT AIN SEBAA,"['L023', 'L608']",['casabus'],-7.529254550042747,33.60915495006092
857,OFPPT BOULEVARD BAHMAD,['L090'],['casabus'],-7.594106099998172,33.58747925000272
858,OFPPT DERB GHALLEF,"['L97B', 'L063', 'L097', 'L051']",['casabus'],-7.631230349986217,33.5699799500016
859,OFPPT EL HANK,['L038'],['casabus'],-7.64562960000943,33.60277610000105
860,OFPPT ROUTE MARRAKECH,['L310'],['casabus'],-7.6342129,33.5224199
861,OFPPT ROUTE MARRAKECH,['L310'],['casabus'],-7.63498,33.52280379999999
862,OFPPT SIDI MOUMEN,"['L097', 'L606']",['casabus'],-7.522313599909394,33.57480225008682
863,ONEP BOUSKOURA,"['L310', 'L300']",['casabus'],-7.629844899947719,33.49443665000694
864,ORPHELINAT DE AIN CHOC,"['L039', 'L107', 'L097', 'L97B']",['casabus'],-7.594327250016894,33.549314550011374
865,OUED EL MALEH,['L902'],['casabus'],-7.405701049972677,33.65183090000238
866,OUED HASSAR,['L606'],['casabus'],-7.419780050033558,33.538032600003746
867,OUED NASSIM,"['L107', 'L09E']",['casabus'],-7.664942400005632,33.521427150000896
868,OULED BA HMAD,['L903'],['casabus'],-7.350093100074448,33.61494255002154
869,OULED HARRES,['L055'],['casabus'],-7.5674621,33.577933800000004
870,OULED HARRES,"['L039', 'L32D', 'L055']",['casabus'],-7.568148000000002,33.57798879999999
871,OULED ISSA,['L306'],['casabus'],-7.775520899999999,33.47129770000001
872,OULED ISSA,['L306'],['casabus'],-7.7750808,33.4713556
873,OULED TALEB,['L309'],['casabus'],-7.617652650012702,33.536371450048776
874,OULFA PRESTIGE,"['L050', 'L051']",['casabus'],-7.712635999999999,33.54168930000001
875,OUM RAYAT,['L905'],['casabus'],-7.371910799979189,33.66266360006465
876,P3003 SIDI MOUSSA,['L903'],['casabus'],-7.377785000025644,33.568034200009855
877,P3011 BOUSKOURA,['L307'],['casabus'],-7.650175750041051,33.45516325003003
878,PALAIS ATLAS,"['L120', 'L606']",['casabus'],-7.5094966,33.5671352
879,PALAIS ATLAS,"['L120', 'L606']",['casabus'],-7.509385399999999,33.56742229999999
880,PALAIS DES AMBASSADES,['L306'],['casabus'],-7.683794599952708,33.52527320000629
881,PALAIS ROYAL AIN GUEDDID,['L301'],['casabus'],-7.7243428499125875,33.55886685003877
882,PALMIER,['L090'],['casabus'],-7.632343549967326,33.57971850001302
883,PALMIER ABDELMOUMEN,"['L006', 'L019', 'L038']",['casabus'],-7.6245608,33.581205700000005
884,PALMIER ABDELMOUMEN,"['L006', 'L019', 'L038', 'L067']",['casabus'],-7.624051200000002,33.581780499999994
885,PANORAMIQUE,['L107'],['casabus'],-7.6069343,33.552632
886,PANORAMIQUE,['L107'],['casabus'],-7.607083300000001,33.5529184
887,PARC (MOH),['L906'],['casabus'],-7.397480450012551,33.70576555000419
888,PARC HAY HASSANI,"['L063', 'L019', 'L020', 'L072']",['casabus'],-7.6782154,33.570613200000004
889,PARC INDUSTRIEL,"['L310', 'L307']",['casabus'],-7.650868999903514,33.442585700046585
890,PARC LE LAC,"['L060', 'L056']",['casabus'],-7.63611740000827,33.60249275000089
891,PARK DE BOUSKOURA,['L309'],['casabus'],-7.6176512,33.47376679999999
892,PARK.BOUS,['L309'],['casabus'],-7.617364899999999,33.47445369999999
893,PEAGE NOUACEUR,['L312'],['casabus'],-7.6076202,33.3909261
894,PEAGE NOUACEUR,['L312'],['casabus'],-7.6078282,33.391252699999995
895,PENETRATION AZBANE,"['L107', 'L307', 'L09E']",['casabus'],-7.665335350088229,33.5305274500335
896,PEPINIERE BOUSKOURA,['L307'],['casabus'],-7.67431300000175,33.48834895002794
897,PEPINIERE DAR BOUAZZA,['L301'],['casabus'],-7.8096611,33.5158269
898,PEPINIERE DAR BOUAZZA,['L301'],['casabus'],-7.8095053,33.516209
899,PEPINIERE DERB GHALLEF,"['L97B', 'L097']",['casabus'],-7.634766900000002,33.573811899999995
900,PEPINIERE DERB GHALLEF,"['L97B', 'L097']",['casabus'],-7.634885500000001,33.574071999999994
901,PEPINIERE OASIS,['L072'],['casabus'],-7.628519099934055,33.56192250005189
902,PEPINIERE ORIKA,['L300'],['casabus'],-7.632687350031976,33.515651850006705
903,PETIT ZENATA,['L900'],['casabus'],-7.4965815,33.64166669999999
904,PETIT ZENATA,['L900'],['casabus'],-7.496784900000001,33.64191019999999
905,PHARE EL HANK,['L005'],['casabus'],-7.6512897,33.6066253
906,PHARE EL HANK,['L005'],['casabus'],-7.651008200000001,33.6067826
907,PHARMACIE AL ATFAL,"['L09E', 'L084']",['casabus'],-7.6896919,33.5522228
908,PLACE SIDI MOHAMED,['L600'],['casabus'],-7.51702555000248,33.453753750001255
909,PLAGE LALLA MERIEM,['L005'],['casabus'],-7.660021599995789,33.60321355006112
910,PLAGE OULAD HMIMOUN,['L900'],['casabus'],-7.4412859,33.668591199999995
911,PLAGE OULAD HMIMOUN,['L900'],['casabus'],-7.441575900000001,33.6689309
912,PLAGE PALOMA,['L900'],['casabus'],-7.4605895,33.6599298
913,PLAGE PALOMA,['L900'],['casabus'],-7.4606771,33.660196799999994
914,PLAGE RAHA,['L900'],['casabus'],-7.543403349960794,33.618500350008375
915,PLAGE SAADA,['L900'],['casabus'],-7.5346517,33.6193042
916,PLAGE SAADA,['L900'],['casabus'],-7.534636800000002,33.6196697
917,POLE URBAIN NOUACEUR,['L312'],['casabus'],-7.5518868,33.383019299999994
918,POLE URBAIN NOUACEUR,['L312'],['casabus'],-7.5522335,33.3830536
919,POLYCLINIQUE CNSS BERNOUSSI,['L082'],['casabus'],-7.5016307500218,33.61132290000241
920,POLYCLINIQUE CNSS INARA,"['L143', 'L060', 'L068', 'L022', 'L063']",['casabus'],-7.59850919995804,33.539818950017434
921,POLYCLINIQUE CNSS OUM RABIA,['L109'],['casabus'],-7.667609999999999,33.5672306
922,PONT ANOUAL,"['L120', 'L062']",['casabus'],-7.5780882,33.5704893
923,PONT ANOUAL,"['L120', 'L062']",['casabus'],-7.577814000000001,33.5707736
924,PONT AUTOROUTE A1,"['L055', 'L604', 'L068']",['casabus'],-7.5389936,33.5367003
925,PONT AUTOROUTE A1,"['L055', 'L604', 'L068']",['casabus'],-7.538983300000001,33.53718840000001
926,PONT ONCF,"['L800', 'L904']",['casabus'],-7.4450571,33.64638269999999
927,PONT ONCF,['L800'],['casabus'],-7.4453551,33.6466389
928,POSTE DE POLICE BOUTALEB,['L084'],['casabus'],-7.685290049881468,33.57310375004854
929,POSTE DE POLICE GARE ROUTIERE,"['L020', 'L109']",['casabus'],-7.590249000006848,33.57494840001006
930,POSTE MAROC (ZOLA),"['L023', 'L139', 'L033', 'L082']",['casabus'],-7.593876049988624,33.59569235001018
931,PREFECTURE MEDIOUNA,"['L120', 'L606']",['casabus'],-7.48995900010215,33.55969935003854
932,PREFECTURE NOUACER,"['L310', 'L309', 'L300']",['casabus'],-7.638494,33.46578590000001
933,PREFECTURE NOUACER,"['L310', 'L309', 'L300']",['casabus'],-7.638694,33.46619549999999
934,PRESTIGIA,['L309'],['casabus'],-7.6094803,33.4745337
935,PRISON OKACHA,['L023'],['casabus'],-7.557996450012337,33.607570300071444
936,PROJET SALAM,['L608'],['casabus'],-7.4861339500380435,33.58895260001498
937,PROMENADE MARITIME,['L005'],['casabus'],-7.641646400019477,33.60372635000216
938,PROTECTION CIVIL AIN SEBAA,['L023'],['casabus'],-7.550545299982133,33.606148250010065
939,PROTECTION CIVIL BOUSKOURA,['L300'],['casabus'],-7.639635350020111,33.432596450028385
940,PROTECTION CIVIL EL QODS,['L800'],['casabus'],-7.487778299927616,33.621982750031705
941,PROTECTION CIVIL MOHAMMEDIA,"['L32D', 'L800', 'L904', 'L900']",['casabus'],-7.408214250039835,33.68259655001046
942,PROTECTION CIVILE,['L309'],['casabus'],-7.622223099999999,33.54788210000001
943,PROTECTION CIVILE,['L309'],['casabus'],-7.6221658,33.5484494
944,PTT BIR ANZARAN,"['L97B', 'L097']",['casabus'],-7.6371361,33.580111
945,PTT BIR ANZARAN,"['L97B', 'L097']",['casabus'],-7.6367373,33.580133899999986
946,PTT HAY ALAMAL,"['L604', 'L038', 'L011']",['casabus'],-7.590675349955424,33.567878750071806
947,PTT ROUDANI,"['L306', 'L007']",['casabus'],-7.6435505,33.56985290000001
948,PTT ROUDANI,"['L306', 'L007']",['casabus'],-7.6432488,33.570642600000006
949,Prestigia,['L309'],['casabus'],-7.609354000000001,33.4740498
950,QADI TAZI (SOS),"['L906', 'L902', 'L907']",['casabus'],-7.3962812,33.67811259999999
951,QADI TAZI (SOS),"['L906', 'L902', 'L907']",['casabus'],-7.3965041,33.67839909999999
952,QUARTIER ANFA MOHAMMEDIA,['L905'],['casabus'],-7.370708450018036,33.69092825000977
953,QUARTIER DRISSIA,"['L079', 'L056', 'L109']",['casabus'],-7.5917481,33.56360409999999
954,QUARTIER DRISSIA,"['L079', 'L056', 'L109']",['casabus'],-7.5922093,33.56391919999999
955,QUARTIER INDUSTRIEL MEDIOUNA,['L120'],['casabus'],-7.494017649984511,33.53989590009717
956,QUARTIER NASSIM,['L907'],['casabus'],-7.400604800000001,33.6786712
957,QUARTIER NASSIM,['L907'],['casabus'],-7.400239200000001,33.6788809
958,QUARTIER POLO,"['L97B', 'L107', 'L097', 'L060', 'L068']",['casabus'],-7.603113900000001,33.553984099999994
959,QUARTIER POLO,"['L97B', 'L107', 'L097', 'L060', 'L068']",['casabus'],-7.6036473,33.5540214
960,QUARTIER TAKADOUM,['L039'],['casabus'],-7.567780100029787,33.5856240000038
961,RESIDENCE ABOUAB OUM RABIA,"['L068', 'L109']",['casabus'],-7.6724343,33.5604242
962,RESIDENCE ABOUAB OUM RABIA,"['L068', 'L109']",['casabus'],-7.672250999999999,33.560762199999985
963,RESIDENCE ABWAB SALAM,"['L904', 'L608']",['casabus'],-7.4781400499815165,33.581206500051294
964,RESIDENCE AL AMANE,"['L065', 'L090']",['casabus'],-7.539236799962924,33.59515800001426
965,RESIDENCE AL AMANE 2,"['L065', 'L090']",['casabus'],-7.544977099968686,33.593763300004845
966,RESIDENCE AL BADR,"['T2', 'L065', 'L090']","['casabus', 'tram']",-7.533071200039297,33.59910776670335
967,RESIDENCE AL BAIDA EL QODS,['L023'],['casabus'],-7.487990700022157,33.61437415002283
968,RESIDENCE AL FADL,"['L065', 'L062']",['casabus'],-7.517660349928412,33.55338625003473
969,RESIDENCE AL FAJR,['L306'],['casabus'],-7.7140932000031395,33.504924600000486
970,RESIDENCE AL FIRDAOUS,"['L97B', 'L013']",['casabus'],-7.668077750025554,33.55833495002924
971,RESIDENCE AL HOUDA,['L606'],['casabus'],-7.524422400017103,33.58210605004144
972,RESIDENCE AL WIFAK,"['L065', 'L090']",['casabus'],-7.5366315499689245,33.59667380000628
973,RESIDENCE ALASSIL,"['L139', 'L090']",['casabus'],-7.561146399958604,33.59329760000655
974,RESIDENCE ALKIMA,['L079'],['casabus'],-7.5012167,33.59229779999999
975,RESIDENCE ALKIMA,"['L079', 'L608']",['casabus'],-7.5011692,33.59274469999999
976,RESIDENCE ANDALOUS,['L902'],['casabus'],-7.399397300032239,33.66442460005448
977,RESIDENCE ANNACER,"['L600', 'L056']",['casabus'],-7.596066450086448,33.56896755006913
978,RESIDENCE ASSALAM,"['L043', 'L090', 'L055']",['casabus'],-7.5815242,33.58531060000001
979,RESIDENCE ASSALAM,"['L043', 'L090', 'L055']",['casabus'],-7.581342000000002,33.5856343
980,RESIDENCE BAB EL BAIDA 1,['L023'],['casabus'],-7.4829962,33.6163684
981,RESIDENCE BAB EL BAIDA 1,['L023'],['casabus'],-7.482811899999999,33.6166174
982,RESIDENCE BACHKOU,"['L107', 'L031', 'L007', 'L300']",['casabus'],-7.647221349982651,33.532931100004866
983,RESIDENCE BASSATIN ALOULFA,"['L050', 'L051']",['casabus'],-7.702248899985228,33.547790100097146
984,Residence Bassatin Aloulfa 2,['L051'],['casabus'],-7.697366000040211,33.54371270001093
985,RESIDENCE BOUAARFA,"['L060', 'L011']",['casabus'],-7.636251899980828,33.60076275000227
986,RESIDENCE CHARAF,"['L043', 'L079', 'L064']",['casabus'],-7.527034500003687,33.58566150005673
987,RESIDENCE CHIFAE,['L007'],['casabus'],-7.631833800005889,33.58342835000081
988,RESIDENCE DANDOUN,['L300'],['casabus'],-7.64625609995417,33.51474370001773
989,RESIDENCE DES OLIVIERS,['L097'],['casabus'],-7.502720749953391,33.586119900031164
990,RESIDENCE EL AHALI,"['L031', 'L007', 'L300']",['casabus'],-7.654483099999999,33.516333
991,RESIDENCE EL AHALI,"['L031', 'L007', 'L300']",['casabus'],-7.654131900000001,33.51675959999999
992,RESIDENCE EL ALIA,"['L904', 'L608']",['casabus'],-7.482393399999999,33.571707999999994
993,RESIDENCE EL ALIA,"['L904', 'L608']",['casabus'],-7.482058199999999,33.5717172
994,RESIDENCE EL BAIDA,"['L902', 'L033']",['casabus'],-7.498688300000002,33.5934695
995,RESIDENCE EL BAIDA,"['L902', 'L033']",['casabus'],-7.498895799999999,33.59414399999999
996,RESIDENCE EL HADIKA,"['L033', 'L082']",['casabus'],-7.529428000000002,33.6032361
997,RESIDENCE EL HADIKA,['L082'],['casabus'],-7.5283503,33.603378799999994
998,RESIDENCE EL HAMD,"['L107', 'L056', 'L040']",['casabus'],-7.5438276,33.55625299999999
999,RESIDENCE EL HAMD,"['L107', 'L056', 'L040']",['casabus'],-7.5440906,33.5564221
1000,RESIDENCE EL HORRIA,"['L906', 'L900']",['casabus'],-7.377794200000001,33.6898536
1001,RESIDENCE EL HORRIA,"['L906', 'L900']",['casabus'],-7.378034800000001,33.6900925
1002,RESIDENCE EL HOSSAINI,['L019'],['casabus'],-7.639274500000002,33.576909699999995
1003,RESIDENCE EL HOSSAINI,['L019'],['casabus'],-7.6385113,33.5772746
1004,RESIDENCE EL KAWTAR,"['L079', 'L608']",['casabus'],-7.511690449985012,33.59448680000226
1005,RESIDENCE EL MAJD,"['L97B', 'L063', 'L097', 'L051']",['casabus'],-7.634671199962322,33.57074315000341
1006,RESIDENCE EL MANSOUR,"['L019', 'L020', 'L143', 'L068', 'L063']",['casabus'],-7.648668700000001,33.5727905
1007,RESIDENCE EL MANSOUR,"['L019', 'L020', 'L143', 'L068', 'L063']",['casabus'],-7.6494902,33.5733073
1008,RESIDENCE EL MOSTAKBAL,"['L107', 'L031', 'L007', 'L300']",['casabus'],-7.648817999999999,33.529633399999994
1009,RESIDENCE EL MOSTAKBAL,"['L107', 'L031', 'L007', 'L300']",['casabus'],-7.648601,33.5299671
1010,RESIDENCE ELFATH,['L905'],['casabus'],-7.368444599989703,33.66251345000092
1011,RESIDENCE ELMOUAHIDINE,['L043'],['casabus'],-7.548075500000001,33.5858349
1012,RESIDENCE ELMOUAHIDINE,['L043'],['casabus'],-7.5482262,33.586087
1013,RESIDENCE FLEURS DE LYS,"['L907', 'L32D', 'L800', 'L904']",['casabus'],-7.3704076499396285,33.70411195001565
1014,RESIDENCE HLIWA,['L139'],['casabus'],-7.535957799914049,33.59996670001731
1015,RESIDENCE IDMAJ,"['L055', 'L107', 'L068']",['casabus'],-7.5503952,33.5523332
1016,RESIDENCE IDMAJ,"['L055', 'L107', 'L068']",['casabus'],-7.550629199999999,33.552839699999986
1017,RESIDENCE JAD VICTORIA,['L307'],['casabus'],-7.68016179993557,33.41463105002892
1018,RESIDENCE LES CHAMPS DE LYS,['L905'],['casabus'],-7.3638931,33.6898324
1019,RESIDENCE LES CHAMPS DE LYS,['L905'],['casabus'],-7.363933200000002,33.69027020000001
1020,RESIDENCE NAIM,"['L904', 'L608']",['casabus'],-7.4852742,33.56198839999999
1021,RESIDENCE NAIM,"['L904', 'L608']",['casabus'],-7.485682100000001,33.5620199
1022,RESIDENCE NARJIS,['L107'],['casabus'],-7.658428350012686,33.5281265500016
1023,RESIDENCE OUDAYA,"['L033', 'L082']",['casabus'],-7.523432399999999,33.602163100000006
1024,RESIDENCE OUDAYA,"['L033', 'L082']",['casabus'],-7.5238984,33.6023624
1025,RESIDENCE RAYAN VICTORIA,['L307'],['casabus'],-7.67917284999246,33.41738525003636
1026,RESIDENCE RIAD AL OULFA,"['L019', 'L020', 'L005']",['casabus'],-7.697261999955326,33.55622290000874
1027,RESIDENCE ROKIA,['L903'],['casabus'],-7.371763250010971,33.68361585003611
1028,RESIDENCE SAADA,"['L043', 'L079', 'L064', 'L606']",['casabus'],-7.522802900000001,33.588086600000004
1029,RESIDENCE SAADA,"['L043', 'L079', 'L064', 'L606']",['casabus'],-7.5228958,33.58834670000001
1030,RESIDENCE SAFA,"['L120', 'L606']",['casabus'],-7.515658700102148,33.56863465003264
1031,RESIDENCE SALMA,['L107'],['casabus'],-7.554471500000001,33.5489249
1032,RESIDENCE SALMA,['L107'],['casabus'],-7.5547832,33.5492184
1033,RESIDENCE SHEMSI,['L060'],['casabus'],-7.637377300000001,33.592521299999994
1034,RESIDENCE WALILI,['L097'],['casabus'],-7.512343299935492,33.58001505003796
1035,RESTAURANT MRISSA,['L301'],['casabus'],-7.744286100000001,33.54716019999999
1036,RESTAURANT MRISSA,['L301'],['casabus'],-7.744372600000001,33.5474541
1037,ROCADE SUD OUEST,['L306'],['casabus'],-7.693177949997687,33.51898500000112
1038,ROCHES NOIRES,"['L023', 'L900']",['casabus'],-7.5669809,33.60903799999999
1039,ROCHES NOIRES,"['L023', 'L900']",['casabus'],-7.566474899999999,33.6093443
1040,ROND POINT LOMO,['L301'],['casabus'],-7.7706771,33.5316903
1041,ROND POINT LOMO,['L301'],['casabus'],-7.7708811,33.53193669999999
1042,ROND POINT VICTORIA,"['L310', 'L307']",['casabus'],-7.670122699965288,33.42431780001917
1043,ROND-POINT AICHA,"['L033', 'L139', 'L082']",['casabus'],-7.587258300000001,33.5977023
1044,ROND-POINT AICHA,"['L033', 'L139', 'L082']",['casabus'],-7.5883631,33.597803899999995
1045,ROND-POINT ANASSI,['L097'],['casabus'],-7.499950799935151,33.58793620001338
1046,ROND-POINT BACHKOU,"['L020', 'L109', 'L310', 'L072', 'L031']",['casabus'],-7.624332999999999,33.56120299999999
1047,ROND-POINT BACHKOU,"['L020', 'L109', 'L310', 'L072', 'L068', 'L031']",['casabus'],-7.6240773,33.5614576
1048,ROND-POINT CHAHDIA,"['L068', 'L109']",['casabus'],-7.680559700007568,33.54664945000574
1049,ROND-POINT MERCHICH,['L600'],['casabus'],-7.520668100000001,33.4526989
1050,ROND-POINT MERCHICH,['L600'],['casabus'],-7.520339799999999,33.45302900000001
1051,ROND-POINT MOROCCO MALL,['L301'],['casabus'],-7.7014466,33.5704068
1052,ROND-POINT MOROCCO MALL,['L301'],['casabus'],-7.701389300000001,33.5707689
1053,ROUTE AZEMMOUR,['L084'],['casabus'],-7.6724572,33.5773665
1054,ROUTE AZEMMOUR,['L084'],['casabus'],-7.6727701,33.5777871
1055,ROUTE D'EL JADIDA,"['L306', 'L007', 'L051']",['casabus'],-7.6445787,33.5572706
1056,ROUTE D'EL JADIDA,['L007'],['casabus'],-7.6443915,33.55799499999999
1057,ROUTE DAR BOUAZZA,['L301'],['casabus'],-7.756676900000002,33.5402417
1058,ROUTE DAR BOUAZZA,['L301'],['casabus'],-7.7555882,33.5405139
1059,ROUTE DE LOUIZIA,['L905'],['casabus'],-7.354774999971624,33.68878820000221
1060,ROUTE DE RABAT,"['L033', 'L082']",['casabus'],-7.563250149939991,33.60021345002721
1061,ROUTE DE SIDI ABDERRAHMANE,['L005'],['casabus'],-7.700284250092706,33.57178330008023
1062,ROUTE DES ZENATA,['L900'],['casabus'],-7.521771899995816,33.62520195000035
1063,ROUTE MOULAY THAMI,"['L050', 'L051']",['casabus'],-7.717538399953018,33.538650200013365
1064,ROUTE N1 AIN HARROUDA,['L800'],['casabus'],-7.464819,33.6334396
1065,ROUTE N1 AIN HARROUDA,['L800'],['casabus'],-7.4650339,33.6336614
1066,ROUTE N11 SIDI MAAROUF,['L007'],['casabus'],-7.642154200011999,33.54450025005717
1067,ROUTE N9,['L120'],['casabus'],-7.5127392000219295,33.471165950099056
1068,ROUTE N9 AL MAJJATIA,['L120'],['casabus'],-7.510266650101523,33.48485305004395
1069,ROUTE N9 TIT MELLIL,['L120'],['casabus'],-7.494081099999999,33.53442909999999
1070,ROUTE N9 TIT MELLIL,['L120'],['casabus'],-7.494422599999999,33.5344339
1071,ROUTE NATIONALE 1 LISSASFA,['L306'],['casabus'],-7.710185899923882,33.50650770001987
1072,ROUTE NATIONALE 11,['L310'],['casabus'],-7.6341515,33.521042699999995
1073,ROUTE NATIONALE 11,['L310'],['casabus'],-7.6336866,33.521273
1074,ROUTE NATIONALE 9 MEDIOUNA,['L312'],['casabus'],-7.521419549889497,33.43438235006345
1075,ROUTE OULED ZIANE,"['L120', 'L062', 'L011']",['casabus'],-7.594192900024407,33.58196915001828
1076,ROUTE P3003,['L903'],['casabus'],-7.380006349966592,33.58939290002626
1077,ROUTE P3013 BOUSKOURA,"['L310', 'L300']",['casabus'],-7.642678300000001,33.4509319
1078,ROUTE P3013 BOUSKOURA,"['L310', 'L300']",['casabus'],-7.6427087,33.4513158
1079,ROUTE P3026,['L309'],['casabus'],-7.6031534,33.4761879
1080,ROUTE P3026,['L309'],['casabus'],-7.604067300000001,33.4765546
1081,ROUTE P3307,['L903'],['casabus'],-7.332932150034597,33.63190640001479
1082,ROUTE P3307 AIN TEKKI,['L903'],['casabus'],-7.353780949989525,33.66277880000082
1083,ROUTE P3336 MEDIOUNA,['L312'],['casabus'],-7.517380500045914,33.4485943000113
1084,ROUTE R309,['L900'],['casabus'],-7.432096300000001,33.6727984
1085,ROUTE R309,['L900'],['casabus'],-7.4322561,33.673081999999994
1086,ROUTE R320,['L084'],['casabus'],-7.645430200000001,33.5879262
1087,ROUTE R320 /P3012,['L301'],['casabus'],-7.858060000000002,33.5002373
1088,ROUTE R320 /P3012,['L301'],['casabus'],-7.8581111,33.500530600000005
1089,ROUTE R322 ROCHES NOIRES,"['L023', 'L900']",['casabus'],-7.57028129998938,33.607712250001974
1090,ROUTE R322 ZENATA,['L900'],['casabus'],-7.5042443,33.63690600000001
1091,ROUTE R322 ZENATA,['L900'],['casabus'],-7.5046207,33.6369312
1092,ROUTE SIDI MAAROUF,['L300'],['casabus'],-7.6549723,33.5138198
1093,ROUTE SIDI MAAROUF,['L300'],['casabus'],-7.6549723,33.5141504
1094,ROYAL GOLF ANFA,['L084'],['casabus'],-7.658525700000003,33.5831454
1095,ROYAL GOLF ANFA 2,['L084'],['casabus'],-7.6597347,33.58305029999999
1096,RTM AIN CHOC,"['L006', 'L068']",['casabus'],-7.583127049974345,33.5390242500022
1097,RUE 41 RIAD OULFA,"['L019', 'L020']",['casabus'],-7.6926721,33.55794179999999
1098,RUE AL MAROUNI,"['L306', 'L007']",['casabus'],-7.640024600000001,33.574404300000005
1099,RUE AL MAROUNI,"['L306', 'L007']",['casabus'],-7.639900900000001,33.574866199999995
1100,RUE BEN KACEM ADDAHMANI,"['L039', 'L097', 'L97B']",['casabus'],-7.578833649990464,33.55237695000521
1101,RUE D'ALGER,"['L006', 'L019', 'L056', 'L022', 'L040', 'L007']",['casabus'],-7.623798699999999,33.5941511
1102,RUE DE BELGRADE,['L006'],['casabus'],-7.610127350010352,33.57545785001202
1103,RUE DE L'ALMA,['L060'],['casabus'],-7.6386195,33.5985918
1104,RUE DES EPERVIERS,['L109'],['casabus'],-7.6397734,33.564285899999994
1105,RUE EL HAOUZA,['L023'],['casabus'],-7.562695649992553,33.60575045000263
1106,RUE FAROUKI ERRAHALI,"['L060', 'L006']",['casabus'],-7.600896450076692,33.558963150084914
1107,RUE IBNOU ADRAA,['L090'],['casabus'],-7.572827050093504,33.589113900049064
1108,RUE KAID AL ACHTAR,"['L013', 'L050']",['casabus'],-7.6413792,33.582451799999994
1109,RUE NORMANDIE,"['L056', 'L013', 'L050']",['casabus'],-7.639389600000001,33.585042499999986
1110,RUE OUALILI,['L019'],['casabus'],-7.6435309,33.5744043
1111,RUE OUALILI,['L019'],['casabus'],-7.643337699999999,33.574629
1112,RUE SALONIQUE,['L006'],['casabus'],-7.612947150021643,33.5769686000045
1113,RUE WASHINGTON,"['L013', 'L050', 'L09E', 'L084']",['casabus'],-7.630925499999999,33.593456999999994
1114,RUE WASHINGTON,"['L013', 'L050', 'L09E', 'L084']",['casabus'],-7.630255900000001,33.59365379999999
1115,Residence Al Mawlid,['L309'],['casabus'],-7.623360750061181,33.552729350058826
1116,SAKANI AHL LOGHLAM,['L902'],['casabus'],-7.4782217,33.598701699999985
1117,SAKANI AHL LOGHLAM,['L902'],['casabus'],-7.478283199999999,33.5990117
1118,SALAM MOHAMMEDIA,['L906'],['casabus'],-7.3589457,33.699731499999984
1119,SALAM MOHAMMEDIA,['L906'],['casabus'],-7.358694100000001,33.7001915
1120,SALLE DE SPORT LA CORNICHE,['L301'],['casabus'],-7.689185649970139,33.57164605000489
1121,SALLE DERKAOUI,['L608'],['casabus'],-7.52122499994663,33.616006800024834
1122,SAMIR (MOH),"['L800', 'L904', 'L900']",['casabus'],-7.416236200000001,33.6783905
1123,SAMIR (MOH),"['L800', 'L904', 'L900']",['casabus'],-7.416486,33.6787342
1124,SCHNEIDER,['L109'],['casabus'],-7.668194499999999,33.5626181
1125,SEHAB RMAL,['L903'],['casabus'],-7.338269250029824,33.64545540001048
1126,SIDI BERNOUSSI,['L800'],['casabus'],-7.497082599955161,33.61644885002226
1127,SIDI BOUZIANE,['L306'],['casabus'],-7.7398783,33.4849272
1128,SIDI BOUZIANE,['L306'],['casabus'],-7.7393764,33.48499429999999
1129,SIDI GHANEM,['L120'],['casabus'],-7.5056738,33.4970722
1130,SIDI GHANEM,['L120'],['casabus'],-7.505218300000001,33.49708139999999
1131,SIDI MESSAOUD,"['L310', 'L300']",['casabus'],-7.631740849910812,33.513266850038555
1132,SIDI MOUSSA EL MAJDOUB,['L903'],['casabus'],-7.384944450031902,33.60482265001589
1133,SINDIBAD,['L005'],['casabus'],-7.698771099999999,33.582522399999995
1134,SINDIBAD,['L005'],['casabus'],-7.6994576,33.58259890000001
1135,SNRT AIN CHOCK,"['L006', 'L068']",['casabus'],-7.585915249933894,33.53740345002233
1136,SOCIETE COSUMAR,['L033'],['casabus'],-7.571668699999999,33.59894349999999
1137,SOCIETE COSUMAR,['L033'],['casabus'],-7.571057,33.5992092
1138,SOUK ALLEK,['L082'],['casabus'],-7.5006323,33.6092346
1139,SOUK BOURGOGNE,"['L056', 'L011']",['casabus'],-7.6431561,33.5991125
1140,SOUK BOURGOGNE,"['L056', 'L011']",['casabus'],-7.642082600000003,33.599710599999995
1141,SOUK CHRIFA,['L039'],['casabus'],-7.6017176,33.53615939999999
1142,SOUK CHRIFA,['L039'],['casabus'],-7.6020063,33.5365204
1143,SOUK LAAYOUNE,"['L600', 'L056']",['casabus'],-7.595385800000001,33.564581
1144,SOUK LAAYOUNE,"['L600', 'L056']",['casabus'],-7.595051800000001,33.56466979999999
1145,SOUK LHJAJMA,['L011'],['casabus'],-7.648460599976177,33.5961303000258
1146,SOUK LWIZIA,['L905'],['casabus'],-7.350878349920016,33.67579925001691
1147,SOUK OULD MINA,"['L143', 'L050', 'L09E']",['casabus'],-7.67568154999291,33.56862320000127
1148,SOUK SALAM,['L043'],['casabus'],-7.552504749942907,33.58330235000837
1149,SOUK SWISRA,['L903'],['casabus'],-7.371972900000001,33.564140399999985
1150,SOUK SWISRA,['L903'],['casabus'],-7.372332200000001,33.5642767
1151,STADE COC,"['L306', 'L007']",['casabus'],-7.644639000058178,33.561025400066384
1152,STADE HAY HASSANI,"['L019', 'L020', 'L301', 'L063', 'L072']",['casabus'],-7.6805095,33.570789
1153,STADE MOHAMED V,"['L013', 'L050']",['casabus'],-7.647801800000001,33.5841384
1154,STADE PERE JEGO,"['L306', 'L051']",['casabus'],-7.6517895,33.5503195
1155,STADE TISSIMA,"['L107', 'L011', 'L604', 'L063', 'L072']",['casabus'],-7.562146500048892,33.54451640000863
1156,STATION ANOUAL,"['L143', 'L300']",['casabus'],-7.625971399970991,33.57023060009322
1157,STATION EL FALAH,['L907'],['casabus'],-7.3801972,33.6846558
1158,STATION EL FALAH 2,['L907'],['casabus'],-7.3800374,33.68440170000001
1159,SWILBATE,['L905'],['casabus'],-7.346908299942535,33.68040270003336
1160,SWILBATE 2,['L905'],['casabus'],-7.349917200000001,33.6780355
1161,SWILBATE 2,['L905'],['casabus'],-7.349634600000003,33.678177599999984
1162,TACHAROUK BD OQBA,['L606'],['casabus'],-7.520056200000001,33.56966599999999
1163,TACHAROUK BOULEVARD OQBA,['L606'],['casabus'],-7.519759400000001,33.5699353
1164,TARIK EL KHIR,['L082'],['casabus'],-7.496214000085389,33.6088686500379
1165,TARIQ BNOU ZYAD,"['L006', 'L067']",['casabus'],-7.6241175,33.575742000000005
1166,TARIQ BNOU ZYAD,"['L006', 'L067']",['casabus'],-7.6247523,33.57585919999999
1167,TECHNOPARC,"['L310', 'L107', 'L031', 'L300']",['casabus'],-7.637711399999999,33.540421299999984
1168,TECHNOPARC,"['L310', 'L107', 'L031', 'L300']",['casabus'],-7.638413200000001,33.54062849999999
1169,TECHNOPOLE NOUACEUR,['L312'],['casabus'],-7.553159400000001,33.37349669999999
1170,TECHNOPOLE NOUACEUR,['L312'],['casabus'],-7.5530563,33.37377969999999
1171,TERMINUS ABOUAB AL OULFA,['L005'],['casabus'],-7.7040305,33.547515399999995
1172,TERMINUS AIN SEBAA,"['L065', 'L139', 'L090']",['casabus'],-7.530149200015297,33.59563490003574
1173,TERMINUS AL ANDALOUS,['L309'],['casabus'],-7.64422,33.4633429
1174,TERMINUS AL HAMD,['L604'],['casabus'],-7.513956399995051,33.51206135001642
1175,TERMINUS AL OULFA 1,"['L068', 'L143', 'L109']",['casabus'],-7.684397250043239,33.55116575002253
1176,TERMINUS AL QODS,['L023'],['casabus'],-7.49144879995888,33.614598000101495
1177,TERMINUS ANASSI,"['L079', 'L033', 'L608', 'L097']",['casabus'],-7.4908799,33.5913228
1178,TERMINUS ANASSI,"['L079', 'L033', 'L608', 'L097']",['casabus'],-7.4899476,33.591906300000005
1179,TERMINUS BEN ABID,['L301'],['casabus'],-7.8852999,33.48926499999999
1180,TERMINUS BERNOUSSI,"['L800', 'L023', 'L082', 'L065', 'L606', 'L090', 'L064']",['casabus'],-7.504149599993786,33.613422050002924
1181,TERMINUS BOUCHENTOUF,"['L038', 'L020', 'L072', 'L067', 'L051', 'L604', 'L600']",['casabus'],-7.601083900000001,33.5702114
1182,TERMINUS BOUCHENTOUF,"['L038', 'L020', 'L072', 'L067', 'L051', 'L604', 'L600']",['casabus'],-7.6007126,33.57063260000002
1183,TERMINUS BOULEVARD PARIS,['L120'],['casabus'],-7.624167800000001,33.59526569999999
1184,TERMINUS CASA PORT,['L900'],['casabus'],-7.6126691,33.5980904
1185,TERMINUS CASA PORT 2,['L005'],['casabus'],-7.6142458,33.5999237
1186,TERMINUS CINEMA RIF,"['L055', 'L033', 'L023', 'L082', 'L011', 'L120', 'L043', 'L062', 'L139']",['casabus'],-7.615497099999999,33.59661080000001
1187,TERMINUS COMMUNE SIDI BELYOUT,"['L013', 'L050', 'L09E', 'L084']",['casabus'],-7.626617500000001,33.5951384
1188,TERMINUS COMMUNE SIDI BELYOUT,"['L013', 'L050', 'L09E', 'L084']",['casabus'],-7.626284699999999,33.595306
1189,TERMINUS DAOULIZ,['L011'],['casabus'],-7.659355100000001,33.60279429999999
1190,TERMINUS DAR LHAMRA,"['L143', 'L050', 'L09E']",['casabus'],-7.670777050032417,33.570753500010035
1191,TERMINUS DOHA,"['L079', 'L608', 'L606', 'L043', 'L064']",['casabus'],-7.516571999999999,33.5912189
1192,TERMINUS DOHA,"['L079', 'L608', 'L606', 'L043', 'L064']",['casabus'],-7.516924400000002,33.591346699999995
1193,TERMINUS EL FATH II,['L905'],['casabus'],-7.391226599999999,33.6694523
1194,TERMINUS EL HANK,['L038'],['casabus'],-7.653753100000001,33.6024873
1195,TERMINUS EL HANK,['L038'],['casabus'],-7.653941499999999,33.60296499999998
1196,TERMINUS EL MANSOURIA,['L023'],['casabus'],-7.479312699992868,33.61883745000063
1197,TERMINUS EL OULFA,"['L019', 'L020']",['casabus'],-7.6898797,33.55700360000001
1198,TERMINUS ELFADL,"['L065', 'L062']",['casabus'],-7.5087099,33.5583211
1199,Faculté Ben Msik,"['L97B', 'L097', 'L143', 'T4', 'L32D']","['tram', 'casabus']",-7.543032566614175,33.56607270003366
1200,TERMINUS FACULTE DES LETTRES,"['L800', 'L900', 'L905', 'L907', 'L32D', 'L904']",['casabus'],-7.374549799999999,33.7026268
1201,TERMINUS FACULTE DES LETTRES,"['L800', 'L900', 'L905', 'L907', 'L32D', 'L904']",['casabus'],-7.373858,33.7027125
1202,TERMINUS FACULTES MOHAMMEDIA,"['L907', 'L32D', 'L800', 'L904']",['casabus'],-7.356240399964249,33.70565235001291
1203,TERMINUS FARAH SALAM,['L084'],['casabus'],-7.6997839,33.5326472
1204,TERMINUS FERARA,"['L050', 'L09E', 'L084']",['casabus'],-7.6868015,33.5545321
1205,TERMINUS FERARA,"['L050', 'L09E', 'L084']",['casabus'],-7.6855875,33.5553688
1206,TERMINUS GARE ONCF MOHAMMEDIA,"['L902', 'L800', 'L900', 'L905', 'L907', 'L32D', 'L904', 'L903']",['casabus'],-7.389060550003524,33.69535890003649
1207,TERMINUS GARE OULED ZIANE,"['L039', 'L011']",['casabus'],-7.58996424999077,33.57570215000889
1208,TERMINUS HARBILI,['L065'],['casabus'],-7.491227600000001,33.6306273
1209,TERMINUS HAY EL FALAH,"['L055', 'L038', 'L068', 'L040']",['casabus'],-7.5479535,33.5563691
1210,TERMINUS HAY EL FALAH,"['L038', 'L040']",['casabus'],-7.5491607,33.557674
1211,TERMINUS HAY EL FARAH,"['L604', 'L038', 'L109']",['casabus'],-7.587994600000002,33.5660907
1212,TERMINUS HAY EL FARAH,"['L604', 'L038', 'L109']",['casabus'],-7.5878554,33.566603
1213,TERMINUS HAY EL WAHDA,['L604'],['casabus'],-7.5435612,33.5425995
1214,TERMINUS HAY EL WAHDA,['L604'],['casabus'],-7.5439703,33.5430464
1215,TERMINUS HAY HASSANI,"['L019', 'L020', 'L301', 'L063', 'L072']",['casabus'],-7.679185,33.57104910000001
1216,TERMINUS HAY HASSANI II,"['L019', 'L020', 'L084']",['casabus'],-7.683295,33.56609000000001
1217,TERMINUS HAY HASSANI II,"['L019', 'L020', 'L084']",['casabus'],-7.683536699999999,33.5662808
1218,TERMINUS HAY LMASJID,"['L109', 'L310', 'L600', 'L060', 'L022', 'L604', 'L031']",['casabus'],-7.607617799999999,33.56231309999999
1219,TERMINUS HAY LMASJID,"['L109', 'L310', 'L600', 'L060', 'L022', 'L604', 'L031']",['casabus'],-7.6073254,33.5625129
1220,TERMINUS HOPITAL SOFI,"['L043', 'L139', 'L067', 'L060']",['casabus'],-7.6331906,33.60262469999999
1221,TERMINUS HOUPHEIT BOIGNY,"['L056', 'L09E', 'L084']",['casabus'],-7.614937899915047,33.59852845004719
1222,TERMINUS JAMILA,"['L060', 'L312', 'L068', 'L063']",['casabus'],-7.5794639,33.541956
1223,TERMINUS JAMILA,"['L063', 'L068']",['casabus'],-7.5796719,33.54216399999999
1224,TERMINUS JAMILA II,"['L107', 'L600', 'L011']",['casabus'],-7.5848993,33.54723529999998
1225,TERMINUS JAMILA II,"['L107', 'L600', 'L011']",['casabus'],-7.584495900000002,33.5473949
1226,TERMINUS KASBAT LAMINE,"['L013', 'L051']",['casabus'],-7.685018800000001,33.53362069999999
1227,TERMINUS KHIAYTA,['L306'],['casabus'],-7.7850543,33.4675785
1228,TERMINUS LA GARE ROUTIERE,"['L020', 'L051', 'L109']",['casabus'],-7.587928600000001,33.5732478
1229,TERMINUS LAHRAOUIYINE 1,"['L055', 'L068']",['casabus'],-7.5198241,33.532209399999985
1230,TERMINUS LISSASFA,"['L307', 'L97B', 'L107', 'L306', 'L013', 'L051']",['casabus'],-7.67402434991155,33.531452950024814
1231,TERMINUS LMKANSA II,"['L312', 'L600']",['casabus'],-7.562798199999998,33.5248617
1232,TERMINUS LMKANSA II,"['L312', 'L600']",['casabus'],-7.5623948,33.5249881
1233,TERMINUS LMZABIENNE,['L039'],['casabus'],-7.5936017,33.51564319999999
1234,TERMINUS MAARIF,"['L97B', 'L097']",['casabus'],-7.6406724,33.58247959999999
1235,TERMINUS MAARIF,"['L97B', 'L097']",['casabus'],-7.6403384,33.5825535
1236,TERMINUS MAARIF 2,['L056'],['casabus'],-7.6412213,33.58557129999999
1237,TERMINUS MANDAROUNA,"['L022', 'L309']",['casabus'],-7.617159250109531,33.530466000069694
1238,TERMINUS MEDIOUNA,['L600'],['casabus'],-7.496403,33.4503425
1239,TERMINUS MEDIOUNA,['L600'],['casabus'],-7.4957015,33.45056069999998
1240,TERMINUS MEDIOUNA 1,['L120'],['casabus'],-7.5182536,33.4544579
1241,Al Qods,"['BW1', 'L107', 'L143', 'L011', 'L060', 'L063', 'L600']","['busway', 'casabus']",-7.5818729334074675,33.54383880001002
1242,TERMINUS MOSQUEE SALMIA,"['L063', 'L072', 'L011']",['casabus'],-7.5539697,33.538202
1243,TERMINUS MOSQUEE SALMIA,"['L063', 'L072', 'L011']",['casabus'],-7.5542379,33.53844029999999
1244,TERMINUS MOSQUEE TARIQ,"['L800', 'L082', 'L065', 'L606', 'L090', 'L064']",['casabus'],-7.515090649918812,33.60798985001807
1245,TERMINUS MOULAY RACHID,"['L056', 'L107', 'L143', 'L120', 'L040']",['casabus'],-7.528729899981424,33.56574040009669
1246,TERMINUS MOULAY YOUSSEF,"['L043', 'L139', 'L011', 'L067']",['casabus'],-7.631489900000001,33.59882940000001
1247,TERMINUS MOULAY YOUSSEF,"['L055', 'L011', 'L043', 'L062', 'L139']",['casabus'],-7.6323545,33.59996139999999
1248,TERMINUS MUSEE ALSA,"['L97B', 'L097']",['casabus'],-7.6340532,33.57823969999999
1249,TERMINUS MUSEE ALSA,"['L019', 'L97B', 'L097', 'L306', 'L090']",['casabus'],-7.6351301,33.57879809999999
1250,TERMINUS NAHDA,['L906'],['casabus'],-7.3522044,33.7000371
1251,TERMINUS NAIM 2,['L606'],['casabus'],-7.4995552,33.5648165
1252,TERMINUS NAIM 2,['L606'],['casabus'],-7.4995099,33.56510519999999
1253,TERMINUS NASSIM,['L09E'],['casabus'],-7.658495800000001,33.518091799999986
1254,TERMINUS OUAD DAHAB,"['L063', 'L064', 'L067']",['casabus'],-7.5730338,33.5409567
1255,TERMINUS OUAD DAHAB,"['L063', 'L064', 'L067']",['casabus'],-7.572726100000001,33.5412447
1256,TERMINUS OULAD AHMED,['L306'],['casabus'],-7.726877899944756,33.49577275003458
1257,TERMINUS OULAD SALEH,['L310'],['casabus'],-7.692513300000001,33.3761991
1258,TERMINUS PLACE LA CONCORDE,"['L055', 'L033', 'L056', 'L082', 'L011', 'L084', 'L120', 'L09E', 'L043', 'L062', 'L139']",['casabus'],-7.6218917,33.5962803
1259,TERMINUS PLACE LA CONCORDE,"['L033', 'L056', 'L082', 'L011', 'L084', 'L09E', 'L043', 'L139']",['casabus'],-7.621394899999999,33.59650959999999
1260,TERMINUS PLACE NATIONS UNIES,"['L006', 'L019', 'L022', 'L007']",['casabus'],-7.619435700000001,33.5944424
1261,TERMINUS PLACE OUAD LMAKHAZIN,"['L056', 'L040']",['casabus'],-7.622945200000003,33.594695599999994
1262,TERMINUS PLACE SIDI MAAROUF,"['L006', 'L310', 'L600', 'L079', 'L604', 'L031']",['casabus'],-7.6038639,33.56454480000001
1263,TERMINUS PLACE SIDI MAAROUF,"['L006', 'L310', 'L600', 'L079', 'L604', 'L031']",['casabus'],-7.6040505,33.565023200000006
1264,TERMINUS PLACE SRAGHNA,['L006'],['casabus'],-7.601123299999999,33.56952809999999
1265,TERMINUS PLACE SRAGHNA 2,"['L310', 'L079', 'L031']",['casabus'],-7.599584100000001,33.567299299999995
1266,TERMINUS PORT MOHAMMEDIA,['L906'],['casabus'],-7.4017855,33.7088339
1267,TERMINUS QUARTIER DES HOPITAUX,['L300'],['casabus'],-7.624839299999999,33.5770858
1268,TERMINUS QUARTIER SHEMS,['L907'],['casabus'],-7.350705349928139,33.70874240004429
1269,TERMINUS RACHIDIA,"['L906', 'L900']",['casabus'],-7.380359299999999,33.6872581
1270,TERMINUS RACHIDIA,['L906'],['casabus'],-7.380875600000001,33.68748899999999
1271,TERMINUS RACHIDIA 3,['L907'],['casabus'],-7.375821100018442,33.680216900016134
1272,TERMINUS RAHMA,"['L050', 'L051']",['casabus'],-7.727046399999999,33.53795159999999
1273,TERMINUS RAHMA,"['L050', 'L051']",['casabus'],-7.7274154,33.5380862
1274,TERMINUS RIAD AL OULFA,"['L019', 'L020', 'L005']",['casabus'],-7.7009745,33.5538131
1275,TERMINUS RIAD AL OULFA,"['L019', 'L020', 'L005']",['casabus'],-7.7006066,33.5542551
1276,TERMINUS RIAD AL OULFA III,"['L019', 'L005']",['casabus'],-7.704652799999999,33.549490000000006
1277,TERMINUS ROND POINT NAPOLEON,['L309'],['casabus'],-7.6335498,33.563470599999995
1278,TERMINUS SAKANI,['L082'],['casabus'],-7.481965999999999,33.6038575
1279,TERMINUS SAKANI,['L082'],['casabus'],-7.482391200000001,33.60414529999999
1280,TERMINUS SALMIA,"['L604', 'L063', 'L072', 'L011']",['casabus'],-7.5504926000134915,33.536802450033264
1281,TERMINUS SIDI HAJJAJ,['L606'],['casabus'],-7.414326499999999,33.5401777
1282,TERMINUS SIDI LKHADIR,"['L019', 'L020', 'L084', 'L301', 'L063', 'L072']",['casabus'],-7.684328599999999,33.5691969
1283,TERMINUS SIDI MAAROUF,"['L031', 'L007']",['casabus'],-7.6574373,33.5081218
1284,TERMINUS SIDI MOUSSA BEN ALI,['L903'],['casabus'],-7.3738919,33.56273200000001
1285,TERMINUS TACHAROUK,"['L056', 'L107', 'L143', 'L120', 'L606', 'L040']",['casabus'],-7.522888799984646,33.56973535000215
1286,TERMINUS TAH,['L006'],['casabus'],-7.5831877999857475,33.53306695000136
1287,TERMINUS TIT MELLIL,"['L904', 'L120', 'L608']",['casabus'],-7.486255899999999,33.5507161
1288,TERMINUS TRAM 1 SIDI MOUMEN,"['L079', 'L902', 'L033', 'L608']",['casabus'],-7.499083150038056,33.58901075004698
1289,TERMINUS TRAM 2 BERNOUSSI,"['L800', 'L023', 'L082', 'L065', 'L606', 'L090']",['casabus'],-7.5063608,33.6104457
1290,TERMINUS TRAM 2 BERNOUSSI,"['L800', 'L023', 'L082', 'L065', 'L606', 'L090', 'L064']",['casabus'],-7.5066364,33.610620999999995
1291,TERMINUS VILLE ENNASR,['L307'],['casabus'],-7.675740350015585,33.412940150027445
1292,TERMINUS ZAOUIA,['L312'],['casabus'],-7.6206666,33.38424339999999
1293,TERMINUS ZI BERNOUSSI,['L608'],['casabus'],-7.507591299986668,33.62318990000422
1294,TERMINUS ZI OULAD SALEH,['L300'],['casabus'],-7.639230300000001,33.42155350000001
1295,TERMINUS ZOUBIR,"['L051', 'L09E', 'L109']",['casabus'],-7.6831594000255805,33.54082485000997
1296,TERRAIN LAARBI  ZAOULI,['L139'],['casabus'],-7.544694399943468,33.597162500011166
1297,THEATRE MY RACHID,"['L055', 'L32D', 'L038', 'L040']",['casabus'],-7.554103,33.56307700000001
1298,THEATRE MY RACHID,"['L055', 'L038', 'L040']",['casabus'],-7.553549600000001,33.5631022
1299,TRIBUNAL ADMINISTRATIF,"['L039', 'L097', 'L064', 'L97B']",['casabus'],-7.566261199983335,33.5600477500075
1300,TRIBUNAL AIN SEBAA,"['L065', 'L090']",['casabus'],-7.531034600000001,33.5993166
1301,TRIBUNAL AIN SEBAA,"['L065', 'L139', 'L090']",['casabus'],-7.530710900000001,33.5993435
1302,TRIBUNAL DE 1ER INSTANCE,"['L97B', 'L013']",['casabus'],-7.66599260002115,33.553891700054194
1303,TWIN CENTER,"['L060', 'L038', 'L067']",['casabus'],-7.6323462,33.587450600000004
1304,TWIN CENTER,"['L060', 'L038', 'L067']",['casabus'],-7.6336439,33.58827850000001
1305,UNIVERSITE INTERNATIONALE,['L309'],['casabus'],-7.608037300000001,33.4970264
1306,UNIVERSITE INTERNATIONALE,['L309'],['casabus'],-7.608511700000001,33.4970493
1307,VICTORIA CITY,['L310'],['casabus'],-7.6725529,33.4179164
1308,VICTORIA CITY,['L310'],['casabus'],-7.6722292,33.4179869
1309,VILLE DEROUA,['L312'],['casabus'],-7.5361451,33.389754399999994
1310,VILLE VERTE,['L309'],['casabus'],-7.6090228,33.4918411
1311,VILLE VERTE,['L309'],['casabus'],-7.609420999999999,33.491863999999985
1312,VILLE VERTE II,['L309'],['casabus'],-7.600738950091821,33.47441580007405
1313,WILAYA GRAND CASABLANCA,"['L006', 'L056', 'L040']",['casabus'],-7.6192948,33.590696399999985
1314,ZONE INDUSTRIEL BOUSKOURA,['L300'],['casabus'],-7.645217949977998,33.44225735008392
1315,ZONE INDUSTRIEL CHELLALATE,['L902'],['casabus'],-7.442085,33.6221374
1316,ZONE INDUSTRIEL CHELLALATE,['L902'],['casabus'],-7.4420416,33.6224304
1317,ZONE INDUSTRIEL CHELLALATE 1,['L902'],['casabus'],-7.4315233,33.6291533
1318,ZONE INDUSTRIEL CHELLALATE 1,['L902'],['casabus'],-7.4311457,33.6291533
1319,ZONE INDUSTRIEL MOHAMMEDIA T1,['L907'],['casabus'],-7.407051999934691,33.66415990004212
1320,ZONE INDUSTRIEL MOHAMMEDIA T2,['L907'],['casabus'],-7.4112981999367635,33.66116165004217
1321,ZONE INDUSTRIEL ZENATA,"['L800', 'L904']",['casabus'],-7.4422909,33.6535642
1322,ZONE INDUSTRIEL ZENATA,"['L800', 'L904']",['casabus'],-7.442293800000001,33.6540357
1323,ZONE INDUSTRIELLE OKACHA,['L900'],['casabus'],-7.558279799972328,33.612679150005945
1324,ZONE LOGISTIQUE LAHRAOUYINE,['L065'],['casabus'],-7.5110683,33.55413719999999
1325,ZONE URBAINE 16 BEN MSIK,['L011'],['casabus'],-7.5875794499220595,33.55455460003132
1326,10-Mars,['T3'],['tram'],-7.550986,33.55182
1327,2 Mars,['T2'],['tram'],-7.612592,33.569097
1328,Abdelkader Essahraoui,['T3'],['tram'],-7.547525,33.555759
1329,Abdellah Ben Cherif,['T2'],['tram'],-7.660272000000001,33.565833000000005
1330,Abdelmoumen,['T1'],['tram'],-7.625969999999999,33.570892
1331,Abdessalam Ennaciri,['T3'],['tram'],-7.572505,33.54851200000001
1332,Abi Dar El Ghafari,['T2'],['tram'],-7.518053,33.60661400000001
1333,Abou Chouaïb Doukali,['T3'],['tram'],-7.594757000000001,33.561543
1334,Abouab Oulfa,['BW2'],['busway'],-7.704933999999999,33.546254299999994
1335,Achouhada,['T1'],['tram'],-7.567820000000001,33.588742
1336,Ain Diab Plage Terminus,['T2'],['tram'],-7.680950000000001,33.587608
1337,Al Inara,['BW1'],['busway'],-7.59923,33.539640000000006
1338,Al Joulane,['BW1'],['busway'],-7.562169999999999,33.54396
1339,Al Moustakbal,['BW1'],['busway'],-7.646720000000001,33.531589999999994
1340,Al wifaq,['T2'],['tram'],-7.538122000000001,33.595686
1341,Ali Yaata,['T1'],['tram'],-7.569933000000001,33.59147599999999
1342,Amgala,['BW1'],['busway'],-7.579049999999999,33.53991299999999
1343,Anciens Abattoirs,['T1'],['tram'],-7.579401999999999,33.59118099999999
1344,Anfa Clubs,['T2'],['tram'],-7.653188,33.56101799999999
1345,Anfa Park (Non desservi),['T2'],['tram'],-7.657648000000001,33.559831
1346,Anoual,['T2'],['tram'],-7.625025,33.569419
1347,Attacharouk,['T1'],['tram'],-7.524465000000001,33.574052
1348,Azzohour,['BW1'],['busway'],-7.622920000000001,33.53061999999999
1349,Aéropostale,['BW2'],['busway'],-7.6605004,33.56508049999999
1350,Bachkou,['T1'],['tram'],-7.627425000000001,33.564119
1351,Bahmad,['T1'],['tram'],-7.587257,33.594080000000005
1352,Bd Mohammed VI,['T3'],['tram'],-7.581526000000001,33.54352200000001
1353,Beauséjour,['T2'],['tram'],-7.648021000000001,33.564245
1354,Boulevard du Nil,['T4'],['tram'],-7.564725,33.566438999999995
1355,C.I.L.,['BW2'],['busway'],-7.656237499999999,33.56734029999999
1356,Californie,['BW1'],['busway'],-7.63056,33.53131
1357,Carrières Centrales,['T2'],['tram'],-7.564481,33.592719
1358,Casa Nearshore,['BW1'],['busway'],-7.63878,33.53023
1359,Casa Port Terminus,['T3'],['tram'],-7.610986,33.597952
1360,Casa Voyageurs,['T1'],['tram'],-7.592358,33.59062000000001
1361,Centre de Maintenance,['T1'],['tram'],-7.513379,33.57934399999999
1362,Chtaiba,['T4'],['tram'],-7.570755,33.565172999999994
1363,Cimetière Achohada (Non desservi),['T2'],['tram'],-7.574386,33.576663999999994
1364,Cité De L'air,['T2'],['tram'],-7.664376,33.56832299999999
1365,Croisement Abd El Moumen,"['T2', 'T1']",['tram'],-7.62602,33.56967
1366,Dar Attouzani,['T3'],['tram'],-7.586522000000001,33.548915
1367,Derb Chorfa,['T3'],['tram'],-7.595613,33.56644099999999
1368,Derb Ghalef,['T2'],['tram'],-7.631693000000001,33.57005899999999
1369,Derb Milan,['T2'],['tram'],-7.580811,33.57204999999999
1370,Derb Tolba,['T3'],['tram'],-7.596705,33.571003000000005
1371,Ennassim,['T1'],['tram'],-7.504737,33.584639
1372,Errahma,['BW2'],['busway'],-7.728760000000001,33.531499999999994
1373,Essafa,['BW2'],['busway'],-7.6962079,33.5509075
1374,Faculté de Médecine,['T1'],['tram'],-7.625807,33.57463899999998
1375,Facultés,['T1'],['tram'],-7.65761,33.54573
1376,Forces Auxiliaires,['T1'],['tram'],-7.539628,33.5748
1377,Garage Allal,['T3'],['tram'],-7.598978,33.575684
1378,Gare Casa Sud,['T1'],['tram'],-7.6511,33.54221700000001
1379,Ghandi,['T2'],['tram'],-7.64492,33.568549999999995
1380,Grande Ceinture,['T1'],['tram'],-7.572976000000001,33.59060899999999
1381,Habous,['T3'],['tram'],-7.600533999999999,33.578545
1382,Haj Fateh,['BW2'],['busway'],-7.689889999999999,33.55332000000001
1383,Hay Adil,['T2'],['tram'],-7.568178,33.579272
1384,Hay Al Wahda Terminus,['T3'],['tram'],-7.547381,33.545766
1385,Hay Assalama,['T4'],['tram'],-7.558373999999999,33.56768199999999
1386,Hay Chrifa,['BW1'],['busway'],-7.60989,33.53509
1387,Hay El Falah,['T4'],['tram'],-7.547674000000001,33.563379
1388,Hay El Farah,['T2'],['tram'],-7.586414,33.571639
1389,Hay Hassani,['T2'],['tram'],-7.672932,33.57656699999999
1390,Hay Mohammadi,['T1'],['tram'],-7.566664,33.58514399999999
1391,Hay Raja,['T1'],['tram'],-7.548226,33.576612
1392,Hay Tissir,['T4'],['tram'],-7.580565000000001,33.572387
1393,Hermitage,['T2'],['tram'],-7.617908000000001,33.569186
1394,Hôpital Sidi Moumen,['T1'],['tram'],-7.517978,33.576404
1395,Ibn Tachfine,['T1'],['tram'],-7.562997,33.58071499999999
1396,Idriss El Allam,['T3'],['tram'],-7.550889999999999,33.559666
1397,Idriss El Harti,['T4'],['tram'],-7.550958,33.561418
1398,Ifni,['T4'],['tram'],-7.598034000000001,33.584669
1399,Jaber Ibn Hayane,['T4'],['tram'],-7.607660999999999,33.588753
1400,Jardin Alesco,['T3'],['tram'],-7.568671000000003,33.550819000000004
1401,Jardin Sunday,['BW1'],['busway'],-7.574147,33.536584999999995
1402,La Ferme,['BW2'],['busway'],-7.751190300000001,33.5225031
1403,La Gironde,['T4'],['tram'],-7.60094,33.58736
1404,La Perception,['BW2'],['busway'],-7.7186159,33.53791460000001
1405,La Rocade,['BW2'],['busway'],-7.709205100000001,33.54383200000001
1406,La Résistance,['T1'],['tram'],-7.602797,33.593433
1407,Lahrizi,['BW1'],['busway'],-7.56847,33.540041999999985
1408,Laymoune,['T1'],['tram'],-7.666361,33.54016399999999
1409,Les Ecoles,['BW2'],['busway'],-7.7398515,33.526576500000004
1410,Les Hôpitaux,['T1'],['tram'],-7.624865,33.57996899999999
1411,Les Jardins D’Errahma,['BW2'],['busway'],-7.71789,33.53837600000001
1412,Les Musées,['BW2'],['busway'],-7.663800000000001,33.56335
1413,Lissasfa Terminus,['T1'],['tram'],-7.669981,33.53525799999999
1414,Littoral,['T2'],['tram'],-7.674801999999999,33.580927
1415,Marché Central,['T1'],['tram'],-7.612105000000001,33.594459
1416,Mdakra,['T2'],['tram'],-7.563372,33.581275
1417,Mekka,['T1'],['tram'],-7.629648,33.558359
1418,Mers Sultan,['T4'],['tram'],-7.615892,33.587664999999994
1419,Mohamed Diouri,['T1'],['tram'],-7.607416,33.593613
1420,Mohammed Bouziane,['T4'],['tram'],-7.554288000000001,33.563561
1421,Mohammed Erradi Terminus,['T4'],['tram'],-7.517936,33.5691
1422,Mohammed Jaudar,['T4'],['tram'],-7.536147000000001,33.568404
1423,Mohammed Smiha,['T3'],['tram'],-7.608677,33.59267599999999
1424,Mohammed Zefzaf,['T1'],['tram'],-7.509011000000002,33.582128
1425,Mohammed Zerktouni,['T3'],['tram'],-7.606005000000001,33.58502
1426,Moulay Rachid,['T4'],['tram'],-7.531256000000001,33.57149099999999
1427,Moulay Thami,['BW2'],['busway'],-7.70109,33.548467999999986
1428,Moulouya,['BW2'],['busway'],-7.6835188,33.5563254
1429,Okba Ibn Nafii,['T1'],['tram'],-7.532854000000001,33.57300699999999
1430,Omar El Khayam Terminus,['BW1'],['busway'],-7.66692,33.54028
1431,Oued Beht,['BW2'],['busway'],-7.6794476,33.558356399999994
1432,Oued Laou,['BW2'],['busway'],-7.674667600000001,33.55993780000001
1433,Oued Oum Rabia,['BW2'],['busway'],-7.66949,33.56148
1434,Oued Sbou,['BW2'],['busway'],-7.7338312,33.5285408
1435,Oulad Haddou,['BW1'],['busway'],-7.605220000000001,33.537229999999994
1436,Ouled Ahmed,['BW2'],['busway'],-7.7461298,33.52484749999999
1437,Ouled Azzouz Terminus,['BW2'],['busway'],-7.7576399,33.51852780000001
1438,Oulmes Terminus,['BW2'],['busway'],-7.648690000000001,33.57153
1439,Panoramique,['T1'],['tram'],-7.631964,33.547338999999994
1440,Parc de la ligue arabe Terminus,['T4'],['tram'],-7.621748,33.587935
1441,Place Al Yassir,['T1'],['tram'],-7.596692,33.592837
1442,Place Financière,['T2'],['tram'],-7.660902,33.562307
1443,Place Mohammed V,['T1'],['tram'],-7.619918999999999,33.589746000000005
1444,Place Sraghna,['T2'],['tram'],-7.602231,33.56962500000001
1445,Place de la Victoire,['T3'],['tram'],-7.608287000000001,33.587849
1446,Place des Nations Unies,['T1'],['tram'],-7.618149,33.59488900000001
1447,Préfecture Ain Sbaa,['T2'],['tram'],-7.530003,33.602133
1448,Riviera,['T2'],['tram'],-7.636231,33.570942999999986
1449,Salmia 2 Terminus,['BW1'],['busway'],-7.550830000000002,33.53714999999998
1450,Sbata,['BW1'],['busway'],-7.554766999999999,33.53858
1451,Sefrou,['BW1'],['busway'],-7.588520000000002,33.54241999999999
1452,Sidi Bernoussi Terminus,['T2'],['tram'],-7.509822,33.610125
1453,Sidi Maarouf,['BW1'],['busway'],-7.651210000000001,33.53291999999998
1454,Sidi Moumen Terminus,['T1'],['tram'],-7.501958,33.586647
1455,Stade Tessema,['BW1'],['busway'],-7.558728000000001,33.5410958
1456,Taddart,['BW1'],['busway'],-7.61663,33.53232999999999
1457,Taza,['BW1'],['busway'],-7.58992,33.54205999999999
1458,Technopark,['T1'],['tram'],-7.638060000000001,33.544749
1459,Yaacoub Al Mansour,['BW2'],['busway'],-7.652720000000001,33.56944
1460,Zenith,['T1'],['tram'],-7.643434999999999,33.54091699999999
1461,Zone Industrielle,['T4'],['tram'],-7.52395,33.570725
1462,kissariat Hay Mohammadi,['T2'],['tram'],-7.563622,33.58712500000001
