cluster_id,stop_id,stop_key,stop_name,Lines,mode,latitude,longitude,x,y
0,cluster_0,cluster_0_casabus,112 Boulevard D'Anfa,"['L013', 'L050', 'L09E', 'L084']",casabus,33.5920589,-7.633954600000001,626755.8600041415,3717761.9033637475
1,cluster_1,cluster_1_casabus,112 Boulevard D'Anfa,"['L013', 'L050', 'L09E', 'L084']",casabus,33.59213689999999,-7.6335241,626795.6950723612,3717771.0794000123
2,cluster_2,cluster_2_casabus,4EME ARRONDISSEMENT,"['L604', 'L072', 'L067']",casabus,33.55712969999998,-7.572611299999999,632501.7495823893,3713965.6124318596
3,cluster_3,cluster_3_casabus,4EME ARRONDISSEMENT,"['L604', 'L072', 'L067']",casabus,33.5576585,-7.5734718999999995,632421.0481175119,3714023.147524013
4,cluster_4,cluster_4_casabus,ABATOIRS MUNICIPAUX,"['L055', 'L068']",casabus,33.549595300000014,-7.549733100000001,634637.355910561,3713159.6576198796
5,cluster_5,cluster_5_casabus,ABATOIRS MUNICIPAUX,"['L055', 'L068']",casabus,33.5497557,-7.549414,634666.7335324376,3713177.857966244
6,cluster_6,cluster_6_casabus,ABOUAB AL OULFA,"['L050', 'L051']",casabus,33.545315099999996,-7.706726800000002,620067.5389146932,3712492.1657866864
7,cluster_7,cluster_7_casabus,ABOUAB AL OULFA,"['L050', 'L051']",casabus,33.5457429,-7.7056403,620167.8240886522,3712540.8596561863
8,cluster_8,cluster_8_casabus,ABRAR MEDIOUNA,"['L312', 'L600']",casabus,33.470773850068646,-7.527509700059236,636824.7050979848,3704448.7411900167
9,cluster_9,cluster_9_casabus,ACADEMIE D'EDUCATION,"['L97B', 'L068', 'L013', 'L109']",casabus,33.56937380000001,-7.667661000000001,623660.3657940851,3715205.7708543777
10,cluster_10,cluster_10_casabus,ACADEMIE D'EDUCATION,"['L97B', 'L068', 'L013', 'L109']",casabus,33.569796,-7.6679979,623628.4924833467,3715252.1831253674
11,cluster_11,cluster_11_casabus,ACCES PLAGE N13,['L005'],casabus,33.58446339999999,-7.6897968,621584.5372666729,3716852.7278954806
12,cluster_12,cluster_12_casabus,ACCES PLAGE N13,['L005'],casabus,33.58497520000001,-7.689253700000001,621634.2211473164,3716910.1150507634
13,cluster_13,cluster_13_casabus,AEROPORT ANFA,"['L072', 'L109']",casabus,33.5660598,-7.652416900000001,625080.1203848431,3714856.6083474266
14,cluster_14,cluster_14_casabus,AEROPORT TIT MELLIL,"['L902', 'L904']",casabus,33.6026176,-7.467708400000001,642165.935701709,3719148.654124336
15,cluster_15,cluster_15_casabus,AEROPORT TIT MELLIL,"['L902', 'L904']",casabus,33.60272869999999,-7.4682084,642119.3590891456,3719160.286877215
16,cluster_16,cluster_16_casabus,AEROPORT TIT MELLIL 2,['L904'],casabus,33.59511965002129,-7.471304049914195,641844.5789486258,3718312.301423482
17,cluster_17,cluster_17_casabus,AGENCE BANQUAIRE AZHAR,['L082'],casabus,33.6021263,-7.483252800000001,640724.393138918,3719072.9314329694
18,cluster_18,cluster_18_casabus,AGENCE BANQUAIRE AZHAR,['L082'],casabus,33.60241049999999,-7.4828351,640762.6891185138,3719105.01327359
19,cluster_19,cluster_19_casabus,AIN ABBOU,['L903'],casabus,33.5803387500408,-7.376069300026374,650707.8210681654,3716807.843879156
20,cluster_20,cluster_20_casabus,AIN DIAB,['L005'],casabus,33.591878099999995,-7.676855,622775.0910258013,3717690.156361296
21,cluster_21,cluster_21_casabus,AIN DIAB,['L005'],casabus,33.591935,-7.676270299999999,622829.2686558329,3717697.1590898586
22,cluster_22,cluster_22_casabus,AIN GUEDDID,['L301'],casabus,33.55205325005287,-7.734409749952729,617488.1649527492,3713207.5739750816
23,cluster_23,cluster_23_casabus,AIN HARROUDA CENTRE,['L800'],casabus,33.63416379999999,-7.4552827000000015,643266.6723216597,3722663.8513070955
24,cluster_24,cluster_24_casabus,AIN HARROUDA CENTRE,['L800'],casabus,33.634218300000015,-7.4558809,643211.096073901,3722669.0660374304
25,cluster_25,cluster_25_casabus,AL ADARISSA,"['L043', 'L079', 'L064']",casabus,33.58065705000965,-7.540804699969264,635417.7969843751,3716615.5516190706
26,cluster_26,cluster_26_casabus,AL ARSA MEDIOUNA,['L312'],casabus,33.42977830000001,-7.522487800000001,637356.0126615323,3699909.670770574
27,cluster_27,cluster_27_casabus,AL ARSA MEDIOUNA,['L312'],casabus,33.42983559999999,-7.522806900000001,637326.2548584681,3699915.602803827
28,cluster_28,cluster_28_casabus,AL ARSAT BOUSKOURA,['L307'],casabus,33.47924750000789,-7.664317500011236,624099.400912711,3705216.4455477884
29,cluster_29,cluster_29_casabus,AL AZHARI II,"['L068', 'L109']",casabus,33.548072899999994,-7.6833362,622235.3879397225,3712825.292425345
30,cluster_30,cluster_30_casabus,AL GHOFRANE,['L604'],casabus,33.521858350009175,-7.525086150043863,636969.4320968165,3710116.361318412
31,cluster_31,cluster_31_casabus,AL HOUDA,['L606'],casabus,33.5856727,-7.525586400000001,636822.3048960916,3717191.7156260195
32,cluster_32,cluster_32_casabus,AL HOUDA,['L606'],casabus,33.5860812,-7.525398999999999,636839.0516641639,3717237.25976579
33,cluster_33,cluster_33_casabus,AL KHALIL,['L006'],casabus,33.5478094000177,-7.598769599923832,630087.3053217547,3712899.0080324435
34,cluster_34,cluster_34_casabus,AL MADINA LJADIDA1,['L065'],casabus,33.5550768,-7.533223899999999,636161.5370082925,3713789.038048345
35,cluster_35,cluster_35_casabus,AL MADINA LJADIDA1,['L065'],casabus,33.5554624,-7.533008500000001,636180.9291652978,3713832.0780696883
36,cluster_36,cluster_36_casabus,AL MASSIRA 1 DEROUA,['L312'],casabus,33.400864600000006,-7.534330300000001,636300.1607424037,3696688.0822477243
37,cluster_37,cluster_37_casabus,AL WATTASSINE,"['L019', 'L005']",casabus,33.55167269999999,-7.7048607,620231.9915751443,3713199.2658990114
38,cluster_38,cluster_38_casabus,AL WATTASSINE,"['L019', 'L005']",casabus,33.5520617,-7.703944,620316.558163476,3713243.4624455078
39,cluster_39,cluster_39_casabus,ALLEE DES CITRONNIERS,['L608'],casabus,33.61300570000492,-7.528091949979511,636546.6791034276,3720219.2299699583
40,cluster_40,cluster_40_casabus,ALLEE DES EUCALYBTUS,['L023'],casabus,33.6105241,-7.5419354,635266.2117474357,3719925.874513676
41,cluster_41,cluster_41_casabus,ALLEE DES EUCALYBTUS,['L023'],casabus,33.6109583,-7.541652000000001,635291.8267824434,3719974.3912963555
42,cluster_42,cluster_42_casabus,ALLEE DES MIMOSAS,"['L023', 'L608']",casabus,33.60583790003966,-7.526871399938705,636671.2313692111,3719426.0378062245
43,cluster_43,cluster_43_casabus,ALLEE LES JARDINS,['L900'],casabus,33.61887445005124,-7.54039589990396,635395.9835988438,3720853.8176022335
44,cluster_44,cluster_44_casabus,AMGALA 1,['L065'],casabus,33.6168433,-7.4999219,639154.0335480288,3720682.297577357
45,cluster_45,cluster_45_casabus,AMGALA1,['L065'],casabus,33.6169522,-7.5002358000000005,639124.737131638,3720693.9508906696
46,cluster_46,cluster_46_casabus,ANAPEC SIDI MOUMEN,"['L043', 'L32D', 'L065']",casabus,33.580832950014525,-7.543532550056246,635164.3484808428,3716631.4924238883
47,cluster_47,cluster_47_casabus,ANGLE ALLEE DES CYPRES,"['L033', 'L082']",casabus,33.60389285004351,-7.546747900105759,634830.0386497466,3719184.2885881816
48,cluster_48,cluster_48_casabus,ANGLE AVENUE MEKNES,"['L006', 'L068']",casabus,33.5390181,-7.593080500000001,630628.7404072736,3711931.3577683
49,cluster_49,cluster_49_casabus,ANGLE AVENUE MEKNES,"['L006', 'L068']",casabus,33.5391718,-7.5927794,630656.467635265,3711948.7798930183
50,cluster_50,cluster_50_casabus,ANGLE BD ANFA/BDZERKTOUNI,"['L060', 'L038', 'L067']",casabus,33.58984225006136,-7.634900350064792,626671.3375396186,3717514.9571434264
51,cluster_51,cluster_51_casabus,ANGLE BD BALTI BEN MEKKI,"['L023', 'L900']",casabus,33.60330330000001,-7.5812864,631626.2577540632,3719074.455785276
52,cluster_52,cluster_52_casabus,ANGLE BD BALTI BEN MEKKI,"['L023', 'L900']",casabus,33.60342940000001,-7.580425099999999,631705.9825738947,3719089.534001769
53,cluster_53,cluster_53_casabus,ANGLE BD IFNI,"['L120', 'L062']",casabus,33.5840948,-7.597297800000001,630169.4830185501,3716924.298303895
54,cluster_54,cluster_54_casabus,ANGLE BD STENDAL / GHANDI,"['L063', 'L051']",casabus,33.566080300076436,-7.637222999989798,626490.4632197437,3714877.328845379
55,cluster_55,cluster_55_casabus,ANGLE BD TAHIRI EL BEKAY,['L900'],casabus,33.6156539,-7.551508100000001,634370.1056906952,3720482.219189845
56,cluster_56,cluster_56_casabus,ANGLE BD TAHIRI EL BEKAY,['L900'],casabus,33.61600909999999,-7.5517579,634346.3796602137,3720521.281117169
57,cluster_57,cluster_57_casabus,ANGLE BOULEVARD ABOU REGREG,"['L143', 'L050']",casabus,33.56582220000001,-7.676654,622830.6568398979,3714801.264159125
58,cluster_58,cluster_58_casabus,ANGLE BOULEVARD ABOU REGREG,"['L143', 'L050']",casabus,33.567038700000005,-7.6768778,622808.160098996,3714935.886550828
59,cluster_59,cluster_59_casabus,ANGLE BOULEVARD AL BINA,['L065'],casabus,33.625116850001234,-7.50514325001057,638656.3784208347,3721592.7069752277
60,cluster_60,cluster_60_casabus,ANGLE BOULEVARD AL HOUCEIMA,['L107'],casabus,33.549749999999996,-7.616644299999999,628424.8564189771,3713091.895820108
61,cluster_61,cluster_61_casabus,ANGLE BOULEVARD AL HOUCEIMA,['L107'],casabus,33.550292,-7.6159074,628492.469784551,3713152.907524957
62,cluster_62,cluster_62_casabus,ANGLE BOULEVARD C AIN SEBAA,['L900'],casabus,33.6227809,-7.5259892,636726.3225276764,3721305.9343905426
63,cluster_63,cluster_63_casabus,ANGLE BOULEVARD C AIN SEBAA,['L900'],casabus,33.62310179999999,-7.5264418,636683.8297876106,3721340.919414579
64,cluster_64,cluster_64_casabus,ANGLE BOULEVARD IFNI,"['L120', 'L062']",casabus,33.584354299999994,-7.5974301,630156.8150256907,3716952.906277101
65,cluster_65,cluster_65_casabus,ANGLE BOULEVARD MAADAN,['L900'],casabus,33.634003150006855,-7.50791834997339,638384.7349162807,3722574.3565955297
66,cluster_66,cluster_66_casabus,ANGLE BOULEVARD RAMALLAH,['L022'],casabus,33.533309,-7.613565200000001,628735.1079643709,3711272.6960120806
67,cluster_67,cluster_67_casabus,ANGLE BOULEVARD RAMALLAH,['L022'],casabus,33.5339624,-7.612790200000001,628806.1056104135,3711346.1090360577
68,cluster_68,cluster_68_casabus,ANGLE BOULEVARD TAH/ MOHAMED6,['L006'],casabus,33.5354271,-7.576947100000002,632132.2689502799,3711553.621387482
69,cluster_69,cluster_69_casabus,ANGLE CHEMIN DES PIVOINES,['L065'],casabus,33.58894030006734,-7.54579115008201,634942.1019830508,3717527.5263053826
70,cluster_70,cluster_70_casabus,ANGLE MOHAMED 6/11 JANVIER,['L906'],casabus,33.697507150033694,-7.365999249915719,651437.1477249488,3729815.240533713
71,cluster_71,cluster_71_casabus,ANGLE N9 / P3015,['L120'],casabus,33.5109808,-7.498043100000001,639498.5004385291,3708946.2528062505
72,cluster_72,cluster_72_casabus,ANGLE N9 / P3015,['L120'],casabus,33.51110740000001,-7.497619100000002,639537.6809186119,3708960.8609508695
73,cluster_73,cluster_73_casabus,ANGLE N9 / P3016,['L120'],casabus,33.527964399999995,-7.4946249,639788.6744046495,3710834.070900716
74,cluster_74,cluster_74_casabus,ANGLE N9 / P3016,['L120'],casabus,33.52817579999999,-7.4943453,639814.3000016646,3710857.8888427415
75,cluster_75,cluster_75_casabus,ANGLE OUED DAHAB / AL JOULANE,"['L063', 'L064', 'L067']",casabus,33.5461329,-7.564226100000001,633297.0868046314,3712757.0012834426
76,cluster_76,cluster_76_casabus,ANGLE OUED DAHAB / AL JOULANE,"['L063', 'L064', 'L067']",casabus,33.546548,-7.564309,633288.7522614782,3712802.922422524
77,cluster_77,cluster_77_casabus,ANGLE POMME D'OR,['L107'],casabus,33.54971070000171,-7.62019370000748,628095.378214298,3713083.145750283
78,cluster_78,cluster_78_casabus,ANGLE ROUTE N1/P3032,['L306'],casabus,33.509078550011765,-7.705281399951264,620251.8957821934,3708475.9091959535
79,cluster_79,cluster_79_casabus,ANGLE RUE BEN LARBI,"['L97B', 'L013', 'L050', 'L09E']",casabus,33.579653699999994,-7.6541056,624903.7832872294,3716361.8938102312
80,cluster_80,cluster_80_casabus,ANGLE RUE BEN LARBI,"['L97B', 'L013', 'L050', 'L09E']",casabus,33.5799482,-7.6539647,624916.435859889,3716394.7186262603
81,cluster_81,cluster_81_casabus,ANGLE RUE DE DAX,"['L023', 'L900']",casabus,33.59983000004079,-7.589352449957288,630883.090359067,3718679.093376334
82,cluster_82,cluster_82_casabus,ANGLE RUE DE FLORENCE,"['L056', 'L040', 'L090']",casabus,33.58351439999999,-7.6121334,628793.5094811616,3716841.3909765473
83,cluster_83,cluster_83_casabus,ANGLE RUE DE FLORENCE,"['L056', 'L040', 'L090']",casabus,33.58366909999999,-7.612449600000002,628763.9341597384,3716858.1513834866
84,cluster_84,cluster_84_casabus,ANGLE RUE DE LA VICTOIRE,"['L023', 'L900']",casabus,33.601405400100845,-7.585566099966999,631232.0373929547,3718858.574296836
85,cluster_85,cluster_85_casabus,ANGLE RUE ENNAKHIL,['L007'],casabus,33.5533734,-7.6440311,625876.9382296333,3713460.067470085
86,cluster_86,cluster_86_casabus,ANGLE RUE ENNAKHIL,"['L306', 'L007', 'L051']",casabus,33.5537971,-7.644282700000001,625852.965515635,3713506.7426716057
87,cluster_87,cluster_87_casabus,ANGLE RUE MAAMOURA,"['L023', 'L900']",casabus,33.605585300018824,-7.575439049963113,632165.3275461479,3719334.9456326356
88,cluster_88,cluster_88_casabus,ANGLE RUE RIF,['L906'],casabus,33.699105750030505,-7.392924550024478,648938.7294908809,3729953.3359221425
89,cluster_89,cluster_89_casabus,ANGLE RUE SOURZAC,"['L033', 'L139', 'L082']",casabus,33.5983504000264,-7.581116750059907,631649.5269792692,3718525.4736411353
90,cluster_90,cluster_90_casabus,ANGLE RUE TAMASKIN,"['L019', 'L020', 'L97B', 'L143', 'L013', 'L068', 'L050', 'L09E', 'L063']",casabus,33.575194999999994,-7.6625464999999995,624126.7657387982,3715857.3549882923
91,cluster_91,cluster_91_casabus,ANGLE RUE TIZNIT,"['L32D', 'L800', 'L904', 'L900']",casabus,33.68499205002686,-7.402870549928768,648041.0795781943,3728373.973836156
92,cluster_92,cluster_92_casabus,ANNEXE FARAH SALAM,['L084'],casabus,33.5400886,-7.691138500000002,621522.1719003784,3711930.810014992
93,cluster_93,cluster_93_casabus,ANNEXE FARAH SALAM,['L084'],casabus,33.5403764,-7.6910331,621531.5556218517,3711962.8451473434
94,cluster_94,cluster_94_casabus,AQUAPARC,['L301'],casabus,33.523139,-7.786701,612671.0500946281,3709943.525998861
95,cluster_95,cluster_95_casabus,AQUAPARC A,['L301'],casabus,33.523285099999995,-7.785992200000001,612736.6859403636,3709960.4956220025
96,cluster_96,cluster_96_casabus,ARCHIVE I,"['L031', 'L007']",casabus,33.51293470002353,-7.655987150039139,624825.0720446024,3708961.701815867
97,cluster_97,cluster_97_casabus,ARRET BATA,"['L039', 'L055', 'L090', 'L043']",casabus,33.58531180002482,-7.577508450096609,632004.2095087807,3717084.296194698
98,cluster_98,cluster_98_casabus,ARRET BEAULIEU,"['L033', 'L082']",casabus,33.60440765000089,-7.539128349989229,635536.2203649802,3719251.3248089976
99,cluster_99,cluster_99_casabus,ARRET BENJDIA,"['L056', 'L040', 'L090']",casabus,33.584945050006525,-7.607130549955814,629255.6741707185,3717006.2597810784
100,cluster_100,cluster_100_casabus,ARRET BRADAA,"['L905', 'L900']",casabus,33.699930300067294,-7.370539149984997,651012.1104404515,3730077.292974068
101,cluster_101,cluster_101_casabus,ARRET CARDO,['L312'],casabus,33.424691450061125,-7.524356599935122,637190.2698720507,3699343.1618425357
102,cluster_102,cluster_102_casabus,ARRET CASCADE 1,['L902'],casabus,33.64351395000357,-7.408257800022018,647612.5237608955,3723766.815627888
103,cluster_103,cluster_103_casabus,ARRET CHAABI 1,['L312'],casabus,33.3717377,-7.544577600000002,635392.2840975983,3693445.0797750126
104,cluster_104,cluster_104_casabus,ARRET CHAABI 1,['L312'],casabus,33.372041399999986,-7.5446699000000015,635383.2264506068,3693478.634316604
105,cluster_105,cluster_105_casabus,ARRET CHTAIBA,"['L120', 'L062']",casabus,33.565383700000005,-7.5713302,632608.0623703941,3714882.4847878614
106,cluster_106,cluster_106_casabus,ARRET CMC,['L007'],casabus,33.58779650000001,-7.6274868,627362.3192490514,3717297.2129040845
107,cluster_107,cluster_107_casabus,ARRET CMC,['L007'],casabus,33.5891961,-7.6263578,627465.0338561541,3717453.7941636406
108,cluster_108,cluster_108_casabus,ARRET EL BIR,['L312'],casabus,33.39248049999999,-7.6021358,630006.5564457731,3695671.6841367697
109,cluster_109,cluster_109_casabus,ARRET EL BIR,['L312'],casabus,33.39278479999999,-7.6019622,630022.2499557941,3695705.641854591
110,cluster_110,cluster_110_tram,Avenue Hassan II,"['L006', 'T1', 'L056', 'L040']",tram,33.584097100008925,-7.623026599970159,627781.6889955855,3716892.5072658095
110,cluster_110,cluster_110_casabus,Avenue Hassan II,"['L006', 'T1', 'L056', 'L040']",casabus,33.584097100008925,-7.623026599970159,627781.6889955855,3716892.5072658095
111,cluster_111,cluster_111_casabus,ARRET ISCAE,['L310'],casabus,33.526762899999994,-7.6357358,626685.8880421835,3710519.546259492
112,cluster_112,cluster_112_casabus,ARRET KM15,['L800'],casabus,33.632336099999996,-7.471064799999999,641805.8025248455,3722439.4299396137
113,cluster_113,cluster_113_casabus,ARRET KM15,['L800'],casabus,33.63238419999998,-7.470185400000001,641887.2938399997,3722445.9698193423
114,cluster_114,cluster_114_casabus,ARRET KOREA,"['L079', 'L109']",casabus,33.562236999999996,-7.595775400000001,630343.626360832,3714502.546527329
115,cluster_115,cluster_115_casabus,ARRET KOREA,"['L079', 'L109']",casabus,33.562522,-7.5959144,630330.2947969625,3714533.9733785917
116,cluster_116,cluster_116_casabus,ARRET L'AUBERGE 1,['L900'],casabus,33.65139755005223,-7.476517399877146,641268.8945960727,3724545.6301139635
117,cluster_117,cluster_117_casabus,ARRET LAARJA,"['L800', 'L904']",casabus,33.659777050045946,-7.438649800014683,644766.5641268883,3725527.2134374683
118,cluster_118,cluster_118_casabus,ARRET LAMJADBA 1,['L903'],casabus,33.61422290000636,-7.360776199975877,652067.7375701779,3720587.568934993
119,cluster_119,cluster_119_casabus,ARRET LFARFARA,"['L050', 'L051']",casabus,33.54317180010094,-7.710343999990191,619734.6520071627,3712250.3310186523
120,cluster_120,cluster_120_casabus,ARRET MDAKRA,"['L039', 'L043']",casabus,33.5816649000151,-7.5625784999374215,633395.4033783406,3716699.0459354715
121,cluster_121,cluster_121_casabus,ARRET METRO,"['L107', 'L031', 'L007', 'L300']",casabus,33.538383599999996,-7.643208499999999,625975.0614491339,3711798.9672423187
122,cluster_122,cluster_122_casabus,ARRET PALMERIE 1,['L309'],casabus,33.48654615000471,-7.60060200003836,630008.8093602606,3706103.697305006
123,cluster_123,cluster_123_casabus,ARRET PERLA,['L312'],casabus,33.39254325000884,-7.56083989994369,633847.4484965088,3695730.989755838
124,cluster_124,cluster_124_casabus,ARRET RACHAD,"['L038', 'L97B', 'L097', 'L143', 'L067', 'L051', 'L060', 'L022', 'L063']",casabus,33.56646115009423,-7.609295500025493,629082.2731590894,3714954.0061141793
125,cluster_125,cluster_125_casabus,ARRET TADLA,['L907'],casabus,33.6890681,-7.392106699999999,649031.8660695173,3728841.4469347293
126,cluster_126,cluster_126_casabus,ARRET TADLA,['L907'],casabus,33.6891901,-7.3917918,649060.8457008972,3728855.429982041
127,cluster_127,cluster_127_casabus,ARRET TAJ 1,['L312'],casabus,33.38622925000536,-7.558438599962487,634080.4932066642,3695033.9780596616
128,cluster_128,cluster_128_casabus,TIKIOUIN,['L039'],casabus,33.57796190001938,-7.553320100090683,634260.406875505,3716300.406148449
129,cluster_129,cluster_129_casabus,ARRET TIYANA 1,['L312'],casabus,33.44406045001352,-7.519707799977578,637591.9264701956,3701496.988080362
130,cluster_130,cluster_130_casabus,ARRONDISSEMENT GHANDI,"['L019', 'L020', 'L143', 'L068', 'L063']",casabus,33.57550100000483,-7.6518262500335315,625121.3237396237,3715904.183693456
131,cluster_131,cluster_131_casabus,ARRONDISSEMENT LAYMOUNE,"['L97B', 'L013']",casabus,33.5377127,-7.6685707,623621.0250322131,3711694.047989197
132,cluster_132,cluster_132_casabus,ARRONDISSEMENT LAYMOUNE,"['L97B', 'L013']",casabus,33.53797410000001,-7.6680424,623669.7079542078,3711723.6624430497
133,cluster_133,cluster_133_casabus,ARRONDISSEMENT SALAM II,['L608'],casabus,33.58486660001235,-7.480071750057821,641047.6569392955,3717163.4030701392
134,cluster_134,cluster_134_casabus,ASSOCIATION BAYTI,['L800'],casabus,33.61983020000001,-7.4908789,639988.1475425502,3721025.7033388885
135,cluster_135,cluster_135_casabus,ASSOCIATION BAYTI,['L800'],casabus,33.6199373,-7.4912112,639957.1469644853,3721037.129622392
136,cluster_136,cluster_136_casabus,ATLANTA SPORT,"['L09E', 'L109']",casabus,33.53962610000262,-7.681533949991192,622414.6268508802,3711890.826834951
137,cluster_137,cluster_137_casabus,AUDA ANFA,['L109'],casabus,33.561412,-7.6699889,623455.620098778,3714320.174932011
138,cluster_138,cluster_138_casabus,AUTOROUTE A7,['L309'],casabus,33.48202169999998,-7.629021200000001,627374.992835951,3705566.7929555327
139,cluster_139,cluster_139_casabus,AUTOROUTE A7,['L309'],casabus,33.482390800000005,-7.6288971,627385.9831910845,3705607.87146485
140,cluster_140,cluster_140_casabus,AV 10 MARS,['L056'],casabus,33.555367299999986,-7.5571919,633935.9415502846,3713790.014119592
141,cluster_141,cluster_141_casabus,AV 10 MARS,['L056'],casabus,33.5556457,-7.5571008,633943.9692669064,3713821.0019197683
142,cluster_142,cluster_142_casabus,AVENUE 6 NOVEMBRE 1975,"['L039', 'L097', 'L97B']",casabus,33.55170379999999,-7.587151800000001,631160.0769485882,3713345.473039574
143,cluster_143,cluster_143_casabus,AVENUE 6 NOVEMBRE 1975,"['L039', 'L097', 'L97B']",casabus,33.552,-7.5871501,631159.7870697211,3713378.3187871305
144,cluster_144,cluster_144_casabus,AVENUE ABOU BAKR EL KADIRI,"['L107', 'L300']",casabus,33.52759010000253,-7.649507899983227,625405.7197823343,3710594.528982586
145,cluster_145,cluster_145_casabus,AVENUE DES FAR,"['L055', 'L033', 'L023', 'L082', 'L011', 'L120', 'L043', 'L062', 'L139']",casabus,33.5968,-7.613134100000001,628680.9060617276,3718313.2984916144
146,cluster_146,cluster_146_casabus,AVENUE HACHMI FILALI,['L309'],casabus,33.524362199999985,-7.6166775,628459.3307167473,3710276.7950682603
147,cluster_147,cluster_147_casabus,AVENUE HACHMI FILALI,['L309'],casabus,33.524488299999994,-7.617004100000001,628428.8129439794,3710290.372830593
148,cluster_148,cluster_148_casabus,AVENUE JOUDAR,['L065'],casabus,33.56139315004013,-7.525561800069062,636862.9094996769,3714499.5171611523
149,cluster_149,cluster_149_casabus,AVENUE MOHAMED BOUZIANE,"['L039', 'L120', 'L079']",casabus,33.563909450021185,-7.556696849908918,633968.7081432403,3714737.840819115
150,cluster_150,cluster_150_casabus,AVENUE PASTEUR,"['L033', 'L023', 'L082', 'L900', 'L139']",casabus,33.5959919,-7.6019597,629719.0173751028,3718237.640314684
151,cluster_151,cluster_151_casabus,AVENUE PASTEUR,"['L033', 'L023', 'L082', 'L900', 'L139']",casabus,33.596227,-7.602487700000001,629669.6704924235,3718263.047541313
152,cluster_152,cluster_152_casabus,AVENUE REDA GUEDIRA,"['L039', 'L097', 'L97B']",casabus,33.55550390001845,-7.57365205007084,632407.612123482,3713784.0077155354
153,cluster_153,cluster_153_casabus,AVENUE TADDART,['L309'],casabus,33.53973299999999,-7.617909300000002,628322.2184206167,3711979.6192400157
154,cluster_154,cluster_154_casabus,AVENUE TADDART,['L309'],casabus,33.5404795,-7.6183981,628275.7285935004,3712061.788032332
155,cluster_155,cluster_155_casabus,AZBANE 1,"['L107', 'L306', 'L307', 'L051']",casabus,33.536480299999994,-7.6651715,623938.4167331399,3711561.4558056765
156,cluster_156,cluster_156_casabus,AZBANE 1,"['L107', 'L306', 'L307', 'L051']",casabus,33.5369043,-7.6652872,623927.0680883961,3711608.3312617918
157,cluster_157,cluster_157_casabus,AZHAR OULFA,"['L084', 'L051']",casabus,33.543791200006325,-7.687170199991888,621885.4380758598,3712346.017286251
158,cluster_158,cluster_158_casabus,Angle Avenue Lahraouiyine,"['L039', 'L097', 'L97B']",casabus,33.5537148,-7.576782400000002,632119.7231640462,3713581.6308321212
159,cluster_159,cluster_159_casabus,Angle Avenue Lahraouiyine,"['L039', 'L097', 'L97B']",casabus,33.553943999999994,-7.576226100000001,632171.0204754273,3713607.754672779
160,cluster_160,cluster_160_casabus,Angle Boulevard Tah/ Mohamed 6,['L006'],casabus,33.5357259,-7.576808399999999,632144.6937107723,3711586.930024197
161,cluster_161,cluster_161_casabus,BAB AL BAIDA,['L307'],casabus,33.476441200019615,-7.660854850047834,624425.1542152585,3704909.425016661
162,cluster_162,cluster_162_casabus,BACHAOUIA BOUSKOURA,"['L310', 'L309', 'L300']",casabus,33.4710004,-7.6381359,626544.1257569034,3704333.5961985826
163,cluster_163,cluster_163_casabus,BACHAOUIA BOUSKOURA,"['L310', 'L309', 'L300']",casabus,33.4714095,-7.6386802,626492.9512380185,3704378.2945146514
164,cluster_164,cluster_164_casabus,BACHAOUIAT AL AZHAR,['L082'],casabus,33.598999750000765,-7.489071450004651,640189.5481826308,3718718.3446878972
165,cluster_165,cluster_165_casabus,BASATINE AL FIRDAOUS,['L903'],casabus,33.66784000000242,-7.358955050019607,652142.3352962502,3726535.807713569
166,cluster_166,cluster_166_casabus,BASATINE AL GHOFRANE,['L604'],casabus,33.52308855000423,-7.521930599984074,637260.5572766875,3710256.942448531
167,cluster_167,cluster_167_casabus,BASSATINE AL OULFA,['L050'],casabus,33.55033715001992,-7.69748320008258,620918.7759398266,3713059.761305355
168,cluster_168,cluster_168_casabus,BAYTI SAKAN 1,['L905'],casabus,33.68536335000183,-7.342074300016061,653676.3418302787,3728503.963055234
169,cluster_169,cluster_169_casabus,BD HASSAN 2 MOHAMMEDIA 01,"['L902', 'L800', 'L900', 'L32D', 'L904']",casabus,33.6915899,-7.3944385,648811.3671221753,3729117.724523374
170,cluster_170,cluster_170_casabus,BD HASSAN 2 MOHAMMEDIA 01,"['L902', 'L800', 'L900', 'L32D', 'L904']",casabus,33.69188700000001,-7.393535699999999,648894.5390351893,3729151.9713047654
171,cluster_171,cluster_171_casabus,BD HASSAN 2 MOHAMMEDIA 03,"['L32D', 'L800', 'L904', 'L900']",casabus,33.68766120004172,-7.39937079989511,648360.9236808275,3728674.976227834
172,cluster_172,cluster_172_casabus,BEAUSEJOUR,"['L072', 'L109']",casabus,33.56445440000001,-7.6462215,625657.5334335387,3714686.0949174454
173,cluster_173,cluster_173_casabus,BEAUSEJOUR,"['L072', 'L109']",casabus,33.5649259,-7.646543499999998,625626.9603288627,3714737.985433265
174,cluster_174,cluster_174_casabus,BEN HAMOU,['L120'],casabus,33.4581684,-7.516753600000001,637844.2133380673,3703065.2325921347
175,cluster_175,cluster_175_casabus,BEN HAMOU,['L120'],casabus,33.45836320000001,-7.517085999999999,637813.0110191626,3703086.391605389
176,cluster_176,cluster_176_casabus,BENI MGUILD,['L006'],casabus,33.5711141,-7.604315000000001,629537.6378854682,3715476.156564402
177,cluster_177,cluster_177_casabus,BLOC 33 LALLA MERIEM,"['L97B', 'L097', 'L143', 'L068', 'L062']",casabus,33.560364050005695,-7.552811049973547,634334.9123649767,3714349.7441664245
178,cluster_178,cluster_178_casabus,BNI YAKHLEF,['L903'],casabus,33.6642642,-7.3409352,653819.5142882112,3726165.969756688
179,cluster_179,cluster_179_casabus,BNI YAKHLEF 2,['L903'],casabus,33.6611444,-7.3425011,653679.8658219913,3725817.6850810396
180,cluster_180,cluster_180_casabus,BOULEVARD 9 AVRIL,['L090'],casabus,33.58226379999999,-7.628301500000001,627294.8396634114,3716682.728825321
181,cluster_181,cluster_181_casabus,BOULEVARD 9 AVRIL,['L090'],casabus,33.5826329,-7.6293945,627192.8590749806,3716722.312691372
182,cluster_182,cluster_182_casabus,BOULEVARD ABDELHADI BOUTALEB,['L084'],casabus,33.57600745000919,-7.6767091499456175,622811.1116448514,3715930.5583914923
183,cluster_183,cluster_183_casabus,BOULEVARD ABDELMOUMEN,"['L006', 'L019', 'L038', 'L067']",casabus,33.57918250000001,-7.6253022,627577.7332708177,3716344.7560419654
184,cluster_184,cluster_184_casabus,BOULEVARD ABDELMOUMEN,"['L006', 'L019', 'L038', 'L067']",casabus,33.580195700000004,-7.624611800000001,627640.3181803289,3716457.953344711
185,cluster_185,cluster_185_casabus,BOULEVARD ABDELMOUMEN 2,"['L006', 'L300']",casabus,33.578079999999986,-7.625376000000001,627572.5062788532,3716222.416712122
186,cluster_186,cluster_186_casabus,BOULEVARD ABDERRAHIM BOUABID,"['L072', 'L109']",casabus,33.5624467,-7.6430536,625954.5143921016,3714467.323108857
187,cluster_187,cluster_187_casabus,BOULEVARD ABDERRAHIM BOUABID,"['L072', 'L109']",casabus,33.5627332,-7.6431092,625948.9371061531,3714499.02330741
188,cluster_188,cluster_188_casabus,BOULEVARD ABOU HOURAIRA,"['L079', 'L056']",casabus,33.56169259999999,-7.572305200000001,632523.195791379,3714471.9545719386
189,cluster_189,cluster_189_casabus,BOULEVARD ABOU HOURAIRA,"['L079', 'L056']",casabus,33.56227839999998,-7.572077700000001,632543.4196479409,3714537.2012102143
190,cluster_190,cluster_190_casabus,BOULEVARD ABOU HOURAIRA 2,['L056'],casabus,33.5635313,-7.5694865,632782.0430402812,3714679.4452519096
191,cluster_191,cluster_191_casabus,BOULEVARD ABOU HOURAIRA 2,['L056'],casabus,33.5636387,-7.569904700000001,632743.057666942,3714690.8182656285
192,cluster_192,cluster_192_casabus,BOULEVARD AFGHANISTAN,"['L063', 'L019', 'L020', 'L072']",casabus,33.57149010000931,-7.67610319998024,622873.7537466867,3715430.384540237
193,cluster_193,cluster_193_casabus,BOULEVARD AHL LOGHLAM,['L033'],casabus,33.59989770008981,-7.503758650062265,638825.2544976382,3718798.1184390252
194,cluster_194,cluster_194_casabus,BOULEVARD AHL LOGHLAM AZHAR,['L902'],casabus,33.597739200024286,-7.489595699898958,640142.9414257316,3718577.8576117195
195,cluster_195,cluster_195_casabus,BOULEVARD AHL LOGHLAM SAKANI,['L902'],casabus,33.5978813000082,-7.484230299950411,640640.5849133508,3718600.8917900347
196,cluster_196,cluster_196_casabus,BOULEVARD AHMED MEKOUR,['L023'],casabus,33.614924550001646,-7.536812749985891,635734.5861684119,3720420.5273200255
197,cluster_197,cluster_197_casabus,BOULEVARD AL MAGHRIB AL ARABI,['L082'],casabus,33.599285,-7.484843300000001,640581.4243003897,3718755.7096369755
198,cluster_198,cluster_198_casabus,BOULEVARD AL MAGHRIB AL ARABI,['L082'],casabus,33.6000534,-7.484116800000001,640647.5898194324,3718841.901403186
199,cluster_199,cluster_199_casabus,BOULEVARD AL QODS,"['L060', 'L063', 'L143']",casabus,33.5416111,-7.591284599999999,630791.5914663953,3712221.141433522
200,cluster_200,cluster_200_casabus,BOULEVARD AL QODS,"['L060', 'L063', 'L143']",casabus,33.54180879999999,-7.5916049,630761.5531930521,3712242.6589200026
201,cluster_201,cluster_201_casabus,BOULEVARD AMGALA,"['L312', 'L600', 'L006']",casabus,33.5403694,-7.5791858,631916.8763720486,3712098.788117077
202,cluster_202,cluster_202_casabus,BOULEVARD AMGALA,"['L312', 'L600', 'L006']",casabus,33.5405456,-7.578865100000002,631946.3866625923,3712118.733859211
203,cluster_203,cluster_203_casabus,BOULEVARD ANOUAL,"['L97B', 'L063', 'L097', 'L051']",casabus,33.56957145001145,-7.627391199951738,627397.9723471839,3715276.484373628
204,cluster_204,cluster_204_casabus,BOULEVARD BEN BARKA,['L038'],casabus,33.6036367,-7.6518743,625076.245538239,3719023.886054634
205,cluster_205,cluster_205_casabus,BOULEVARD BEN BARKA,['L038'],casabus,33.6039197,-7.6518181,625081.0513039622,3719055.333825162
206,cluster_206,cluster_206_casabus,BOULEVARD BORDEAUX,"['L055', 'L011', 'L067', 'L043', 'L139']",casabus,33.59791570000876,-7.6295701500088615,627154.1285807628,3718416.700316606
207,cluster_207,cluster_207_casabus,BOULEVARD BOUALAM,['L062'],casabus,33.56138445000272,-7.536664499973698,635832.2405309111,3714483.9415122545
208,cluster_208,cluster_208_casabus,BOULEVARD CHEFCHAOUNI,['L065'],casabus,33.627955850041516,-7.500551549886359,639077.7589217485,3721913.6773346695
209,cluster_209,cluster_209_casabus,BOULEVARD DAKHLA,['L039'],casabus,33.5333817000036,-7.600812000007234,629919.2685129126,3711296.6637745723
210,cluster_210,cluster_210_casabus,BOULEVARD DAKHLA 2,['L068'],casabus,33.543584800000005,-7.5766643,632146.1114623087,3712458.533403097
211,cluster_211,cluster_211_casabus,BOULEVARD DAKHLA 2,['L068'],casabus,33.5438997,-7.577113300000001,632103.9425400386,3712492.8782318328
212,cluster_212,cluster_212_casabus,BOULEVARD DE BOURGOGNE,['L011'],casabus,33.59504650000585,-7.6506793999743685,625199.5293860387,3718072.825132722
213,cluster_213,cluster_213_casabus,BOULEVARD DE BOUSKOURA,"['L306', 'L051']",casabus,33.5573617,-7.649074800000001,625402.9242385305,3713896.1838145703
214,cluster_214,cluster_214_casabus,BOULEVARD DE GAZA,"['L604', 'L038', 'L109']",casabus,33.56868335008557,-7.58429419992433,631399.6576678895,3715231.8428684273
215,cluster_215,cluster_215_casabus,BOULEVARD DE LA MECQUE,"['L310', 'L107', 'L031', 'L300']",casabus,33.54598605001916,-7.631675749974737,627034.8051806628,3712656.0163472206
216,cluster_216,cluster_216_casabus,BOULEVARD DE LA RESISTANCE,['L090'],casabus,33.589095,-7.603987,629541.2086135795,3717470.348992648
217,cluster_217,cluster_217_casabus,BOULEVARD DE LA RESISTANCE,['L090'],casabus,33.58930699999999,-7.6037109,629566.5139421548,3717494.2017740486
218,cluster_218,cluster_218_casabus,BOULEVARD DE MAKRO,['L065'],casabus,33.59497930002471,-7.528426799894602,636544.0324042402,3718219.927700834
219,cluster_219,cluster_219_casabus,BOULEVARD DE RIYAD,['L907'],casabus,33.6731691000421,-7.393864799934656,648896.3104449764,3727075.8837991576
220,cluster_220,cluster_220_casabus,BOULEVARD DE TEMARA,['L068'],casabus,33.54973570000001,-7.5992451999999995,630040.261709202,3713112.004940973
221,cluster_221,cluster_221_casabus,BOULEVARD DES FACULTES,"['L068', 'L09E']",casabus,33.54212035000063,-7.677332199994776,622801.242472079,3712172.3618136817
222,cluster_222,cluster_222_casabus,BOULEVARD DRISS EL HARTI,"['L107', 'L143', 'L011']",casabus,33.5481079,-7.572958299999999,632483.3095030979,3712964.8004352753
223,cluster_223,cluster_223_casabus,BOULEVARD DRISS EL HARTI,"['L107', 'L143', 'L011']",casabus,33.5484006,-7.572813400000001,632496.3159130397,3712997.4412244367
224,cluster_224,cluster_224_casabus,BOULEVARD DU NIL,"['L039', 'L097', 'L064', 'L97B']",casabus,33.55827100000455,-7.569085899988194,632827.284904344,3714096.677391671
225,cluster_225,cluster_225_casabus,BOULEVARD EL HARTI,"['L107', 'L143', 'L011']",casabus,33.543869900001795,-7.580326500015327,631805.6432198233,3712485.4835966784
226,cluster_226,cluster_226_casabus,BOULEVARD EL YAZIDI,['L033'],casabus,33.601394050010555,-7.5155848500390965,637725.5124426452,3718948.2423760034
227,cluster_227,cluster_227_casabus,BOULEVARD FATIMA ZAROUAL,['L039'],casabus,33.523836500001075,-7.596666099995871,630318.5809372568,3710243.469562078
228,cluster_228,cluster_228_casabus,BOULEVARD HAJ FATEH,['L051'],casabus,33.5386461,-7.6797808,622578.7951928974,3711784.2346031545
229,cluster_229,cluster_229_casabus,BOULEVARD HAJ FATEH,['L051'],casabus,33.5388552,-7.679325800000001,622620.7483320017,3711807.957924277
230,cluster_230,cluster_230_casabus,BOULEVARD HAJ FATEH 2,"['L09E', 'L084']",casabus,33.5511417,-7.6892307,621683.8185619763,3713158.6291785687
231,cluster_231,cluster_231_casabus,BOULEVARD HAJ FATEH OULFA,"['L09E', 'L084']",casabus,33.5492326500342,-7.688159699979713,621785.9294868723,3712948.2091273577
232,cluster_232,cluster_232_casabus,BOULEVARD HASSAN 1,['L007'],casabus,33.593459,-7.6229835,627771.8839761765,3717930.6372833806
233,cluster_233,cluster_233_casabus,BOULEVARD HASSAN 2 MOHAMMEDIA 2,"['L32D', 'L904']",casabus,33.69002255004117,-7.396251899909655,648645.9745339886,3728941.310065818
234,cluster_234,cluster_234_casabus,BOULEVARD HOUCINE SOUSSI,"['L043', 'L079', 'L064']",casabus,33.583985950000425,-7.529324050003818,636478.085727271,3716999.7479338828
235,cluster_235,cluster_235_casabus,BOULEVARD IBN TACHFINE,"['L039', 'L055', 'L090', 'L043']",casabus,33.58479035003053,-7.573414550070315,632384.9419846102,3717031.702313496
236,cluster_236,cluster_236_casabus,BOULEVARD IBNOU SINA,"['L019', 'L020', 'L97B', 'L013', 'L068', 'L050', 'L09E']",casabus,33.5717944,-7.6684743,623581.4247015931,3715473.2013051948
237,cluster_237,cluster_237_casabus,BOULEVARD IBNOU SINA,"['L019', 'L020', 'L97B', 'L143', 'L013', 'L050', 'L09E']",casabus,33.5720835,-7.668218900000002,623604.7184236259,3715505.562031951
238,cluster_238,cluster_238_casabus,BOULEVARD IBNOU SINA N43,"['L019', 'L020', 'L97B', 'L143', 'L013', 'L068', 'L050', 'L09E', 'L063']",casabus,33.5753223,-7.662022600000001,624175.209133612,3715872.0982594057
239,cluster_239,cluster_239_casabus,BOULEVARD IMAM ALI,"['L608', 'L065', 'L606', 'L090', 'L064']",casabus,33.597760400018586,-7.520160150072079,637306.7347876991,3718539.2452564915
240,cluster_240,cluster_240_casabus,BOULEVARD LA RESISTENCE MO,['L907'],casabus,33.6811962,-7.4056308,647791.6985591217,3727949.1023860984
241,cluster_241,cluster_241_casabus,BOULEVARD LA RESISTENCE MO,['L907'],casabus,33.681450099999985,-7.4053168000000005,647820.3733438872,3727977.706468314
242,cluster_242,cluster_242_casabus,BOULEVARD LALA ASMA,"['L32D', 'L065']",casabus,33.57697895003751,-7.540686950075796,635434.4719923416,3716207.861289105
243,cluster_243,cluster_243_casabus,BOULEVARD MOHAMED SIJILMASSI,['L056'],casabus,33.58794050000001,-7.6396307,626235.1334848616,3717298.3083711425
244,cluster_244,cluster_244_casabus,BOULEVARD MOHAMED V MO,['L906'],casabus,33.7026873,-7.394259300000001,648808.8390155385,3730348.567221976
245,cluster_245,cluster_245_casabus,BOULEVARD MOHAMED V MO,['L906'],casabus,33.7029532,-7.3945509,648781.35425871,3730377.6323923217
246,cluster_246,cluster_246_casabus,BOULEVARD MOULAY SLIMAN,['L900'],casabus,33.611482450000246,-7.5611587500019946,633481.2161848939,3720007.1773393163
247,cluster_247,cluster_247_casabus,BOULEVARD MOULAY SMAIL,"['L033', 'L139', 'L082']",casabus,33.59849480000116,-7.575902100010699,632133.1811535454,3718548.1297423947
248,cluster_248,cluster_248_casabus,BOULEVARD NAKHIL,"['L904', 'L120', 'L608']",casabus,33.55242,-7.482840300000001,640843.4052370533,3713561.778393682
249,cluster_249,cluster_249_casabus,BOULEVARD NAKHIL,"['L904', 'L120', 'L608']",casabus,33.553202,-7.481837600000001,640935.2278332553,3713649.8538480774
250,cluster_250,cluster_250_casabus,BOULEVARD NASSIBA BENT KAAB,"['L079', 'L064']",casabus,33.57759570002236,-7.546429699937032,634900.4999865743,3716268.7542205434
251,cluster_251,cluster_251_casabus,BOULEVARD OQBA,"['L039', 'L32D']",casabus,33.579632150010106,-7.559256150047924,633706.8846657295,3716477.930768892
252,cluster_252,cluster_252_casabus,BOULEVARD OUED BEHT,['L143'],casabus,33.558512199999996,-7.677625900000001,622750.7844823392,3713989.5670058155
253,cluster_253,cluster_253_casabus,BOULEVARD OUED DAHAB,"['L063', 'L064', 'L067']",casabus,33.543556300000006,-7.5689226,632864.9727364592,3712465.2692763982
254,cluster_254,cluster_254_casabus,BOULEVARD OUED DAHAB,"['L063', 'L064', 'L067']",casabus,33.54356429999999,-7.5685393,632900.5499689076,3712466.6477030558
255,cluster_255,cluster_255_casabus,BOULEVARD OUED DRAA,"['L09E', 'L084']",casabus,33.556112,-7.684743300000001,622093.4362941262,3713715.0207128143
256,cluster_256,cluster_256_casabus,BOULEVARD OUED DRAA,"['L09E', 'L084']",casabus,33.55638989999999,-7.6845837,622107.8616496455,3713746.022725753
257,cluster_257,cluster_257_casabus,BOULEVARD OUED EDAOURA 1,"['L068', 'L109']",casabus,33.54258225000962,-7.677870799996423,622750.5802779729,3712222.940041101
258,cluster_258,cluster_258_casabus,BOULEVARD OUED LAOU,"['L143', 'L050']",casabus,33.560442250005785,-7.675207800042903,622972.5269446946,3714206.441325638
259,cluster_259,cluster_259_casabus,BOULEVARD OUED TENSIFT,"['L068', 'L143', 'L109']",casabus,33.5525804,-7.684519200000001,622119.2108933259,3713323.695810069
260,cluster_260,cluster_260_casabus,BOULEVARD OUED TENSIFT,"['L143', 'L109']",casabus,33.552907499999996,-7.6846639,622105.3168412488,3713359.794632881
261,cluster_261,cluster_261_casabus,BOULEVARD PALESTINE,['L903'],casabus,33.6862273500105,-7.374746900041967,650646.0293282641,3728551.628179122
262,cluster_262,cluster_262_casabus,BOULEVARD RACHIDI,"['L006', 'L019', 'L056', 'L022', 'L040']",casabus,33.5909199,-7.621952199999999,627871.3316788271,3717650.367031885
263,cluster_263,cluster_263_casabus,BOULEVARD ROUDANI,['L007'],casabus,33.584754350058915,-7.6304731500376475,627089.6415409013,3716956.220914843
264,cluster_264,cluster_264_casabus,BOULEVARD SMARA,"['L006', 'L068']",casabus,33.537344250007145,-7.588660450049245,631041.6892671867,3711751.3344695144
265,cluster_265,cluster_265_casabus,BOULEVARD SOUR JDID,['L056'],casabus,33.605026099999996,-7.6210778,627931.6401102948,3719215.5897109727
266,cluster_266,cluster_266_casabus,BOULEVARD SOUR JDID,['L056'],casabus,33.6052352,-7.6207587000000006,627960.9383707485,3719239.1699344004
267,cluster_267,cluster_267_casabus,BOULEVARD TAH,['L006'],casabus,33.5341683,-7.5799083,631859.2072170305,3711410.272008286
268,cluster_268,cluster_268_casabus,BOULEVARD TAH,['L006'],casabus,33.5348302,-7.578890900000001,631952.6772013945,3711484.959806808
269,cluster_269,cluster_269_casabus,BOULEVARD TARIK IBNOU ZIAD,['L006'],casabus,33.5768411,-7.616815,628368.9078869784,3716095.6218286874
270,cluster_270,cluster_270_casabus,BOULEVARD TAZA,"['L006', 'L022']",casabus,33.54438319999999,-7.5947479,630465.8509578971,3712524.1557078636
271,cluster_271,cluster_271_casabus,BOULEVARD TAZA,"['L006', 'L022']",casabus,33.5450965,-7.594681900000001,630470.906779611,3712603.331560672
272,cluster_272,cluster_272_casabus,BOULEVARD ZERKTOUNI,"['L060', 'L038', 'L067']",casabus,33.5915415,-7.6362428,626544.2770501958,3717701.73333614
273,cluster_273,cluster_273_casabus,BOULEVARD ZERKTOUNI,"['L060', 'L038', 'L067']",casabus,33.5916527,-7.636585499999998,626512.3128915016,3717713.6446960634
274,cluster_274,cluster_274_casabus,BOULEVARS ABDELKRIM KHATTABI,['L084'],casabus,33.58092605000141,-7.664745499989933,623914.4736745507,3716490.1933376617
275,cluster_275,cluster_275_casabus,BOUSKOURA CENTRE,['L300'],casabus,33.43762790005701,-7.6421027999979545,626223.849377844,3700628.4099670732
276,cluster_276,cluster_276_casabus,BOUZIANE,['L120'],casabus,33.56998519999999,-7.5434502000000005,635188.9059453779,3715428.753664094
277,cluster_277,cluster_277_casabus,BOUZIANE,['L120'],casabus,33.5704918,-7.5437363,635161.5598247662,3715484.5543055194
278,cluster_278,cluster_278_casabus,BRAHMA 3,['L904'],casabus,33.62896380006317,-7.451376050018788,643637.667523446,3722092.657396045
279,cluster_279,cluster_279_casabus,BRAHMA II,['L902'],casabus,33.621951250001366,-7.446327650011226,644117.6398966382,3721322.078530534
280,cluster_280,cluster_280_casabus,Boulevard Fouarate,"['L038', 'L040']",casabus,33.57618140000206,-7.568907699986729,632816.3953434022,3716082.8786197957
281,cluster_281,cluster_281_casabus,Boulevard Hassan El Allaoui,['L039'],casabus,33.57979675000104,-7.58658799999584,631169.9255432012,3716461.229040136
282,cluster_282,cluster_282_casabus,Boulevard L'Ocean Atlantique,['L005'],casabus,33.5872175,-7.6851111,622015.5142092523,3717163.619436526
283,cluster_283,cluster_283_casabus,Boulevard L'Ocean Atlantique,['L005'],casabus,33.5873755,-7.684600400000001,622062.6854811958,3717181.740711327
284,cluster_284,cluster_284_casabus,Boulevard Mohamed Sijilmassi,['L056'],casabus,33.588876400000004,-7.6398817,626210.4771822753,3717401.7776213703
285,cluster_285,cluster_285_casabus,CARIERRE CENTRALE,"['L139', 'L090']",casabus,33.59215305003014,-7.566499200086376,633015.4256079763,3717856.9719756506
286,cluster_286,cluster_286_casabus,CARRIERE ARAIB,"['L043', 'L079', 'L064']",casabus,33.5818284500065,-7.533845549992411,636061.8436039197,3716754.5638874243
287,cluster_287,cluster_287_casabus,CARRIERE BEN ABID,['L301'],casabus,33.499899199999994,-7.8746248,604533.6661958614,3707274.7054038616
288,cluster_288,cluster_288_casabus,CARRIERE BEN ABID,['L301'],casabus,33.50055580000001,-7.8743263,604560.6050645523,3707347.808219698
289,cluster_289,cluster_289_casabus,CARRIERE BEN M'SIK,['L079'],casabus,33.5579318,-7.5794702,631863.780650601,3714045.8026421946
290,cluster_290,cluster_290_casabus,CARRIERE BENMSICK,['L079'],casabus,33.557494600000005,-7.5791201,631896.9467520297,3713997.7699893597
291,cluster_291,cluster_291_casabus,CARRIERE RHAMNA,"['L043', 'L079', 'L064', 'L606']",casabus,33.5900003,-7.5189355,637432.6835037437,3717680.3903167318
292,cluster_292,cluster_292_casabus,CARRIERE RHAMNA,"['L043', 'L079', 'L064', 'L606']",casabus,33.5902896,-7.518923400000001,637433.3475240231,3717712.4854450533
293,cluster_293,cluster_293_casabus,CARRIERE SCHNEIDER,"['L97B', 'L068', 'L013', 'L109']",casabus,33.56449669999999,-7.6678834,623646.6754590563,3714664.722976515
294,cluster_294,cluster_294_casabus,CARRIERE SCHNEIDER,"['L068', 'L013']",casabus,33.565191,-7.6679128,623642.956610942,3714741.6732114353
295,cluster_295,cluster_295_casabus,CASERNE AIN BORJA,"['L043', 'L090', 'L055']",casabus,33.58683755001856,-7.590950000064061,630754.4611932219,3717236.4221804207
296,cluster_296,cluster_296_casabus,CASERNE DEROUA,['L312'],casabus,33.40847860002747,-7.533419000007065,636373.0145345868,3697533.5299119656
297,cluster_297,cluster_297_casabus,CASERNE MLY YOUSSEF,"['L902', 'L904']",casabus,33.61768985002452,-7.458502449961276,642995.2473934048,3720832.6495038397
298,cluster_298,cluster_298_casabus,CASERNE NOUACEUR,['L312'],casabus,33.39860170000343,-7.579750950030131,632079.336418468,3696378.593368764
299,cluster_299,cluster_299_casabus,CENTRE COMMERCIAL EMILE ZOLA,"['L023', 'L139', 'L033', 'L082']",casabus,33.59362305007853,-7.596993900060902,630183.3712287983,3717981.207177754
300,cluster_300,cluster_300_casabus,CENTRE CULTUREL,"['L107', 'L031', 'L007', 'L300']",casabus,33.5257386,-7.650623100000001,625304.8265610456,3710387.88373742
301,cluster_301,cluster_301_casabus,CENTRE CULTUREL,"['L107', 'L031', 'L007', 'L300']",casabus,33.52631079999998,-7.650336700000001,625330.5983397107,3710451.6762453644
302,cluster_302,cluster_302_casabus,CENTRE D'HEMODIALYSE 2 MARS,"['L060', 'L063', 'L143']",casabus,33.552250300025456,-7.603453400027661,629645.8026215658,3713385.5589400344
303,cluster_303,cluster_303_casabus,CENTRE DE L'ADDICTOLOGIE,"['L006', 'L067']",casabus,33.57634480003,-7.618947299964385,628171.7347878746,3716037.949789168
304,cluster_304,cluster_304_casabus,CENTRE DE MAINTENANCE TRAMWAY,['L097'],casabus,33.57705285006585,-7.517086249957114,637624.8548375701,3716247.168050349
305,cluster_305,cluster_305_casabus,CENTRE DE SANTE OUHOUDE,"['L056', 'L011']",casabus,33.59738960000517,-7.645761349970549,625652.4954860886,3718338.5934579326
306,cluster_306,cluster_306_casabus,CENTRE DE SANTE RIAD,['L906'],casabus,33.6844925,-7.3839128,649799.357328052,3728345.917609854
307,cluster_307,cluster_307_casabus,CENTRE DE SANTE RIAD,['L906'],casabus,33.6845807,-7.384319,649761.5487097356,3728355.108904455
308,cluster_308,cluster_308_casabus,CENTRE DE SANTE VECTORIA,['L307'],casabus,33.4242092,-7.674089600000001,623269.2642702695,3699102.168416338
309,cluster_309,cluster_309_casabus,CENTRE DE SANTE VECTORIA,['L307'],casabus,33.424495699999994,-7.673983000000001,623278.7704791173,3699134.0617425065
310,cluster_310,cluster_310_casabus,CENTRE DPK (ALSA),"['L038', 'L040']",casabus,33.57395890000075,-7.5748470000039045,632268.528618689,3715828.8387669064
311,cluster_311,cluster_311_casabus,CENTRE EMERGENT,['L600'],casabus,33.452739150038695,-7.499990600026067,639410.8987659728,3702485.587007483
312,cluster_312,cluster_312_casabus,CENTRE FEMININ,"['L006', 'L109', 'L079', 'L060', 'L022']",casabus,33.56191185001094,-7.601941900055963,629771.6782941849,3714458.7523099845
313,cluster_313,cluster_313_casabus,CENTRE NOUR,"['L310', 'L309', 'L300']",casabus,33.47818465007769,-7.637736550001755,626570.7874414106,3705130.6792217167
314,cluster_314,cluster_314_casabus,CENTRE OFPPT ESSAFA,['L050'],casabus,33.55219265000688,-7.692724849963234,621357.9511623363,3713271.062971021
315,cluster_315,cluster_315_casabus,CENTRE SIDI MOUMEN,['L079'],casabus,33.58030150001625,-7.543744799989894,635145.4780355454,3716572.285853806
316,cluster_316,cluster_316_casabus,CHARCOMEM,['L120'],casabus,33.505615,-7.5006283,639266.9686381136,3708347.7976874285
317,cluster_317,cluster_317_casabus,CHARCOMEM,['L120'],casabus,33.50571240000001,-7.5002032,639306.3008896683,3708359.1684485
318,cluster_318,cluster_318_casabus,CHATEAU EL QODS,['L023'],casabus,33.60879730000483,-7.501116800031444,639056.1028446067,3719788.5034574857
319,cluster_319,cluster_319_casabus,CHATEAU MEDIOUNA,"['L312', 'L600']",casabus,33.4577168,-7.522434999999999,637316.8831336732,3703007.6341483775
320,cluster_320,cluster_320_casabus,CHATEAU MEDIOUNA,"['L312', 'L600']",casabus,33.4577673,-7.5219641,637360.5702074437,3703013.8562322287
321,cluster_321,cluster_321_casabus,CHEFCHAOUNI,['L608'],casabus,33.6211044,-7.5111609999999995,638104.5524839666,3721139.7324593705
322,cluster_322,cluster_322_casabus,CHEFCHAOUNI,['L608'],casabus,33.6213926,-7.511048700000001,638114.5103946719,3721171.839677344
323,cluster_323,cluster_323_casabus,CHELLAL,['L902'],casabus,33.621833800000005,-7.4517229,643617.3273398852,3721301.5510288356
324,cluster_324,cluster_324_casabus,CHELLAL,['L902'],casabus,33.6219581,-7.4513093,643655.4899501693,3721315.9086011653
325,cluster_325,cluster_325_casabus,CHICHANE,"['L055', 'L604', 'L068']",casabus,33.54020439999999,-7.5412847,635436.3928968711,3712129.3647122486
326,cluster_326,cluster_326_casabus,CHICHANE 1,"['L055', 'L604', 'L068']",casabus,33.5401323,-7.5409673999999995,635465.9680534629,3712121.7845689883
327,cluster_327,cluster_327_casabus,CHTAIBA,"['L120', 'L062']",casabus,33.5656633,-7.5709881,632639.3908055999,3714913.925813936
328,cluster_328,cluster_328_casabus,CIMETIERE SBATA,"['L107', 'L072', 'L011']",casabus,33.5467914,-7.564159400000003,633302.2683422676,3712830.103857933
329,cluster_329,cluster_329_casabus,CIMETIERE SBATA,"['L107', 'L072', 'L011']",casabus,33.54775189999999,-7.565837500000001,633144.9885945924,3712934.4505531066
330,cluster_330,cluster_330_casabus,CIMETIERE SIDI MOUMEN,['L606'],casabus,33.577975600012486,-7.519207050007948,637426.5496142837,3716346.670851576
331,cluster_331,cluster_331_casabus,CINEMA EL FALAH,"['L038', 'L040']",casabus,33.55910289999999,-7.5506172000000005,634540.5288627566,3714212.7493157065
332,cluster_332,cluster_332_casabus,CINEMA EL FALAH,"['L055', 'L038', 'L068', 'L040']",casabus,33.55931259999999,-7.5503599,634564.0897256631,3714236.335810831
333,cluster_333,cluster_333_casabus,CINEMA EL OTHMANIA,"['L079', 'L056']",casabus,33.56027410000001,-7.5746348,632309.1009779607,3714311.6889758348
334,cluster_334,cluster_334_casabus,CINEMA EL OTHMANIA,"['L079', 'L056']",casabus,33.560583,-7.5748833,632285.5611062965,3714345.6236112937
335,cluster_335,cluster_335_casabus,CINEMA MEGARAMA,['L005'],casabus,33.594939400000406,-7.66988159999897,623417.8397337775,3718037.8919027788
336,cluster_336,cluster_336_casabus,CINEMA SAHRA,"['L006', 'L97B', 'L107', 'L097', 'L068', 'L022']",casabus,33.55109475000104,-7.599143299988132,630047.6857330047,3713262.828239043
337,cluster_337,cluster_337_casabus,CINEMA VERDIN,"['L055', 'L011', 'L043', 'L062', 'L139']",casabus,33.59598745001,-7.6259217000177255,627495.5100477196,3718207.3773963754
338,cluster_338,cluster_338_casabus,CITE CHEMINOT,"['L033', 'L082']",casabus,33.59951790000347,-7.568397250022106,632827.9970261557,3718671.1808914924
339,cluster_339,cluster_339_casabus,CITE DE POLICE (BERNOUSSI),"['L082', 'L608', 'L065', 'L606', 'L090', 'L064']",casabus,33.603085200062274,-7.51967289996664,637343.5041708102,3719130.333651485
340,cluster_340,cluster_340_casabus,CITE DE POLICE IBN SINA,['L09E'],casabus,33.56615289999999,-7.6811608,622411.8478167936,3714832.598625739
341,cluster_341,cluster_341_casabus,CITE DE POLICE IBN SINA,['L09E'],casabus,33.5664506,-7.680701600000001,622454.0524097513,3714866.15078097
342,cluster_342,cluster_342_casabus,CITE PLATEAU,"['L063', 'L051']",casabus,33.568148800065366,-7.636635000071026,626542.026128986,3715107.4074108084
343,cluster_343,cluster_343_casabus,CITY AIN SEBAA,['L139'],casabus,33.5988593,-7.539333900000001,635525.8301281076,3718635.8272929415
344,cluster_344,cluster_344_casabus,CITY AIN SEBAA,['L139'],casabus,33.5991378,-7.5394253,635516.9132639015,3718666.589060662
345,cluster_345,cluster_345_casabus,CLINIQUE ABBADI,"['L072', 'L109']",casabus,33.56899845001672,-7.661100650054883,624269.8425145235,3715172.0017295326
346,cluster_346,cluster_346_casabus,CLINIQUE ABDELMOUMEN,"['L143', 'L300']",casabus,33.56528089999999,-7.626545199999999,627482.8061420551,3714801.777308049
347,cluster_347,cluster_347_casabus,CLINIQUE ABDELMOUMEN,"['L143', 'L300']",casabus,33.56555439999999,-7.626836599999999,627455.3547115829,3714831.7451888314
348,cluster_348,cluster_348_casabus,CLINIQUE AIN CHOC,"['L060', 'L063', 'L143']",casabus,33.549329100019406,-7.602288199985721,629758.3481664412,3713063.106115336
349,cluster_349,cluster_349_casabus,CLINIQUE ANDALOUS,['L011'],casabus,33.5965952000568,-7.654779799918884,624816.8065033173,3718239.5976832774
350,cluster_350,cluster_350_casabus,CLINIQUE BEN SOUDA,['L084'],casabus,33.58592879999999,-7.6526718,625027.8024724034,3717059.4227455975
351,cluster_351,cluster_351_casabus,CLINIQUE BEN SOUDA 2,['L084'],casabus,33.58548129999999,-7.653903099999999,624914.1784946627,3717008.316764557
352,cluster_352,cluster_352_casabus,CLINIQUE CIL,"['L072', 'L109']",casabus,33.567305399999995,-7.658211200000001,624540.4771059973,3714987.7425923343
353,cluster_353,cluster_353_casabus,CLINIQUE DAR SALAM,"['L020', 'L109', 'L310', 'L072', 'L031']",casabus,33.56193830000001,-7.619310500000001,628159.3139344701,3714440.066297649
354,cluster_354,cluster_354_casabus,CLINIQUE DAR SALAM,"['L020', 'L109', 'L310', 'L072', 'L068', 'L031']",casabus,33.56209379999999,-7.619625300000001,628129.8614402334,3714456.9192249123
355,cluster_355,cluster_355_casabus,CLINIQUE DENTAIRE,['L084'],casabus,33.58735625003733,-7.647287800115898,625525.3892844864,3717224.216096479
356,cluster_356,cluster_356_casabus,CLINIQUE FDALA,['L906'],casabus,33.69640250001597,-7.391760050037237,649051.3321366538,3729655.2546341904
357,cluster_357,cluster_357_casabus,CLINIQUE NORMANDIE,"['L97B', 'L013', 'L050']",casabus,33.58393780000001,-7.6495485,625320.5347588281,3716842.4310965315
358,cluster_358,cluster_358_casabus,CLINIQUE NORMANDIE,"['L97B', 'L013', 'L050', 'L09E']",casabus,33.58399059999999,-7.650533500000001,625229.04484981,3716847.094071662
359,cluster_359,cluster_359_casabus,CLINIQUE RIVIERA,"['L063', 'L068', 'L020', 'L143']",casabus,33.5674345000074,-7.640753050037199,626160.8163763618,3715023.181438021
360,cluster_360,cluster_360_casabus,CLINIQUE SARA,"['L072', 'L109']",casabus,33.57003499999999,-7.6668932000000005,623730.6903816176,3715280.0028487584
361,cluster_361,cluster_361_casabus,CLINIQUE SARA,"['L072', 'L109']",casabus,33.57039360000001,-7.666837600000001,623735.3395068479,3715319.8315578178
362,cluster_362,cluster_362_casabus,CLINIQUE SIDI OTHMANE,"['L039', 'L120', 'L079']",casabus,33.56088685002457,-7.561451199930044,633532.0218077255,3714396.545647878
363,cluster_363,cluster_363_casabus,CLUB ESSAKHI,['L903'],casabus,33.62588205002848,-7.330532050038029,654852.8739666836,3721925.3116657143
364,cluster_364,cluster_364_casabus,CNSS DAR LAMANE,"['T2', 'L139', 'L090']",casabus,33.59372996666865,-7.5574297666812456,633854.6168946204,3718043.517137313
364,cluster_364,cluster_364_tram,CNSS DAR LAMANE,"['T2', 'L139', 'L090']",tram,33.59372996666865,-7.5574297666812456,633854.6168946204,3718043.517137313
365,cluster_365,cluster_365_casabus,COLIS POSTAUX,"['L055', 'L033', 'L023', 'L082', 'L900', 'L011', 'L120', 'L043', 'L062', 'L139']",casabus,33.596195399999985,-7.6055365,629386.8096760184,3718255.7287432044
366,cluster_366,cluster_366_casabus,COLIS POSTAUX,"['L033', 'L139', 'L011']",casabus,33.59635800000001,-7.604903999999999,629445.2584402171,3718274.5491591105
367,cluster_367,cluster_367_casabus,COLLEGE BNO TOUMART,['L120'],casabus,33.567920799999996,-7.5486216,634712.0918475997,3715193.1072013066
368,cluster_368,cluster_368_casabus,COLLEGE BNO TOUMART,['L120'],casabus,33.5682279,-7.548639900000001,634709.9161105463,3715227.1359346164
369,cluster_369,cluster_369_casabus,COLLEGE BOUSKOURA,"['L310', 'L307']",casabus,33.44669400000001,-7.6477623999999995,625684.6432200682,3701626.803178058
370,cluster_370,cluster_370_casabus,COLLEGE BOUSKOURA,"['L310', 'L307']",casabus,33.4467078,-7.6481354999999995,625649.942738331,3701627.8821803723
371,cluster_371,cluster_371_casabus,COLLEGE EL HASSAN ELYOUSSI,['L062'],casabus,33.555465799999986,-7.535457300000003,635953.5821246412,3713829.239630694
372,cluster_372,cluster_372_casabus,COLLEGE IBNO ABBAD,"['L09E', 'L084']",casabus,33.545779,-7.6864119,621953.0519858699,3712567.318909248
373,cluster_373,cluster_373_casabus,COLLEGE IBNO ABBAD 2,"['L09E', 'L084']",casabus,33.545470699999996,-7.686061100000002,621986.0556573274,3712533.5469796066
374,cluster_374,cluster_374_casabus,COLLEGE IDRISS I,"['L310', 'L300']",casabus,33.45528070010242,-7.641615500027761,626243.56837437,3702586.35115006
375,cluster_375,cluster_375_casabus,COLLEGE MOULOUYA,"['L019', 'L020']",casabus,33.5586861,-7.689653200000001,621634.0170797769,3713994.666680196
376,cluster_376,cluster_376_casabus,COLLEGE TABARI,['L107'],casabus,33.526770800049476,-7.661370899949678,624305.2235804705,3710489.401671906
377,cluster_377,cluster_377_casabus,COLLEGE YAAKOUB EL MANSOUR,['L906'],casabus,33.68132399999999,-7.387898299999999,649435.3771350514,3727988.7905873535
378,cluster_378,cluster_378_casabus,COLLEGE YAAKOUB EL MANSOUR,['L906'],casabus,33.681553199999996,-7.3882633,649401.1430334917,3728013.6783425375
379,cluster_379,cluster_379_casabus,COLLEGE ZINEB NEFZAOUIA,"['L079', 'L011']",casabus,33.56347300002004,-7.5875657500875935,631103.858620533,3714649.956534978
380,cluster_380,cluster_380_casabus,COMMISARIAT LAHRAOUIYINE,"['L065', 'L062']",casabus,33.552090500008646,-7.532119550030527,636268.7531105466,3713459.356031247
381,cluster_381,cluster_381_casabus,COMMISSARIAT AL AZHAR,['L082'],casabus,33.60235180003224,-7.49144465004402,639963.9168980261,3719086.827778168
382,cluster_382,cluster_382_casabus,COMMISSARIAT NASSIM,['L09E'],casabus,33.52155690001338,-7.657092700011397,624710.0111658871,3709916.413030814
383,cluster_383,cluster_383_casabus,COMMISSARIAT RIAD AL OULFA,"['L020', 'L019', 'L005']",casabus,33.558940300028354,-7.693005249935236,621322.4836221689,3714018.923083031
384,cluster_384,cluster_384_casabus,COMMISSARIAT SIDI MAAROUF,"['L031', 'L007', 'L300']",casabus,33.5198146,-7.652388400000001,625149.4206007384,3709728.8903444763
385,cluster_385,cluster_385_casabus,COMMISSARIAT SIDI MAAROUF,"['L031', 'L007', 'L300']",casabus,33.52105829999999,-7.652281,625157.6036416522,3709866.9231904144
386,cluster_386,cluster_386_casabus,COMMUNE DAR BOUAAZZA,['L301'],casabus,33.5129604,-7.819659800000001,609623.052205048,3708779.6216394594
387,cluster_387,cluster_387_casabus,COMMUNE DAR BOUAAZZA,['L301'],casabus,33.5132182,-7.8198942,609600.9561911094,3708807.958481371
388,cluster_388,cluster_388_casabus,COMPLEXE MOHAMED V,"['L97B', 'L013', 'L050']",casabus,33.58136185002015,-7.647925750058257,625474.8642612628,3716558.7681617434
389,cluster_389,cluster_389_casabus,COMPLEXE CULTUREL,['L800'],casabus,33.6335393,-7.4607361,642761.8733553125,3722587.060285712
390,cluster_390,cluster_390_casabus,COMPLEXE CULTUREL,['L800'],casabus,33.633837299999996,-7.460951000000001,642741.4484352777,3722619.8079543784
391,cluster_391,cluster_391_casabus,COMPLEXE EDUCATIF HASSAN II,"['L079', 'L011']",casabus,33.55863130000001,-7.5876816,631100.4217362388,3714112.94617562
392,cluster_392,cluster_392_casabus,COMPLEXE EDUCATIF HASSAN II,"['L079', 'L011']",casabus,33.5589185,-7.5874869,631118.0623887175,3714145.038209554
393,cluster_393,cluster_393_casabus,COMPLEXE KAMAL ZEBDI,"['L039', 'L097', 'L064', 'L97B']",casabus,33.55668015000356,-7.571748999992235,632582.4887353877,3713916.8676875005
394,cluster_394,cluster_394_casabus,CONSULAT D'ESPAGNE,['L007'],casabus,33.5914556,-7.624951,627592.2583062488,3717706.0673906985
395,cluster_395,cluster_395_casabus,CONSULAT DE LA RUSSIE,['L019'],casabus,33.5781466,-7.629994299999999,627143.7734777601,3716224.122335535
396,cluster_396,cluster_396_casabus,CONSULAT DE LA RUSSIE,['L019'],casabus,33.578192699999995,-7.6306317,627084.5473963111,3716228.4517169166
397,cluster_397,cluster_397_casabus,COUR D'APPEL,"['L055', 'L011', 'L120', 'L043', 'L062']",casabus,33.59523295004263,-7.603491249902285,629578.0346854881,3718151.567059057
398,cluster_398,cluster_398_casabus,TERMINUS HAY SALAM,"['L97B', 'L068', 'L013']",casabus,33.544853650027555,-7.673129450094538,623187.5892671396,3712480.420498285
399,cluster_399,cluster_399_casabus,Cite des Métiers,['L312'],casabus,33.3999091,-7.555360900000002,634345.7221966127,3696554.7837030133
400,cluster_400,cluster_400_casabus,Cite des Métiers,['L312'],casabus,33.400012,-7.5549853,634380.4960141346,3696566.678395523
401,cluster_401,cluster_401_casabus,DAR 16,['L306'],casabus,33.50184930001299,-7.718141999970353,619067.241217596,3707659.498836162
402,cluster_402,cluster_402_casabus,DAR BOUAAZZA,['L301'],casabus,33.5078037,-7.83333,608359.8035617003,3708193.495725867
403,cluster_403,cluster_403_casabus,DAR BOUAAZZA,['L301'],casabus,33.507874099999995,-7.8341831,608280.4760041136,3708200.411018617
404,cluster_404,cluster_404_casabus,DAR DAW,['L903'],casabus,33.65789120000205,-7.348098900018122,653166.5596950528,3725448.626959334
405,cluster_405,cluster_405_casabus,DAR LAMANE,"['L139', 'L090']",casabus,33.5939819,-7.554219899999999,634152.0917086251,3718075.607634297
406,cluster_406,cluster_406_casabus,DAR LAMANE,"['L139', 'L090']",casabus,33.59414559999999,-7.5545086,634125.047945083,3718093.385341357
407,cluster_407,cluster_407_casabus,DAR LKBIRA,['L301'],casabus,33.503546699999994,-7.8455581,607229.2527522589,3707708.785772283
408,cluster_408,cluster_408_casabus,DAR LKBIRA,['L301'],casabus,33.50375290000001,-7.8458509,607201.8005985358,3707731.3463091133
409,cluster_409,cluster_409_casabus,DAR LMIMA,['L604'],casabus,33.5319405,-7.5304373,636456.6080599066,3711227.254841812
410,cluster_410,cluster_410_casabus,DAR LMIMA,"['L055', 'L604', 'L068']",casabus,33.5321987,-7.530565100000001,636444.3344369131,3711255.7168912804
411,cluster_411,cluster_411_casabus,DAR LMOAMIN,"['L055', 'L011', 'L120', 'L043', 'L062']",casabus,33.5896346,-7.6026095,629668.2343567559,3717531.906067137
412,cluster_412,cluster_412_casabus,DAR LMOAMIN,"['L055', 'L011', 'L120', 'L043', 'L062']",casabus,33.5897081,-7.6030560000000005,629626.6890606593,3717539.4968947936
413,cluster_413,cluster_413_casabus,DAR LMOHAMI,"['L055', 'L120', 'L011']",casabus,33.59102089999998,-7.603821099999999,629553.7247268208,3717684.10712217
414,cluster_414,cluster_414_casabus,DAR LMOHAMI,"['L055', 'L120', 'L011']",casabus,33.59251280000001,-7.6035737,629574.45201049,3717849.8438892565
415,cluster_415,cluster_415_casabus,DAR NESSRANIA,"['L310', 'L300']",casabus,33.507477150065704,-7.631779249977393,627081.524842077,3708385.948473165
416,cluster_416,cluster_416_casabus,DAR TALIBA,['L064'],casabus,33.56281705000794,-7.561687949942855,633507.0729733293,3714610.2685086136
417,cluster_417,cluster_417_casabus,DAR TOUZANI,['L600'],casabus,33.55180519999998,-7.5895193,630940.1224728297,3713353.7228823355
418,cluster_418,cluster_418_casabus,DAR TOUZANI,['L600'],casabus,33.551887099999995,-7.590033199999999,630892.2879239562,3713362.155045374
419,cluster_419,cluster_419_casabus,DAR ZWAQ,['L301'],casabus,33.5174833,-7.8002698,611418.1850176192,3709301.7711125975
420,cluster_420,cluster_420_casabus,DAR ZWAQ,['L301'],casabus,33.51777319999999,-7.8008691,611362.1536761929,3709333.2714037327
421,cluster_421,cluster_421_casabus,DERB BOUCHENTOUF,"['L038', 'L020', 'L072', 'L067', 'L051', 'L604', 'L600']",casabus,33.56752470000001,-7.605421599999999,629440.2808098638,3715076.7693659673
422,cluster_422,cluster_422_casabus,DERB BOUCHENTOUF,"['L038', 'L020', 'L072', 'L067', 'L051', 'L604', 'L600']",casabus,33.5684962,-7.6042223,629550.153303648,3715185.9914702317
423,cluster_423,cluster_423_casabus,DERB CHABAB C,['L903'],casabus,33.690099400066906,-7.3830568000227474,649868.9755413975,3728968.906027017
424,cluster_424,cluster_424_casabus,DERB FOUKARA,"['L038', 'L020', 'T2', 'L072', 'L067', 'L604', 'L600']",casabus,33.566535266691986,-7.607230833335233,629273.8154870182,3714964.7988450704
424,cluster_424,cluster_424_tram,DERB FOUKARA,"['L038', 'L020', 'T2', 'L072', 'L067', 'L604', 'L600']",tram,33.566535266691986,-7.607230833335233,629273.8154870182,3714964.7988450704
425,cluster_425,cluster_425_casabus,DERB JAMILA,['L084'],casabus,33.57100669999999,-7.6842854,622114.9742054446,3715367.1087200074
426,cluster_426,cluster_426_tram,Derb Sultan,"['L038', 'L020', 'L067', 'L051', 'L040', 'T2', 'L604', 'L072']",tram,33.5720590000177,-7.595981800024271,630309.7071438304,3715591.3823405025
426,cluster_426,cluster_426_casabus,Derb Sultan,"['L038', 'L020', 'L067', 'L051', 'L040', 'T2', 'L604', 'L072']",casabus,33.5720590000177,-7.595981800024271,630309.7071438304,3715591.3823405025
427,cluster_427,cluster_427_casabus,DERB KABIR,"['L038', 'L020', 'L067', 'L051', 'L040', 'L604', 'L072']",casabus,33.5723447,-7.595344300000001,630368.44985986,3715623.8638893524
428,cluster_428,cluster_428_casabus,DERB LAHJAR,"['L107', 'L143', 'L011']",casabus,33.55052555000131,-7.569193150011934,632829.1854179659,3713237.6968848086
429,cluster_429,cluster_429_casabus,DERB LOUBILA,['L005'],casabus,33.60459485000103,-7.636895900000399,626464.6124203257,3719148.3304099855
430,cluster_430,cluster_430_casabus,DERB MARRAKECH,['L902'],casabus,33.685618300061996,-7.394808450042349,648787.367822917,3728455.004958648
431,cluster_431,cluster_431_casabus,DERB MILA,"['L604', 'L038', 'L109']",casabus,33.57084485001937,-7.581086199938015,631694.1513810894,3715475.591513573
432,cluster_432,cluster_432_casabus,DERB MILAN,"['L604', 'L072']",casabus,33.570700800000004,-7.5792204,631867.5554906251,3715461.992383983
433,cluster_433,cluster_433_casabus,DERB MILAN,"['L604', 'L072', 'L067']",casabus,33.5709265,-7.579023799999999,631885.4608103911,3715487.2691175556
434,cluster_434,cluster_434_casabus,DERB MOULAY CHRIF,['L139'],casabus,33.59314009999999,-7.5695036,632735.1106027676,3717962.5640870514
435,cluster_435,cluster_435_casabus,DERB MOULAY CHRIF,['L139'],casabus,33.593875700000005,-7.5694973,632734.568216256,3718044.138587542
436,cluster_436,cluster_436_casabus,DIRECTION  T. REGIONALE CASA,['L084'],casabus,33.5417001,-7.6886425,621751.6705950369,3712112.4235025565
437,cluster_437,cluster_437_casabus,DIRECTION  T. REGIONALE CASA,['L084'],casabus,33.5419119,-7.6889481,621722.9985468703,3712135.549271204
438,cluster_438,cluster_438_casabus,DOUAR AL MOUMNATE,"['L312', 'L600']",casabus,33.503985450079924,-7.543557450047016,635281.7495698233,3708110.313744204
439,cluster_439,cluster_439_casabus,DOUAR CHRIF,"['L907', 'L32D']",casabus,33.671644500000006,-7.40663,647715.4046555458,3726888.4961200976
440,cluster_440,cluster_440_casabus,DOUAR CHRIF,"['L907', 'L32D']",casabus,33.67167139999999,-7.407123900000001,647669.5664529158,3726890.772904631
441,cluster_441,cluster_441_casabus,DOUAR EL WAHDA,"['L907', 'L32D']",casabus,33.6770979,-7.411045800000001,647296.6903277307,3727486.911150091
442,cluster_442,cluster_442_casabus,DOUAR EL WAHDA,"['L907', 'L32D']",casabus,33.6772388,-7.4104986,647347.1806221572,3727503.3158496106
443,cluster_443,cluster_443_casabus,DOUAR FOUKRA,['L306'],casabus,33.49042705000908,-7.732383399968847,617759.788892044,3706376.7552690925
444,cluster_444,cluster_444_casabus,DOUAR KHOUADRA,"['L310', 'L107', 'L031', 'L300']",casabus,33.54067930000294,-7.631466549975448,627061.9963867688,3712067.8485641866
445,cluster_445,cluster_445_casabus,DOUAR KROUTA,"['L310', 'L307']",casabus,33.435104599999995,-7.664612900000001,624134.8569525031,3700321.520781083
446,cluster_446,cluster_446_casabus,DOUAR KROUTA,"['L310', 'L307']",casabus,33.4351813,-7.664270800000001,624166.5508888669,3700330.433802272
447,cluster_447,cluster_447_casabus,DOUAR LAATOUR,['L310'],casabus,33.5330391,-7.6378884,626476.8419706519,3711212.835586513
448,cluster_448,cluster_448_casabus,DOUAR LAATOUR,['L310'],casabus,33.533090699999995,-7.638490599999999,626420.8463314399,3711217.8227223163
449,cluster_449,cluster_449_casabus,DOUAR LACHHAB,"['L800', 'L904', 'L900']",casabus,33.6750937,-7.424208400000001,646079.7822377983,3727245.9756899076
450,cluster_450,cluster_450_casabus,DOUAR LACHHAB,"['L800', 'L904', 'L900']",casabus,33.675346299999994,-7.4244209,646059.6538280878,3727273.6856147256
451,cluster_451,cluster_451_casabus,DOUAR LAHFAYA,"['L312', 'L600']",casabus,33.51728620000001,-7.5557681,634126.9390405593,3709569.289358054
452,cluster_452,cluster_452_casabus,DOUAR LAHFAYA,"['L312', 'L600']",casabus,33.5175669,-7.5556174,634140.5024719212,3709600.6091404874
453,cluster_453,cluster_453_casabus,DOUAR LGOUISSEM,['L307'],casabus,33.50048250002074,-7.672757700040178,623285.057772264,3707560.939309249
454,cluster_454,cluster_454_casabus,DOUAR LHAJ LAMLIH,['L900'],casabus,33.665976150029095,-7.447050149892331,643977.2890993408,3726202.881388723
455,cluster_455,cluster_455_casabus,DOUAR MAATAH,['L306'],casabus,33.47776240000288,-7.755554150022809,615623.9538551302,3704946.4670791677
456,cluster_456,cluster_456_casabus,DOUAR MZAB,"['L312', 'L600']",casabus,33.51137899999999,-7.547716299999999,634883.9478248951,3708924.71986387
457,cluster_457,cluster_457_casabus,DOUAR OULD LHAJ JILALI,['L301'],casabus,33.498806,-7.8792961,604101.0461328839,3707148.799269134
458,cluster_458,cluster_458_casabus,DOUAR OULD LHAJ JILALI,['L301'],casabus,33.49894290000001,-7.879877099999999,604046.9111210229,3707163.3958063745
459,cluster_459,cluster_459_casabus,DOUAR OULED BOUAZIZ,['L606'],casabus,33.5429318,-7.4388079,644947.3295087287,3712570.3822951466
460,cluster_460,cluster_460_casabus,DOUAR RIFAI,['L306'],casabus,33.46865640000815,-7.7814575499655865,613228.9175917923,3703908.267155632
461,cluster_461,cluster_461_casabus,DOUAR SEBT,['L301'],casabus,33.4932449,-7.884889300000001,603588.0972174332,3706526.604145792
462,cluster_462,cluster_462_casabus,DOUAR SEBT,['L301'],casabus,33.4934168,-7.885242300000001,603555.099021169,3706545.3117377614
463,cluster_463,cluster_463_casabus,DOUAR SIDI MASSIF,['L606'],casabus,33.5469654,-7.4501003,643892.1096672959,3713001.917359056
464,cluster_464,cluster_464_casabus,DRABNA ROUTE DE BOUSKOURA,"['L310', 'L300']",casabus,33.503126950029845,-7.630664250022893,627191.4596317552,3707904.9575616624
465,cluster_465,cluster_465_casabus,DREAM VILAGE,['L903'],casabus,33.6139470500184,-7.369963550040745,651215.8361425337,3720543.5141071174
466,cluster_466,cluster_466_casabus,DRISS LAHRIZI VICTORIA,['L307'],casabus,33.42107055003867,-7.67788774997796,622920.5512254885,3698749.6611476024
467,cluster_467,cluster_467_casabus,DRISS SLAOUI,['L011'],casabus,33.5936051,-7.6539981,624893.6525839368,3717908.9901639037
468,cluster_468,cluster_468_casabus,DRISSIA 2,['L056'],casabus,33.56497785000779,-7.5868573499509235,631167.3425922326,3714817.7160422145
469,cluster_469,cluster_469_casabus,DYAR AL AMAL,['L306'],casabus,33.49748129999999,-7.724222800000001,618508.3335602815,3707168.215650714
470,cluster_470,cluster_470_casabus,DYAR AL AMAL,['L306'],casabus,33.4977512,-7.724015400000001,618527.2325412463,3707198.3789393473
471,cluster_471,cluster_471_casabus,DYAR AL YOUSRA,['L905'],casabus,33.67350439999999,-7.3518708,652789.170769342,3727174.3876095656
472,cluster_472,cluster_472_casabus,DYAR AL YOUSRA,['L905'],casabus,33.673686,-7.3524293,652737.068544609,3727193.699266056
473,cluster_473,cluster_473_casabus,DYAR EL ALIA,['L903'],casabus,33.67456710004615,-7.364600700002974,651607.0599604013,3727273.4736388098
474,cluster_474,cluster_474_casabus,DYAR KENZA,['L905'],casabus,33.670905600042914,-7.353348099931533,652656.7968611886,3726884.0228154655
475,cluster_475,cluster_475_casabus,ECOLE ABDELKRIM EL KHATTABI,"['L120', 'L606', 'L143', 'L065']",casabus,33.56574410003516,-7.529780100091762,636464.4714191473,3714976.405702165
476,cluster_476,cluster_476_casabus,ECOLE ABDELLAH HADDAOUI,['L606'],casabus,33.5383596,-7.424803100000001,646255.4226120773,3712083.060073896
477,cluster_477,cluster_477_casabus,ECOLE AJIAL SALAM,['L120'],casabus,33.4608751,-7.5160501,637905.3115526293,3703366.2932308
478,cluster_478,cluster_478_casabus,ECOLE AJIAL SALAM,['L120'],casabus,33.460975899999994,-7.516350900000001,637877.195750026,3703377.070965537
479,cluster_479,cluster_479_casabus,ECOLE AL AJIAL,"['L068', 'L050', 'L109']",casabus,33.55746130000001,-7.6813346000000005,622407.9793253669,3713868.654429351
480,cluster_480,cluster_480_casabus,ECOLE AL AJIAL,"['L068', 'L050', 'L109']",casabus,33.5575313,-7.681834900000001,622361.4359530422,3713875.825271697
481,cluster_481,cluster_481_casabus,ECOLE BAB ANDALOUS,['L022'],casabus,33.53665640001138,-7.606297399961967,629405.0108692179,3711652.9112028982
482,cluster_482,cluster_482_casabus,ECOLE BELFKIH,['L604'],casabus,33.5292887,-7.5242639,637034.0747330951,3710941.3539532446
483,cluster_483,cluster_483_casabus,ECOLE BELFKIH,['L604'],casabus,33.529444399999996,-7.523939100000001,637063.9919388152,3710959.0478617838
484,cluster_484,cluster_484_casabus,ECOLE CAMELIA,"['L97B', 'L013', 'L09E']",casabus,33.540719300000006,-7.6682277999999995,623648.5828614796,3712027.8331705173
485,cluster_485,cluster_485_casabus,ECOLE CAMELIA 1,"['L97B', 'L013', 'L09E']",casabus,33.54261839999999,-7.6674272,623720.2133650852,3712239.363469694
486,cluster_486,cluster_486_casabus,ECOLE EL AKHAWAIN,"['L079', 'L120', 'L062', 'L056']",casabus,33.56153570000001,-7.565881900000001,633119.7165109372,3714462.7911843294
487,cluster_487,cluster_487_casabus,ECOLE EL AKHAWAIN,"['L079', 'L120', 'L062', 'L056']",casabus,33.5620055,-7.5659787000000005,633110.0095266751,3714514.7599995
488,cluster_488,cluster_488_casabus,ECOLE EL ANOUAR,['L107'],casabus,33.52155750008464,-7.663209999986169,624141.8824092285,3709909.141267815
489,cluster_489,cluster_489_casabus,ECOLE EL GHAZOUANI,['L900'],casabus,33.6542374,-7.4698158,641885.7136387263,3724869.712459414
490,cluster_490,cluster_490_casabus,ECOLE EL GHAZOUANI,['L900'],casabus,33.654657500000006,-7.4702078,641848.672789963,3724915.7580833957
491,cluster_491,cluster_491_casabus,ECOLE EL IBRAHIMI,"['L068', 'L109']",casabus,33.5563029,-7.681593,622385.6251629761,3713739.9040358486
492,cluster_492,cluster_492_casabus,ECOLE EL JABRE,['L309'],casabus,33.489517200033596,-7.608033000051623,629313.9737402934,3706423.8513257653
493,cluster_493,cluster_493_casabus,ECOLE EL KHALIL,['L072'],casabus,33.56017860000001,-7.6391448,626320.6666651269,3714220.5893676667
494,cluster_494,cluster_494_casabus,ECOLE EL KHALIL,"['L072', 'L109']",casabus,33.56030390000001,-7.6400416,626237.233210233,3714233.389984939
495,cluster_495,cluster_495_casabus,ECOLE EL KHALIL A,['L072'],casabus,33.561194,-7.640608299999999,626183.3310286424,3714331.3960850765
496,cluster_496,cluster_496_casabus,ECOLE EL OUADGHIRI,"['L020', 'L143', 'L109']",casabus,33.5635749,-7.6331289,626874.1631538057,3714604.52987777
497,cluster_497,cluster_497_casabus,ECOLE EL OUADGHIRI,"['L068', 'L020', 'L143', 'L109']",casabus,33.564010399999994,-7.634232700000001,626771.0633583781,3714651.4680791753
498,cluster_498,cluster_498_casabus,ECOLE ESSAFA,['L902'],casabus,33.638032599999995,-7.4175025,646764.420523263,3723145.837846254
499,cluster_499,cluster_499_casabus,ECOLE ESSAFA,['L902'],casabus,33.638174199999995,-7.416745,646834.4393478839,3723162.615072632
500,cluster_500,cluster_500_casabus,ECOLE GEORGES BIZET,"['L019', 'L020', 'L143', 'L068', 'L063']",casabus,33.5780999,-7.654454900000001,624873.6029073206,3716189.1835147263
501,cluster_501,cluster_501_casabus,ECOLE GEORGES BIZET,"['L019', 'L020', 'L143', 'L068', 'L063']",casabus,33.5782638,-7.654906399999999,624831.4623265219,3716206.8128510867
502,cluster_502,cluster_502_casabus,ECOLE GPH,['L907'],casabus,33.68301999999999,-7.3774011,650405.5716306239,3728192.097540993
503,cluster_503,cluster_503_casabus,ECOLE GPH,['L907'],casabus,33.6833007,-7.377853199999999,650363.1713457294,3728222.5658892486
504,cluster_504,cluster_504_casabus,ECOLE HASSANIA(EHTP),['L306'],casabus,33.545533,-7.650325600000001,625303.8863064282,3712583.0807990856
505,cluster_505,cluster_505_casabus,ECOLE IBNO KATIR,"['L031', 'L007']",casabus,33.51034645001891,-7.6569157999958195,624742.5324524035,3708673.596558724
506,cluster_506,cluster_506_casabus,ECOLE KAOUKABI,['L084'],casabus,33.575224250019446,-7.6800835499318385,622499.0274198684,3715839.7197047602
507,cluster_507,cluster_507_casabus,ECOLE LA PRAIRIE,"['L019', 'L020', 'L97B', 'L143', 'L013', 'L068', 'L050', 'L09E', 'L063']",casabus,33.57788230006289,-7.656843450009721,624652.2299889724,3716162.178185115
508,cluster_508,cluster_508_casabus,ECOLE LAARBI ELBENNAY,"['L068', 'L143', 'L109']",casabus,33.55372630000001,-7.681328299999999,622413.8336454801,3713454.519342662
509,cluster_509,cluster_509_casabus,ECOLE LAARBI ELBENNAY,"['L068', 'L143', 'L109']",casabus,33.5541789,-7.680985100000001,622445.0568267356,3713505.109751895
510,cluster_510,cluster_510_casabus,ECOLE LE NID,"['L043', 'L090', 'L055']",casabus,33.58643419999999,-7.5867049,631149.0318937879,3717197.0660561947
511,cluster_511,cluster_511_casabus,ECOLE LE NID,"['L043', 'L090', 'L055']",casabus,33.586551099999994,-7.586152000000001,631200.1662439491,3717210.7288164566
512,cluster_512,cluster_512_casabus,ECOLE LE PONT,['L107'],casabus,33.54759790000001,-7.629066000000001,627274.7480139442,3712837.9434401477
513,cluster_513,cluster_513_casabus,ECOLE LE PONT,['L107'],casabus,33.548086099999985,-7.627784299999999,627393.0307731206,3712893.6507673026
514,cluster_514,cluster_514_casabus,ECOLE MOULAY ABDELLAH,['L907'],casabus,33.67498225003463,-7.391945099956139,649071.1641955031,3727279.7110947226
515,cluster_515,cluster_515_casabus,ECOLE NORMALE SUPERIEURE,"['L306', 'L051']",casabus,33.5399106,-7.6594935,624460.7374864824,3711948.6147634797
516,cluster_516,cluster_516_casabus,ECOLE NORMALE SUPERIEURE,"['L306', 'L051']",casabus,33.539971900000005,-7.659903699999999,624422.5614547896,3711954.9194330624
517,cluster_517,cluster_517_casabus,ECOLE OULAD HMIMOUN 1,"['L800', 'L904']",casabus,33.667077450088755,-7.433461050030677,645235.4334985088,3726344.02168536
518,cluster_518,cluster_518_casabus,ECOLE RIAD BOUSKOURA,"['L310', 'L300']",casabus,33.460282600020314,-7.640959150003913,626297.3176227622,3703141.762447832
519,cluster_519,cluster_519_casabus,ECOLE ROYALE DES GENDARMES,['L800'],casabus,33.6267458,-7.4806109,640929.4450789546,3721806.4917192506
520,cluster_520,cluster_520_casabus,ECOLE ROYALE DES GENDARMES,['L800'],casabus,33.62699610000001,-7.4807901999999995,640912.4051245827,3721834.002313429
521,cluster_521,cluster_521_casabus,EL AALIA,['L906'],casabus,33.6777808,-7.392126200000001,649049.5437611296,3727589.7785371533
522,cluster_522,cluster_522_casabus,EL AALIA,['L906'],casabus,33.6779708,-7.392415899999999,649022.3580099697,3727610.429458069
523,cluster_523,cluster_523_casabus,EL FATH VICTORIA,['L307'],casabus,33.42357465002963,-7.676980699974906,623001.3561801093,3699028.386567722
524,cluster_524,cluster_524_casabus,ESPACE LES PALMIERS,['L090'],casabus,33.582472200000495,-7.626134049994788,627495.6894714212,3716708.5032457123
525,cluster_525,cluster_525_casabus,ESSAFA,['L902'],casabus,33.63547710000001,-7.4208931,646454.2647686426,3722857.656265335
526,cluster_526,cluster_526_casabus,ESSAFA,['L902'],casabus,33.63563320000001,-7.4212263,646423.0948281045,3722874.493981016
527,cluster_527,cluster_527_casabus,ESSAFA 3,['L902'],casabus,33.640182,-7.4135587,647126.5571273088,3723389.7856511297
528,cluster_528,cluster_528_casabus,ESSAFA 3,['L902'],casabus,33.640489099999996,-7.413859,647098.1821548156,3723423.41208548
529,cluster_529,cluster_529_casabus,FACULTE AIN CHOC,"['L143', 'L039', 'L060', 'L068', 'L063']",casabus,33.54219725000954,-7.601249750002195,629865.4319851294,3712273.6071275137
530,cluster_530,cluster_530_casabus,FACULTE MEDECINE,"['L006', 'L067']",casabus,33.57595335001482,-7.6212900999761874,627954.8672123258,3715991.6478688517
531,cluster_531,cluster_531_casabus,FACULTE ROUTE D'EL JADIDA,"['L306', 'L051']",casabus,33.5428745,-7.6536562,624998.4790608716,3712284.280299875
532,cluster_532,cluster_532_casabus,FACULTE ROUTE D'EL JADIDA,"['L306', 'L051']",casabus,33.54431829999999,-7.652735400000003,625081.894500774,3712445.4821714186
533,cluster_533,cluster_533_casabus,FARRAN LHALWA,"['L055', 'L068']",casabus,33.5472772,-7.546689000000001,634923.5864349045,3712906.576315244
534,cluster_534,cluster_534_casabus,FARRAN LHALWA,"['L055', 'L068']",casabus,33.5474639,-7.546426,634947.7147792034,3712927.620724308
535,cluster_535,cluster_535_casabus,FERAILLE DE TIT MELLIL,['L606'],casabus,33.549142599999996,-7.461883800000001,642794.4479343239,3713227.0403577155
536,cluster_536,cluster_536_casabus,FERAILLE MEDIOUNA,['L312'],casabus,33.45252905000702,-7.519002200030256,637644.1357661812,3702436.9440796184
537,cluster_537,cluster_537_casabus,FIRDAOUS II,"['L97B', 'L013']",casabus,33.56087385006037,-7.669306199964999,623519.7611074666,3714261.317514696
538,cluster_538,cluster_538_casabus,FORCE AUXILIAIRE,['L900'],casabus,33.5967411,-7.596383300000001,630235.3450478914,3718327.7161992206
539,cluster_539,cluster_539_casabus,FORCE AUXILIAIRE,['L900'],casabus,33.59705339999999,-7.596344900000001,630238.4387623077,3718362.3935107677
540,cluster_540,cluster_540_casabus,FORET BOUSKOURA,"['L310', 'L300']",casabus,33.4874809,-7.634360100000001,626870.9672588895,3706165.578623821
541,cluster_541,cluster_541_casabus,FORET BOUSKOURA,"['L310', 'L300']",casabus,33.4875382,-7.6337568,626926.93574311,3706172.6695646537
542,cluster_542,cluster_542_casabus,FORET OULAD SALH,"['L310', 'L307']",casabus,33.44021305006014,-7.660506749939729,624509.2855907241,3700892.85576435
543,cluster_543,cluster_543_casabus,FORET RAYAN,['L312'],casabus,33.403548300000004,-7.5565209,634232.2400560325,3696956.80557358
544,cluster_544,cluster_544_casabus,FORET RAYAN,['L312'],casabus,33.4037603,-7.5561571,634265.7472583442,3696980.7818259243
545,cluster_545,cluster_545_casabus,FORET VERTE,"['L32D', 'L097', 'L143']",casabus,33.56882710000001,-7.5336095,636104.1608958174,3715313.2247210154
546,cluster_546,cluster_546_casabus,FORET VERTE,"['L097', 'L143']",casabus,33.5690758,-7.533953800000001,636071.8114427754,3715340.349371401
547,cluster_547,cluster_547_casabus,FOUM LAHCEN,['L090'],casabus,33.59145845004087,-7.5694599999482515,632741.7329905753,3717776.1516008363
548,cluster_548,cluster_548_casabus,FOURRIERE BEN M'SIK,"['L604', 'L072', 'L056', 'L067']",casabus,33.56563780004718,-7.578128000051031,631976.6581178294,3714901.9798227237
549,cluster_549,cluster_549_tram,Gare De Ain Sbaa,"['T2', 'L023', 'L608']",tram,33.60749970002704,-7.524292933350449,636907.844805335,3719613.715220943
549,cluster_549,cluster_549_casabus,Gare De Ain Sbaa,"['T2', 'L023', 'L608']",casabus,33.60749970002704,-7.524292933350449,636907.844805335,3719613.715220943
550,cluster_550,cluster_550_casabus,GARE BOUSKOURA,['L307'],casabus,33.461768600019084,-7.652608250032139,625212.5365740845,3703292.429899885
551,cluster_551,cluster_551_casabus,GARE DE CASA VOYAGEURS,['L090'],casabus,33.589703150037174,-7.593106650048015,630549.999301359,3717551.449087655
552,cluster_552,cluster_552_tram,Gare Oasis,"['L310', 'T1', 'L031', 'L300']",tram,33.554914050021104,-7.630942099952195,627089.8463804242,3713646.873275883
552,cluster_552,cluster_552_casabus,Gare Oasis,"['L310', 'T1', 'L031', 'L300']",casabus,33.554914050021104,-7.630942099952195,627089.8463804242,3713646.873275883
553,cluster_553,cluster_553_casabus,GARE ONCF DE L'OASIS,"['L310', 'L031', 'L300']",casabus,33.5556905,-7.6308004,627101.8639562395,3713733.141720452
554,cluster_554,cluster_554_casabus,GAREAGE ALLAL,"['L056', 'L040']",casabus,33.5771356500696,-7.599716499986136,629955.445506661,3716149.606074372
555,cluster_555,cluster_555_casabus,GENDARMERIE AIN HARROUDA,"['L800', 'L904']",casabus,33.636438500000004,-7.449338299999997,643814.2630350719,3722924.3381189522
556,cluster_556,cluster_556_casabus,GENDARMERIE AIN HARROUDA,"['L800', 'L904']",casabus,33.63676509999999,-7.449356000000001,643812.0782580529,3722960.529289605
557,cluster_557,cluster_557_casabus,GENDARMERIE MY IDRISS I,"['L038', 'L97B', 'L097', 'L143', 'L051', 'L063']",casabus,33.57211710006209,-7.616903799930112,628367.6601144848,3715571.70046047
558,cluster_558,cluster_558_casabus,GENERAL 1,['L900'],casabus,33.62857895000412,-7.51627634997802,637618.1238154855,3721961.7361111087
559,cluster_559,cluster_559_casabus,GRANDE POSTE,"['L006', 'L019', 'L056', 'L022', 'L040']",casabus,33.59311499999999,-7.6191029000000015,628132.4966505355,3717897.289646947
560,cluster_560,cluster_560_casabus,GRANDE ZENATA,['L900'],casabus,33.6484626,-7.4819688,640768.132287212,3724212.745441848
561,cluster_561,cluster_561_casabus,GRANDE ZENATA,['L900'],casabus,33.64883159999999,-7.482057,640759.3518943876,3724253.542575902
562,cluster_562,cluster_562_casabus,GREEN TOWN,['L309'],casabus,33.48261850001104,-7.59081820004655,630923.7402125156,3705680.486794135
563,cluster_563,cluster_563_casabus,GROUPE 3 MOULAY RACHID,['L062'],casabus,33.565285750000534,-7.542999400004118,635238.0786849998,3714908.246968906
564,cluster_564,cluster_564_casabus,GROUPE 3 SIDI MOUMEN JDID,['L064'],casabus,33.57910835002441,-7.543717049915997,635149.9138599241,3716440.020268134
565,cluster_565,cluster_565_casabus,GROUPE 4 MOULAY RACHID,"['L32D', 'L097', 'L143']",casabus,33.5675039,-7.5397432,635536.8765141831,3715158.460421363
566,cluster_566,cluster_566_casabus,GROUPE 4 MOULAY RACHID,"['L097', 'L143']",casabus,33.5679987,-7.539311,635576.2219299236,3715213.8915563766
567,cluster_567,cluster_567_casabus,GROUPE 5 MOULAY RACHID,"['L097', 'L606']",casabus,33.57105249999999,-7.531599,636287.2852565969,3715562.6305537387
568,cluster_568,cluster_568_casabus,GROUPE 5 MOULAY RACHID,['L097'],casabus,33.57120949999999,-7.5311303,636330.5437787405,3715580.656213583
569,cluster_569,cluster_569_casabus,GROUPE 6 MOULAY RACHID,['L606'],casabus,33.57166370000001,-7.5267949,636732.2446897142,3715636.7345187725
570,cluster_570,cluster_570_casabus,GROUPE SCOLAIRE ALAMJAD,"['L068', 'L09E']",casabus,33.54330270000036,-7.673501400003281,623155.2552144378,3712308.0069146836
571,cluster_571,cluster_571_casabus,HAJ FATEH,"['L09E', 'L051']",casabus,33.542534800038254,-7.684356199992497,622148.4807290349,3712210.018257578
572,cluster_572,cluster_572_casabus,HAMAM SKOURA,['L005'],casabus,33.56880720002827,-7.689571650042331,621627.3945885843,3715117.005452885
573,cluster_573,cluster_573_casabus,HAMMAM EL FAN,['L97B'],casabus,33.55165219999999,-7.581280200000002,631705.28185041,3713347.197787915
574,cluster_574,cluster_574_casabus,HAMMAM LHAJJA,"['L055', 'L32D', 'L038', 'L040']",casabus,33.56940819999999,-7.560166699999999,633638.1333425003,3715343.0823964276
575,cluster_575,cluster_575_casabus,HAMMAM LHAJJA,"['L055', 'L038', 'L040']",casabus,33.5696946,-7.559998200000001,633653.332532581,3715375.0569620426
576,cluster_576,cluster_576_casabus,HAY ADIL,"['L043', 'L055']",casabus,33.58098189999999,-7.570242100000001,632685.1945868686,3716613.466575022
577,cluster_577,cluster_577_casabus,HAY ADIL,['L055'],casabus,33.58106209999999,-7.5698554,632720.9614503199,3716622.8550062957
578,cluster_578,cluster_578_casabus,HAY BARAKA,['L120'],casabus,33.5730256,-7.5379513,635694.5685635993,3715773.0768148685
579,cluster_579,cluster_579_casabus,HAY BARAKA2,['L120'],casabus,33.5727404,-7.537703900000001,635717.9784465402,3715741.7767048553
580,cluster_580,cluster_580_casabus,HAY BIN LMDOUN,"['L060', 'L006', 'L022']",casabus,33.55719740005932,-7.600856299964713,629879.5127868687,3713937.3599632783
581,cluster_581,cluster_581_casabus,HAY BOURNAZIL,"['L039', 'L079', 'L064']",casabus,33.56998660002075,-7.557753549950444,633861.2355048141,3715410.33350705
582,cluster_582,cluster_582_casabus,HAY CHIFA,"['L067', 'L072', 'L040', 'L109']",casabus,33.57230735000527,-7.583550249957756,631463.218994578,3715634.628769488
583,cluster_583,cluster_583_casabus,HAY CHRIFA,['L039'],casabus,33.52924265002887,-7.592879700033257,630662.0944380314,3710847.6818439756
584,cluster_584,cluster_584_casabus,HAY CHRIFA II,['L039'],casabus,33.53095695000057,-7.599522299995361,630042.6618439085,3711029.417873734
585,cluster_585,cluster_585_casabus,HAY CHRIFA SANIA,['L022'],casabus,33.53533899999999,-7.6089639,629159.3674214457,3711503.509658717
586,cluster_586,cluster_586_casabus,HAY CHRIFA SANIA,['L022'],casabus,33.53567699999999,-7.608674200000001,629185.7656054907,3711541.3488628673
587,cluster_587,cluster_587_casabus,HAY DAKHLA,['L006'],casabus,33.57247670000001,-7.6079444,629198.7262655317,3715622.713115868
588,cluster_588,cluster_588_casabus,HAY EL BARAKA,"['L32D', 'L120', 'L065']",casabus,33.57075890005041,-7.53471030007644,635998.9507416203,3715525.9855691805
589,cluster_589,cluster_589_casabus,HAY EL BARAKA GH6,"['L019', 'L020', 'L301', 'L063', 'L072']",casabus,33.5679837,-7.683914500000001,622153.658943083,3715032.350559007
590,cluster_590,cluster_590_casabus,HAY EL HANA,"['L019', 'L020', 'T2', 'L063', 'L072']",casabus,33.57236235000198,-7.669540400017437,623481.6621675086,3715534.9053709717
590,cluster_590,cluster_590_tram,HAY EL HANA,"['L019', 'L020', 'T2', 'L063', 'L072']",tram,33.57236235000198,-7.669540400017437,623481.6621675086,3715534.9053709717
591,cluster_591,cluster_591_casabus,HAY EL HANA,"['L063', 'L019', 'L020', 'L072']",casabus,33.5726877,-7.669999599999999,623438.5770619236,3715570.433526208
592,cluster_592,cluster_592_casabus,HAY EL MASSIRA,"['L97B', 'L097', 'L143', 'L32D', 'L062']",casabus,33.563002499999996,-7.5480658,634771.3262659702,3714648.468623132
593,cluster_593,cluster_593_casabus,HAY EL MASSIRA,"['L97B', 'L097', 'L062', 'L143']",casabus,33.5633176,-7.5482262,634755.9468275924,3714683.1995646292
594,cluster_594,cluster_594_casabus,HAY EL WAHDA,"['L055', 'L068']",casabus,33.54386860000001,-7.543278200000001,635245.5789441819,3712533.062655403
595,cluster_595,cluster_595_casabus,HAY EL WAHDA,"['L055', 'L068']",casabus,33.5439287,-7.543599,635215.698953548,3712539.3082622006
596,cluster_596,cluster_596_casabus,HAY EL WAHDA MO,['L907'],casabus,33.68221209999999,-7.382896400000001,649897.5390757901,3728094.5201567174
597,cluster_597,cluster_597_casabus,HAY EL WAHDA MO 2,['L907'],casabus,33.68203489999999,-7.382522100000001,649932.546136608,3728075.4138897792
598,cluster_598,cluster_598_casabus,HAY ENNASR 2,"['L312', 'L600']",casabus,33.53217159999999,-7.5704627,632739.3791764822,3711200.923753513
599,cluster_599,cluster_599_casabus,HAY ENNASR 2,"['L312', 'L600']",casabus,33.532624299999995,-7.570550900000001,632730.4967688904,3711251.007653775
600,cluster_600,cluster_600_casabus,HAY ENNOUR,['L056'],casabus,33.55214495006443,-7.552813050093178,634347.4535428545,3713438.3757323152
601,cluster_601,cluster_601_casabus,HAY HAKAM,"['L043', 'L055']",casabus,33.587083899999996,-7.595429300000003,630338.3961216662,3717258.0908368933
602,cluster_602,cluster_602_casabus,HAY HAKAM,"['L043', 'L055']",casabus,33.587273,-7.595083300000001,630370.2215317467,3717279.4945282456
603,cluster_603,cluster_603_casabus,HAY INARA 2,"['L006', 'L022']",casabus,33.541717100039115,-7.593791399937864,630558.6708916589,3712229.7350860075
604,cluster_604,cluster_604_casabus,HAY JAMILA 2,"['L107', 'L600', 'L011']",casabus,33.549218150001984,-7.586973150018077,631180.4204393971,3713070.082435669
605,cluster_605,cluster_605_casabus,HAY JAMILA 4,['L068'],casabus,33.547419000019076,-7.57070879994044,632693.2182504651,3712891.290468748
606,cluster_606,cluster_606_casabus,HAY LMASJID 2,"['L079', 'L006', 'L109']",casabus,33.56200150000254,-7.6051089500221245,629477.5472179468,3714464.730754409
607,cluster_607,cluster_607_casabus,HAY MASJID 1,['L312'],casabus,33.384248250019844,-7.538460999955014,635941.8648191092,3694840.234132595
608,cluster_608,cluster_608_casabus,HAY MOULAY RACHID,"['L120', 'L065', 'L606', 'L143']",casabus,33.56800785001307,-7.531975400059694,636257.131388209,3715224.530813801
609,cluster_609,cluster_609_casabus,HAY MOURAD,"['L055', 'L32D', 'L038', 'L040']",casabus,33.574895950012724,-7.56471625006448,633207.4010826595,3715945.7256916002
610,cluster_610,cluster_610_casabus,HAY NAIM,"['L120', 'L606']",casabus,33.56625459999999,-7.504896900000003,638773.4941545837,3715066.067747622
611,cluster_611,cluster_611_casabus,HAY NAIM,"['L120', 'L606']",casabus,33.5665262,-7.504849900000002,638777.4223969574,3715096.247075485
612,cluster_612,cluster_612_casabus,HAY NAIM SIDI MOUMEN,"['L120', 'L606']",casabus,33.56766795001659,-7.511721050073366,638137.7783047224,3715213.6662567495
613,cluster_613,cluster_613_casabus,HAY NAJAH,['L300'],casabus,33.5137178000033,-7.651138299986946,625274.312363796,3709054.3775416035
614,cluster_614,cluster_614_casabus,HAY NASSIM,['L307'],casabus,33.51989600007732,-7.665739000047278,623909.3780873507,3709721.888137956
615,cluster_615,cluster_615_casabus,HAY NASSIM II,['L307'],casabus,33.5141464,-7.665743300000001,623917.1780145387,3709084.360714466
616,cluster_616,cluster_616_casabus,HAY NASSIM II,['L307'],casabus,33.51416759999999,-7.6661226,623881.91834495,3709086.258400646
617,cluster_617,cluster_617_casabus,HAY RACHIDIA 1,['L903'],casabus,33.68811925002881,-7.378029100048422,650338.4730195759,3728756.6368191685
618,cluster_618,cluster_618_casabus,HAY RAJA,"['L039', 'L079', 'L064']",casabus,33.57595990000924,-7.54939364996166,634627.9440071065,3716083.512878453
619,cluster_619,cluster_619_casabus,HAY SADRI,"['L039', 'L079', 'L064']",casabus,33.57227580004601,-7.554144299887832,634192.710848416,3715668.839381051
620,cluster_620,cluster_620_casabus,HAY SALAM 1,"['L97B', 'L013']",casabus,33.5481654,-7.6723391,623256.268004703,3712848.5719429078
621,cluster_621,cluster_621_casabus,HAY SALAM 1,"['L97B', 'L013']",casabus,33.54855429999999,-7.672342200000001,623255.4278802878,3712891.6900984994
622,cluster_622,cluster_622_casabus,HAY SALAMA,"['L055', 'L079', 'L32D', 'L040', 'L064']",casabus,33.566415,-7.5575053,633889.7928189366,3715014.6210092534
623,cluster_623,cluster_623_casabus,HAY SALAMA,"['L055', 'L038', 'L079', 'L040', 'L064']",casabus,33.5674028,-7.55777,633863.6970580068,3715123.8101357813
624,cluster_624,cluster_624_casabus,HAY SALAMA ( MOHAMMEDIA ),"['L800', 'L900', 'L905', 'L907', 'L32D', 'L904']",casabus,33.700725500014265,-7.378815799938705,650243.5983826523,3730153.3951752614
625,cluster_625,cluster_625_casabus,HAY TISSIR,"['L038', 'L040']",casabus,33.57257659999999,-7.578850799999999,631899.0086746934,3715670.458531292
626,cluster_626,cluster_626_casabus,HAY TISSIR,"['L038', 'L040']",casabus,33.572941,-7.579200300000001,631866.0142454454,3715710.419545638
627,cluster_627,cluster_627_casabus,HOPITAL 20 AOUT,['L067'],casabus,33.5741445,-7.6177886,628282.5343543284,3715795.4084254447
628,cluster_628,cluster_628_casabus,HOPITAL AL HASSANI,"['L019', 'L020', 'L09E', 'L084']",casabus,33.560763550056365,-7.685120749918998,622051.8515574619,3714230.3469982506
629,cluster_629,cluster_629_casabus,HOPITAL BOUAFI,"['L97B', 'L097', 'L143', 'L068', 'L063']",casabus,33.558057850014755,-7.6072861000230985,629281.3198010502,3714024.7286921088
630,cluster_630,cluster_630_casabus,HOPITAL CHABAB,['L903'],casabus,33.68949295000961,-7.38708930001946,649496.2288550432,3728895.8113457263
631,cluster_631,cluster_631_casabus,HOPITAL CHEIKH KHALIFA,['L013'],casabus,33.55125919999999,-7.668307700000001,623626.1508569838,3713196.418844383
632,cluster_632,cluster_632_casabus,HOPITAL CHEIKH KHALIFA,['L013'],casabus,33.5515472,-7.668091100000001,623645.8497379562,3713228.61115741
633,cluster_633,cluster_633_casabus,HOPITAL EL MANSOUR,['L023'],casabus,33.607469699999996,-7.504337700000001,638759.3908574514,3719636.9679527814
634,cluster_634,cluster_634_casabus,HOPITAL EL MANSOUR,['L023'],casabus,33.6074914,-7.5038806,638801.7670794181,3719639.9871906806
635,cluster_635,cluster_635_casabus,HOPITAL MY ABDELLAH,"['L800', 'L900', 'L905', 'L907', 'L32D', 'L904']",casabus,33.69834479999999,-7.3832534,649836.4347496885,3729882.9499334535
636,cluster_636,cluster_636_casabus,HOPITAL MY ABDELLAH,"['L800', 'L900', 'L905', 'L907', 'L32D', 'L904']",casabus,33.69865519999999,-7.383424,649820.0833397063,3729917.122483897
637,cluster_637,cluster_637_casabus,HOPITAL SALMIA,"['L604', 'L063', 'L072', 'L011']",casabus,33.53992879999999,-7.557692600000003,633913.2773347842,3712077.489695626
638,cluster_638,cluster_638_casabus,HOPITAL SALMIA,"['L604', 'L063', 'L072', 'L011']",casabus,33.5402308,-7.5577525,633907.2495299947,3712110.899148472
639,cluster_639,cluster_639_casabus,IBNO CHAHID,"['L019', 'L090']",casabus,33.57880089999999,-7.633824000000001,626787.3737051042,3716291.9780056826
640,cluster_640,cluster_640_casabus,IMMEUBLE 400,['L007'],casabus,33.58025615003305,-7.634920749966224,626683.455996783,3716451.998027476
641,cluster_641,cluster_641_casabus,INSTITUT AGRICOLE,['L903'],casabus,33.6192913000003,-7.34385674999847,653628.4964459934,3721174.597315699
642,cluster_642,cluster_642_casabus,INSTITUT PASTEUR,"['L038', 'L300']",casabus,33.574222450090865,-7.625790400044762,627539.7196404343,3715794.170127731
643,cluster_643,cluster_643_casabus,INSTITUT TARIK BNOU ZIAD,"['L312', 'L600']",casabus,33.53515300001709,-7.574384600067571,632370.637457213,3711526.496919332
644,cluster_644,cluster_644_casabus,ISCAE,['L310'],casabus,33.5270184,-7.6363958,626624.2232660009,3710547.070533376
645,cluster_645,cluster_645_casabus,ISTA BOULEVARD AFGHANISTAN,"['L019', 'L020', 'L301', 'L063', 'L072']",casabus,33.56900069999999,-7.681755099999999,622352.6645931621,3715147.66557556
646,cluster_646,cluster_646_casabus,ISTA HAY HASSANI,['L084'],casabus,33.569720399999994,-7.6834798,622191.56173994,3715225.4314929005
647,cluster_647,cluster_647_casabus,JAMAL DORA,['L063'],casabus,33.5390563,-7.576145900000001,632201.1412180592,3711957.0597984227
648,cluster_648,cluster_648_casabus,JAMAL DORA,['L063'],casabus,33.53947110000001,-7.5759385,632219.7675823075,3712003.3186318087
649,cluster_649,cluster_649_casabus,JAMAL DORA 2,['L063'],casabus,33.54127989999999,-7.578593000000001,631970.5357312344,3712200.5017130245
650,cluster_650,cluster_650_casabus,JARDIN 20 AOUT (GARE),"['L906', 'L907', 'L903']",casabus,33.69144245005093,-7.391026050027584,649127.9368023095,3729106.297408167
651,cluster_651,cluster_651_casabus,JARDIN AL MOSTAKBAL,"['L031', 'L007', 'L300']",casabus,33.52292490000001,-7.651819800000001,625197.7466276641,3710074.4511685674
652,cluster_652,cluster_652_casabus,JARDIN AL MOSTAKBAL,"['L031', 'L007', 'L300']",casabus,33.5233452,-7.6516009,625217.4702595164,3710121.3189193006
653,cluster_653,cluster_653_casabus,JARDIN ALESCO,"['L107', 'L011', 'L067', 'L068', 'L604', 'L064', 'L072']",casabus,33.549781200000005,-7.5670124,633032.7933306496,3713157.9577941103
654,cluster_654,cluster_654_casabus,JARDIN ALESCO,"['L604', 'L072', 'L011']",casabus,33.55029199999999,-7.567867199999999,632952.6480732819,3713213.5002147043
655,cluster_655,cluster_655_casabus,JARDIN ANASSI,"['L079', 'L033', 'L608', 'L097']",casabus,33.58968320000213,-7.494996400019504,639654.777953129,3717677.2636933937
656,cluster_656,cluster_656_casabus,JARDIN EL WAHDA,['L907'],casabus,33.6795846000397,-7.385511299941348,649659.6800518224,3727799.36606962
657,cluster_657,cluster_657_casabus,JARDIN LALLA MERIEM,"['L97B', 'L097', 'L143', 'L068', 'L062']",casabus,33.5569962,-7.5582094,633838.9663073358,3713969.318089981
658,cluster_658,cluster_658_casabus,JARDIN LALLA MERIEM,"['L97B', 'L097', 'T3', 'L143']",casabus,33.55727405001343,-7.558059099991443,633852.4908701407,3714000.321297291
658,cluster_658,cluster_658_tram,JARDIN LALLA MERIEM,"['L97B', 'L097', 'T3', 'L143']",tram,33.55727405001343,-7.558059099991443,633852.4908701407,3714000.321297291
659,cluster_659,cluster_659_casabus,JARDIN LIGUE ARABE,"['L006', 'L019', 'L056', 'L022', 'L040']",casabus,33.58863505004235,-7.620537849978722,628005.9567534217,3717398.7633018056
660,cluster_660,cluster_660_casabus,JARDIN MESBAHYATE,['L902'],casabus,33.67311265004165,-7.396722699990539,648631.4398984858,3727065.5083881444
661,cluster_661,cluster_661_casabus,JAWADI,"['L039', 'L097', 'L97B']",casabus,33.55222805000043,-7.583806299997717,631469.8829402127,3713407.842531617
662,cluster_662,cluster_662_casabus,JAWHARAT AL MADINA,['L065'],casabus,33.55769169999999,-7.5292798,636523.586272272,3714084.178937148
663,cluster_663,cluster_663_casabus,JAWHARAT AL MADINA,['L065'],casabus,33.55791169999999,-7.5295391,636499.1678202895,3714108.2318878816
664,cluster_664,cluster_664_casabus,JNANE OULFA,"['L013', 'L051']",casabus,33.53211355006971,-7.678598650039727,622697.792765714,3711061.2956753094
665,cluster_665,cluster_665_casabus,JNANE SBIT,['L606'],casabus,33.5518814,-7.470788099999999,641963.2394025855,3713518.5005207104
666,cluster_666,cluster_666_casabus,KHAYRIAT SIDI OTHMAN,['L120'],casabus,33.56538369999999,-7.5539363,634222.6846543954,3714904.884645584
667,cluster_667,cluster_667_casabus,KHAYRIAT SIDI OTHMAN,['L120'],casabus,33.565752700000004,-7.553783900000001,634236.2603646861,3714945.998314256
668,cluster_668,cluster_668_casabus,KIADAT MEDIOUNA,"['L312', 'L600']",casabus,33.46335255005936,-7.524016150121537,637161.0488753264,3703630.453466233
669,cluster_669,cluster_669_casabus,KISARIAT HAY MOHAMMADI,['L039'],casabus,33.58582189999999,-7.563375200000002,633315.0675207613,3717158.9653909346
670,cluster_670,cluster_670_casabus,KISARIAT HAY MOHAMMADI,['L039'],casabus,33.5859887,-7.5630088,633348.8146199338,3717177.9326843093
671,cluster_671,cluster_671_casabus,KISSARIAT AKHMASSI,"['L056', 'L040']",casabus,33.5731289,-7.597554999999999,630162.0777895144,3715708.0383963776
672,cluster_672,cluster_672_casabus,KISSARIAT AKHMASSI,"['L056', 'L040']",casabus,33.5731725,-7.597970400000001,630123.4557257857,3715712.350980752
673,cluster_673,cluster_673_casabus,KISSARIAT AZIZA,['L043'],casabus,33.58264345000069,-7.558014350004142,633817.4891415092,3716813.4403882124
674,cluster_674,cluster_674_casabus,KOREA SEBATA,"['L604', 'L064', 'L072', 'L067']",casabus,33.55301409999999,-7.569882299999999,632761.3953948158,3713512.7529853494
675,cluster_675,cluster_675_casabus,KOREA SEBATA,"['L604', 'L072']",casabus,33.553671900000005,-7.570907,632665.2564487677,3713584.379916594
676,cluster_676,cluster_676_casabus,KRIMATE,['L107'],casabus,33.54911969999999,-7.6232367000000005,627813.7280333651,3713013.857488643
677,cluster_677,cluster_677_casabus,L'EGLISE (ZERKTOUNI),"['L056', 'L060', 'L022', 'L040', 'L090']",casabus,33.583057050002225,-7.615874499983344,628446.9881133882,3716786.031822087
678,cluster_678,cluster_678_casabus,LA FERAILLE,['L039'],casabus,33.58281770000001,-7.581978000000001,631593.1984376657,3716802.051877329
679,cluster_679,cluster_679_casabus,LA FERAILLE,['L039'],casabus,33.58286869999999,-7.5823579,631557.8632879865,3716807.224244556
680,cluster_680,cluster_680_tram,Gare Oulad Ziane,"['L120', 'L062', 'T4']",tram,33.57594610004144,-7.585525050062078,631274.4101182902,3716035.6017771065
680,cluster_680,cluster_680_casabus,Gare Oulad Ziane,"['L120', 'L062', 'T4']",casabus,33.57594610004144,-7.585525050062078,631274.4101182902,3716035.6017771065
681,cluster_681,cluster_681_casabus,LA GARE ROUTIERE,"['L120', 'L062']",casabus,33.5763868,-7.586568,631176.9416398968,3716083.146748348
682,cluster_682,cluster_682_casabus,LA MORGUE AIN CHOK,['L600'],casabus,33.554666,-7.592664799999999,630643.7836615313,3713666.96751565
683,cluster_683,cluster_683_tram,Afriquia,"['T3', 'L600']",tram,33.55476570000137,-7.592345649985204,630673.262734653,3713678.4249537573
683,cluster_683,cluster_683_casabus,Afriquia,"['T3', 'L600']",casabus,33.55476570000137,-7.592345649985204,630673.262734653,3713678.4249537573
684,cluster_684,cluster_684_casabus,LA MORGUE RAHMA,"['L050', 'L051']",casabus,33.535064999999996,-7.7248064,618402.8969844796,3711334.8344981153
685,cluster_685,cluster_685_casabus,LA POSTE TIT MELLIL,"['L904', 'L120', 'L606', 'L608']",casabus,33.5558995,-7.4832201000000005,640802.4970079736,3713947.0874325936
686,cluster_686,cluster_686_casabus,LA POSTE TIT MELLIL,"['L904', 'L120', 'L606', 'L608']",casabus,33.5564805,-7.4836499,640761.6523986941,3714010.927831139
687,cluster_687,cluster_687_casabus,LAAOUINA LHARRA,"['L056', 'L038', 'L011']",casabus,33.60028580001838,-7.639640299959586,626216.2561533393,3718667.1796492077
688,cluster_688,cluster_688_casabus,LAAOUINA MAARIF,"['L306', 'L007']",casabus,33.57693110000254,-7.638083950022673,626394.7278438644,3716079.4425960486
689,cluster_689,cluster_689_casabus,LABRAHMA,['L905'],casabus,33.66883925003239,-7.380525300076875,650140.5984928389,3726615.05735362
690,cluster_690,cluster_690_casabus,LAHRAOUIYINE,"['L065', 'L062']",casabus,33.54674480002734,-7.53033249998533,636443.0705082658,3712868.953492196
691,cluster_691,cluster_691_casabus,LALLA MERYEM,['L056'],casabus,33.55846809999999,-7.5606811999999985,633607.2275331711,3714129.3380624102
692,cluster_692,cluster_692_casabus,LALLA MERYEM,['L056'],casabus,33.55848759999999,-7.5611458,633564.0666671079,3714130.901329209
693,cluster_693,cluster_693_casabus,LES ARENES,"['L013', 'L050', 'L09E', 'L084']",casabus,33.58949030000001,-7.639721500000001,626224.4495836246,3717470.043887505
694,cluster_694,cluster_694_casabus,LES ARENES,"['L013', 'L050', 'L09E', 'L084']",casabus,33.5904669,-7.637658100000001,626414.5081775681,3717580.8495677453
695,cluster_695,cluster_695_casabus,LES JARDAINS D'ERRAHMA,"['L050', 'L051']",casabus,33.53482449999999,-7.7231808,618554.1735965798,3711310.0252161426
696,cluster_696,cluster_696_casabus,LES JARDINS DE BALI,['L309'],casabus,33.55899180002411,-7.625481000054126,627590.8421055968,3714105.7353043766
697,cluster_697,cluster_697_casabus,LHALHAL,['L604'],casabus,33.515599850009835,-7.5156697000376225,637853.9073395137,3709434.869064769
698,cluster_698,cluster_698_casabus,LHJAJMA,['L056'],casabus,33.59467275002045,-7.645605800056554,625670.8703095571,3718037.5302104633
699,cluster_699,cluster_699_casabus,LISSASFA 1,"['L107', 'L306', 'L307', 'L051']",casabus,33.5340194,-7.669480100000001,623541.837508206,3711283.44574532
700,cluster_700,cluster_700_casabus,LISSASFA 1,"['L107', 'L306', 'L307', 'L051']",casabus,33.5343832,-7.669393000000001,623549.4078982617,3711323.888171022
701,cluster_701,cluster_701_casabus,LISSASFA 2,['L306'],casabus,33.52879405004594,-7.678507099931043,622710.9843473601,3710693.334006048
702,cluster_702,cluster_702_casabus,LOMOU,['L301'],casabus,33.53394780007052,-7.766230399927638,614557.8769506436,3711164.425959647
703,cluster_703,cluster_703_casabus,LOTISEMENT FARAH ESSALAM,['L084'],casabus,33.53822065001407,-7.695379850038443,621130.960129366,3711718.726350324
704,cluster_704,cluster_704_casabus,LYCEE ALIDRISSI,"['L107', 'L056', 'L040']",casabus,33.5622530500555,-7.533905699968343,636086.9817177893,3714583.875881369
705,cluster_705,cluster_705_casabus,LOTISSEMENT EL MANZAH,"['L107', 'L062', 'L056', 'L040']",casabus,33.5594444,-7.5381731,635695.2295670356,3714266.8437614073
706,cluster_706,cluster_706_casabus,LOTISSEMENT EL MANZAH,"['L107', 'L062', 'L056', 'L040']",casabus,33.55955329999999,-7.5385317999999994,635661.7598212429,3714278.4493526756
707,cluster_707,cluster_707_casabus,LOTISSEMENT FARAH ESSALAM 1,['L084'],casabus,33.5364952,-7.697584899999999,620928.6156250876,3711524.832785745
708,cluster_708,cluster_708_casabus,LOTISSEMENT FARAH ESSALAM 1 2,['L084'],casabus,33.5351414,-7.6985308,620842.6674020031,3711373.6194015406
709,cluster_709,cluster_709_casabus,LOTISSEMENT MALAK 1,['L905'],casabus,33.686735600006365,-7.3473271500356105,653186.9573909943,3728648.327355225
710,cluster_710,cluster_710_casabus,LOTISSEMENT RACHAD,"['L312', 'L600']",casabus,33.49274239999999,-7.538351399999998,635782.9114862455,3706870.4476559074
711,cluster_711,cluster_711_casabus,LOTISSEMENT RACHAD,"['L312', 'L600']",casabus,33.4928129,-7.538039,635811.8249257578,3706878.673628901
712,cluster_712,cluster_712_casabus,LOTISSEMENT SAKLIA,['L005'],casabus,33.56549060003909,-7.694019900024984,621219.1377883069,3714744.042182534
713,cluster_713,cluster_713_casabus,LOTISSEMENT SEQUIA,['L301'],casabus,33.56254239999999,-7.718010800000001,618996.2356017259,3714389.330856024
714,cluster_714,cluster_714_casabus,LOTISSEMENT SEQUIA,['L301'],casabus,33.56261059999999,-7.7187241,618929.9281515214,3714396.0739701013
715,cluster_715,cluster_715_casabus,LWIZYA II,['L905'],casabus,33.68264010003522,-7.34224239993773,653665.6058408126,3728201.7308200053
716,cluster_716,cluster_716_casabus,LYCEE ABDELKHALEK TORRES,"['L079', 'L608']",casabus,33.59316725004146,-7.508155850082291,638427.9895342403,3718045.9203681643
717,cluster_717,cluster_717_casabus,LYCEE ABDELLAH IBRAHIM,"['L055', 'L068']",casabus,33.53010260003669,-7.524843400064541,636978.9750218752,3711030.836784644
718,cluster_718,cluster_718_casabus,LYCEE ALAKHYAR,"['L107', 'T3', 'L143', 'L011']",casabus,33.54672840002646,-7.575586700099402,632241.3770237842,3712808.4803350093
718,cluster_718,cluster_718_tram,LYCEE ALAKHYAR,"['L107', 'T3', 'L143', 'L011']",tram,33.54672840002646,-7.575586700099402,632241.3770237842,3712808.4803350093
719,cluster_719,cluster_719_casabus,LYCEE ALAKHYAR,"['L107', 'L143', 'L011']",casabus,33.5468579,-7.5751211000000005,632284.4090743612,3712823.433847172
720,cluster_720,cluster_720_casabus,LYCEE ALIDRISSI,['L079'],casabus,33.5567458,-7.5835932,631482.8209904049,3713909.0558446446
721,cluster_721,cluster_721_casabus,LYCEE BEN KHALDOUN,['L907'],casabus,33.67696910004334,-7.389009999921381,649339.8480653111,3727504.271005711
722,cluster_722,cluster_722_casabus,LYCEE CHAOUKI,"['L060', 'L038', 'L067']",casabus,33.583843699999996,-7.626856600000001,627426.6149112768,3716859.6898841276
723,cluster_723,cluster_723_casabus,LYCEE CHAOUKI,"['L060', 'L038', 'L067']",casabus,33.58479489999999,-7.628087399999999,627310.9918456845,3716963.647871549
724,cluster_724,cluster_724_casabus,LYCEE EL BAROUDI,['L023'],casabus,33.60429709999999,-7.5538313,634172.1729778764,3719219.9081032393
725,cluster_725,cluster_725_casabus,LYCEE EL BAROUDI,['L023'],casabus,33.60456969999999,-7.5535366,634199.0943938235,3719250.51736895
726,cluster_726,cluster_726_casabus,LYCEE EL WALLADA,"['L09E', 'L084']",casabus,33.588408799999996,-7.642606499999999,625958.2939405903,3717346.610715988
727,cluster_727,cluster_727_casabus,LYCEE EL WALLADA,"['L050', 'L09E', 'L084']",casabus,33.5886371,-7.642426,625974.7126356806,3717372.1448507905
728,cluster_728,cluster_728_casabus,LYCEE FECHTALI,"['L068', 'L050', 'L109']",casabus,33.55862129999999,-7.678576399999999,622662.3929169264,3714000.5386426537
729,cluster_729,cluster_729_casabus,LYCEE FECHTALI,"['L143', 'L050', 'L109']",casabus,33.558653099999994,-7.678921400000001,622630.320791161,3714003.656340976
730,cluster_730,cluster_730_casabus,LYCEE IBNO HAZM,"['L604', 'L072', 'L056']",casabus,33.5615042,-7.576455799999999,632138.1797152435,3714445.7629746757
731,cluster_731,cluster_731_casabus,LYCEE IBNO HAZM,"['L604', 'L072', 'L056', 'L067']",casabus,33.56166459999999,-7.576135,632167.7154562726,3714463.957868546
732,cluster_732,cluster_732_casabus,LYCEE JABER BNOU HAYAN,['L090'],casabus,33.58745059999999,-7.6043606000000015,629508.9958016109,3717287.5448451536
733,cluster_733,cluster_733_casabus,LYCEE JABER BNOU HAYAN,['L090'],casabus,33.5876362,-7.6047302,629474.4186442937,3717307.6625799164
734,cluster_734,cluster_734_casabus,LYCEE LAHLOU,"['L038', 'L97B', 'L097', 'L143', 'L051', 'L063']",casabus,33.572061000000005,-7.62276,627824.1772173658,3715558.237893928
735,cluster_735,cluster_735_casabus,LYCEE LAHLOU,"['L038', 'L97B', 'L097', 'L143', 'L051', 'L063']",casabus,33.5722157,-7.6233851,627765.928212381,3715574.6202614517
736,cluster_736,cluster_736_casabus,LYCEE LOUIS MASSIGNON,['L309'],casabus,33.47855559999999,-7.622276599999999,628006.7671473402,3705190.761633192
737,cluster_737,cluster_737_casabus,LYCEE LOUIS MASSIGNON,['L309'],casabus,33.47860969999999,-7.6217075,628059.5676625306,3705197.462009005
738,cluster_738,cluster_738_casabus,LYCEE LYAUTEY,['L067'],casabus,33.5959877,-7.631371000000001,626989.8521622401,3718200.706982563
739,cluster_739,cluster_739_casabus,LYCEE MOHAMED V,"['L060', 'L022']",casabus,33.57825420000814,-7.615250799996638,628511.9924385684,3716254.2505409513
740,cluster_740,cluster_740_casabus,LYCEE MOULAY ABDELLAH,"['L020', 'L109', 'L310', 'L072', 'L068', 'L031']",casabus,33.561967750022774,-7.61311390006641,628734.4992303418,3714451.0137402616
741,cluster_741,cluster_741_casabus,LYCEE TECHNIQUE MOHAMMEDIA,"['L907', 'L32D', 'L800', 'L904']",casabus,33.706402399999995,-7.364141800000002,651593.6809755615,3730804.362506872
742,cluster_742,cluster_742_casabus,LYCEE TECHNIQUE MOHAMMEDIA,"['L907', 'L32D', 'L800', 'L904']",casabus,33.70655310000001,-7.364723299999999,651539.5234139918,3730820.219697822
743,cluster_743,cluster_743_casabus,M'SALLA AIN CHOK,"['L039', 'L068', 'L022']",casabus,33.54859980005175,-7.599619099928452,630007.2493194424,3712985.5840004687
744,cluster_744,cluster_744_casabus,M'SALLA MOHAMMEDIA,"['L905', 'L906', 'L900']",casabus,33.69331309999999,-7.3743587,650669.6461570166,3729337.93150011
745,cluster_745,cluster_745_casabus,M'SALLA MOHAMMEDIA,"['L905', 'L906', 'L900']",casabus,33.69331999999999,-7.374794200000001,650629.2663814833,3729338.06117532
746,cluster_746,cluster_746_casabus,M'SALLA QODS,['L800'],casabus,33.6247673500153,-7.484184149937611,640601.1964248794,3721582.24543683
747,cluster_747,cluster_747_casabus,MAAGUIZ,['L023'],casabus,33.61406409999999,-7.508872600000001,638328.0939097712,3720362.1207711543
748,cluster_748,cluster_748_casabus,MAAGUIZ,['L023'],casabus,33.614329899999994,-7.507781,638428.9427498702,3720393.0541605214
749,cluster_749,cluster_749_casabus,MAARIF EXTENTION,"['L020', 'L109', 'L143', 'L068', 'L309']",casabus,33.56390780000001,-7.629230999999999,627235.5082906394,3714646.2227467
750,cluster_750,cluster_750_casabus,MAARIF EXTENTION,"['L020', 'L109', 'L143', 'L068', 'L309']",casabus,33.563994099999995,-7.6302305,627142.6007366478,3714654.5649078176
751,cluster_751,cluster_751_casabus,MAATI BEN SALEH,['L006'],casabus,33.5723158,-7.608469000000001,629150.2732793418,3715604.2178066685
752,cluster_752,cluster_752_casabus,MADAME CHOUAL,['L301'],casabus,33.564543699999994,-7.714559300000001,619313.8773566377,3714615.2064533886
753,cluster_753,cluster_753_casabus,MADAME CHOUAL,['L301'],casabus,33.56468699999999,-7.714966100000001,619275.9188703718,3714630.6273231176
754,cluster_754,cluster_754_casabus,MADAME LOULA,['L301'],casabus,33.56786689999999,-7.707899800000002,619927.4540739977,3714991.3759360416
755,cluster_755,cluster_755_casabus,MADAME LOULA,['L301'],casabus,33.5683276,-7.7079611,619921.127033086,3715042.3879844244
756,cluster_756,cluster_756_casabus,MAISON DES JEUNES ZERKTOUNI,['L060'],casabus,33.59984080006937,-7.638945799888376,626281.3464414825,3718618.6837855764
757,cluster_757,cluster_757_casabus,MAISON DES SOEURS,['L072'],casabus,33.55778509999999,-7.6364331,626575.889577829,3713958.501536838
758,cluster_758,cluster_758_casabus,MAISON DES SOEURS,['L072'],casabus,33.5582733,-7.636332200000001,626584.5441883695,3714012.7575658686
759,cluster_759,cluster_759_casabus,MARASSI TIT MELLIL,['L606'],casabus,33.553904500008116,-7.477354300048736,641350.3189096106,3713733.8570770076
760,cluster_760,cluster_760_casabus,MARCHE AIN CHOC,"['L006', 'L022']",casabus,33.5468243,-7.5960931,630337.2848585402,3712793.1396781043
761,cluster_761,cluster_761_casabus,MARCHE AIN CHOC,"['L006', 'L022']",casabus,33.5470525,-7.5963165,630316.2003596434,3712818.1622669096
762,cluster_762,cluster_762_casabus,MARCHE DE BOIS,['L600'],casabus,33.56048719999998,-7.5946908,630446.9409188008,3714309.8881002567
763,cluster_763,cluster_763_casabus,MARCHE DE BOIS,['L600'],casabus,33.561054399999996,-7.594433,630470.0198157274,3714373.1056364523
764,cluster_764,cluster_764_casabus,MARCHE DE GROS,['L143'],casabus,33.5540214,-7.56324,633376.5188577938,3713632.9750903873
765,cluster_765,cluster_765_casabus,MARCHE DE GROS,"['L068', 'L143']",casabus,33.5544081,-7.5630899,633389.8595064305,3713676.046999404
766,cluster_766,cluster_766_casabus,MARCHE DE GROS 1,['L090'],casabus,33.59014520001069,-7.596592450051613,630225.8514165172,3717596.0752908075
767,cluster_767,cluster_767_casabus,MARCHE DE GROS ERRAHMA,"['L050', 'L051']",casabus,33.5373737,-7.719195000000001,618920.7926532199,3711597.246235925
768,cluster_768,cluster_768_casabus,MARCHE DES DATTES,['L056'],casabus,33.569981099999985,-7.5793143,631859.9340069119,3715382.0699004196
769,cluster_769,cluster_769_casabus,MARCHE DES DATTES 2,['L056'],casabus,33.569898,-7.578803300000001,631907.492327003,3715373.5060550775
770,cluster_770,cluster_770_casabus,MARCHE DES FLEURS,"['L056', 'L060', 'L022', 'L040', 'L090']",casabus,33.5826777,-7.6195056,628110.556828276,3716739.470243468
771,cluster_771,cluster_771_casabus,MARCHE DES FLEURS,"['L056', 'L060', 'L022', 'L040', 'L090']",casabus,33.582794,-7.61877,628178.6540486112,3716753.276223704
772,cluster_772,cluster_772_casabus,MARCHE DES POULETS,['L139'],casabus,33.59529265005875,-7.572690400063465,632436.0943339315,3718197.1663414342
773,cluster_773,cluster_773_casabus,MARCHE OASIS,['L072'],casabus,33.556794499999995,-7.634718200000003,626736.5375525135,3713850.7575107096
774,cluster_774,cluster_774_casabus,MARCHE OASIS,['L072'],casabus,33.5573588,-7.634041700000001,626798.5157042592,3713914.156026959
775,cluster_775,cluster_775_casabus,MARINA,['L005'],casabus,33.606064599999996,-7.6210634,627931.4420166165,3719330.759978963
776,cluster_776,cluster_776_casabus,MARINA CASA,['L005'],casabus,33.605817300000005,-7.6209021,627946.773205573,3719303.537902105
777,cluster_777,cluster_777_casabus,MASJID FIRDAOUSS,['L033'],casabus,33.6017178,-7.5113391,638118.9556190668,3718989.799397965
778,cluster_778,cluster_778_casabus,METRO,"['L107', 'L031', 'L007', 'L300']",casabus,33.5377207,-7.6437602,625924.7950345164,3711724.7934066937
779,cluster_779,cluster_779_casabus,MIMOSAS,['L023'],casabus,33.6124205,-7.5314416,636236.831479171,3720149.924438177
780,cluster_780,cluster_780_casabus,MIMOSAS,['L023'],casabus,33.6126408,-7.5305314,636320.9302361468,3720175.5512746773
781,cluster_781,cluster_781_casabus,MORABITINE,"['L906', 'L907']",casabus,33.681249199999996,-7.3918362,649070.4414673,3727974.8051418024
782,cluster_782,cluster_782_casabus,MORABITINE,"['L906', 'L907']",casabus,33.6813584,-7.3921393,649042.1539307879,3727986.4767913017
783,cluster_783,cluster_783_casabus,MOROCCO MALL,['L005'],casabus,33.580071,-7.703433,620325.1344263454,3716349.764194937
784,cluster_784,cluster_784_casabus,MOROCCO MALL,['L005'],casabus,33.580301500000004,-7.703122200000001,620353.6594565936,3716375.6835381202
785,cluster_785,cluster_785_casabus,MOSQUEE  DOHA,['L063'],casabus,33.570454999999995,-7.635704300000003,626625.0488114113,3715364.262045717
786,cluster_786,cluster_786_casabus,MOSQUEE  DOHA,['L063'],casabus,33.57050999999999,-7.6360287,626594.8575919863,3715369.9640943166
787,cluster_787,cluster_787_casabus,MOSQUEE AB HORAIRA,"['L097', 'L606']",casabus,33.57353520003748,-7.528162949891048,636602.3126583076,3715842.450082609
788,cluster_788,cluster_788_casabus,MOSQUEE ABIR,"['L043', 'L079', 'L064']",casabus,33.582162200000006,-7.5380459,635671.4877856842,3716786.0605789423
789,cluster_789,cluster_789_casabus,MOSQUEE ABIR,"['L043', 'L079', 'L064']",casabus,33.5824544,-7.537962299999999,635678.7892292108,3716818.570598452
790,cluster_790,cluster_790_casabus,MOSQUEE ADARISSA,['L300'],casabus,33.51565610000001,-7.640884999999999,626223.8328628044,3709281.727536165
791,cluster_791,cluster_791_casabus,MOSQUEE ADARISSA,['L300'],casabus,33.5157449,-7.6413393,626181.5090193669,3709291.021141719
792,cluster_792,cluster_792_casabus,MOSQUEE AFGHANISTAN,"['L063', 'L019', 'L020', 'L072']",casabus,33.5726914,-7.673283100000001,623133.8057585222,3715566.935752632
793,cluster_793,cluster_793_casabus,MOSQUEE AFGHANISTAN,"['L063', 'L019', 'L020', 'L072']",casabus,33.57325929999999,-7.672175599999999,623235.793897572,3715631.222705754
794,cluster_794,cluster_794_casabus,MOSQUEE AHL LOGHLAM,['L902'],casabus,33.597927150002654,-7.495840399973436,639563.1716589555,3718590.2611816814
795,cluster_795,cluster_795_casabus,MOSQUEE AIN CHOC,"['L006', 'L97B', 'L107', 'L097', 'L068', 'L022']",casabus,33.55365690000051,-7.6000457500040115,629960.0633941931,3713545.7949384446
796,cluster_796,cluster_796_casabus,MOSQUEE AL ANSAR,"['L055', 'L604', 'L068']",casabus,33.5291451,-7.528519500000001,636639.0994749417,3710919.815385108
797,cluster_797,cluster_797_casabus,MOSQUEE AL ANSAR,"['L055', 'L604', 'L068']",casabus,33.52926599999999,-7.5281977000000015,636668.7935835826,3710933.645326385
798,cluster_798,cluster_798_casabus,MOSQUEE AL FADL,"['L065', 'L062']",casabus,33.5555449,-7.5134981000000005,637992.108107546,3713867.036606311
799,cluster_799,cluster_799_casabus,MOSQUEE AL FADL,"['L065', 'L062']",casabus,33.55582329999999,-7.513702600000001,637972.6799441505,3713897.634586749
800,cluster_800,cluster_800_casabus,MOSQUEE AL FALAH,['L023'],casabus,33.613082599999984,-7.4939661,639712.6396740037,3720273.3152172435
801,cluster_801,cluster_801_casabus,MOSQUEE AL FALAH,['L023'],casabus,33.61315599999999,-7.4935103000000005,639754.8089037401,3720282.0698166536
802,cluster_802,cluster_802_casabus,MOSQUEE AL IRAQUI,['L306'],casabus,33.512639500008476,-7.700894249975364,620654.4529308011,3708875.8420031755
803,cluster_803,cluster_803_casabus,MOSQUEE AL MAGHFIRA,['L023'],casabus,33.61042090004554,-7.516773249959876,637600.8971252193,3719947.607756544
804,cluster_804,cluster_804_casabus,MOSQUEE ALGERIE,['L800'],casabus,33.6055996,-7.508461800000002,638379.7340947378,3719424.0784217273
805,cluster_805,cluster_805_casabus,MOSQUEE ANNOUR,['L604'],casabus,33.52595650004896,-7.521572500075218,637289.2820437029,3710575.4261305113
806,cluster_806,cluster_806_casabus,MOSQUEE AZHAR,['L051'],casabus,33.542363600003654,-7.692216200027757,621418.9233308354,3712181.801801099
807,cluster_807,cluster_807_casabus,MOSQUEE BAB TAOUBA,"['L056', 'L107', 'L143', 'L120', 'L606', 'L040']",casabus,33.56804225002603,-7.525417049940019,636865.8537345523,3715236.990971395
808,cluster_808,cluster_808_casabus,ROUTE DE L'OASIS,"['L310', 'L031', 'L072', 'L300']",casabus,33.55891657526119,-7.629681324752176,627201.0246682522,3714092.230073407
809,cluster_809,cluster_809_casabus,MOSQUEE BADR,"['L060', 'L038']",casabus,33.5952795,-7.6383215,626345.9271223798,3718113.674939388
810,cluster_810,cluster_810_casabus,MOSQUEE BADR,"['L060', 'L038']",casabus,33.59574129999999,-7.637930800000002,626381.5079441414,3718165.3576107277
811,cluster_811,cluster_811_casabus,MOSQUEE BASATINE,['L905'],casabus,33.664530600048394,-7.358103649884054,652227.1089077103,3726170.083511371
812,cluster_812,cluster_812_casabus,MOSQUEE EL BATHA,"['L306', 'L007']",casabus,33.56587945006811,-7.644391250024995,625825.3620124123,3714846.32913178
813,cluster_813,cluster_813_casabus,MOSQUEE EL FATH,"['L068', 'L109']",casabus,33.54455325002238,-7.679087749974496,622634.8024058195,3712440.046901818
814,cluster_814,cluster_814_casabus,MOSQUEE EL HODA,"['L038', 'L97B', 'L097', 'L143', 'L067', 'L051', 'L060', 'L022', 'L063']",casabus,33.5701869,-7.6127574,628755.3904590961,3715362.8202493833
815,cluster_815,cluster_815_casabus,MOSQUEE EL HODA,"['L038', 'L97B', 'L097', 'L143', 'L067', 'L051', 'L060', 'L022', 'L063']",casabus,33.57078440000001,-7.612877600000001,628743.3462673855,3715428.923452572
816,cluster_816,cluster_816_casabus,MOSQUEE EL HOSNA B,"['L060', 'L063', 'L143']",casabus,33.54361930000001,-7.584320800000001,631435.1533326503,3712452.6245609936
817,cluster_817,cluster_817_casabus,MOSQUEE EL HOSNA B,"['L060', 'L063', 'L143']",casabus,33.5441006,-7.5828999,631566.3542256093,3712507.7951382166
818,cluster_818,cluster_818_casabus,MOSQUEE EL KAOUTAR,"['L038', 'L011']",casabus,33.57146500000001,-7.5938385,630509.5407404655,3715528.215994109
819,cluster_819,cluster_819_casabus,MOSQUEE EL KAOUTAR,"['L038', 'L011']",casabus,33.5717622,-7.593770299999999,630515.4237112363,3715561.2564654313
820,cluster_820,cluster_820_casabus,MOSQUEE EL WAHDA,['L023'],casabus,33.60870859999999,-7.5453677,634950.5965432912,3719720.0814044466
821,cluster_821,cluster_821_casabus,MOSQUEE EL WAHDA,['L023'],casabus,33.60893850000001,-7.5450234,634982.1825622375,3719746.0229087085
822,cluster_822,cluster_822_casabus,MOSQUEE ELFATH,['L905'],casabus,33.663204200017006,-7.364790650074279,651609.3910180437,3726013.1675070315
823,cluster_823,cluster_823_casabus,MOSQUEE HASSAN II,"['L005', 'L056']",casabus,33.60542440002896,-7.629585749987583,627141.6581624432,3719249.2700998713
824,cluster_824,cluster_824_casabus,MOSQUEE HAY EL FARAH,"['L067', 'L072', 'L040', 'L109']",casabus,33.57158885000543,-7.588174300039676,631035.1044293775,3715549.0998290437
825,cluster_825,cluster_825_casabus,MOSQUEE KAOUTAR,['L084'],casabus,33.57459060000001,-7.682136800000001,622309.3497610217,3715767.032970893
826,cluster_826,cluster_826_casabus,MOSQUEE LISSASFA,"['L97B', 'L013']",casabus,33.534617100024256,-7.670234650041871,623470.9209806975,3711348.8207794456
827,cluster_827,cluster_827_casabus,MOSQUEE LMZABIENNE,['L039'],casabus,33.52685830002517,-7.591377100038406,630805.2245197757,3710585.192993849
828,cluster_828,cluster_828_casabus,MOSQUEE MALI,"['L906', 'L907', 'L903']",casabus,33.687725699999994,-7.391645999999999,649076.8900060467,3728693.2541119857
829,cluster_829,cluster_829_casabus,MOSQUEE MALI,"['L906', 'L907', 'L903']",casabus,33.6877984,-7.391179100000001,649120.045367905,3728701.989931618
830,cluster_830,cluster_830_casabus,MOSQUEE MSALLA,"['L143', 'L039', 'L060', 'L068', 'L063']",casabus,33.54559890001858,-7.60228910001046,629763.8417336121,3712649.4899005885
831,cluster_831,cluster_831_casabus,MOSQUEE NASSIM,['L09E'],casabus,33.51978935007406,-7.661519550004952,624301.40810169,3709715.1110217366
832,cluster_832,cluster_832_casabus,MOSQUEE NOUZHA,['L312'],casabus,33.4448615,-7.5140275,638118.6824902399,3701593.3453048747
833,cluster_833,cluster_833_casabus,MOSQUEE OMAR IBN AL KHATTAB,['L310'],casabus,33.3855804,-7.6853373000000005,622277.6140520003,3694805.773018365
834,cluster_834,cluster_834_casabus,MOSQUEE OMAR IBN AL KHATTAB,['L310'],casabus,33.38623929999999,-7.685839200000001,622230.0065053517,3694878.241467754
835,cluster_835,cluster_835_casabus,MOSQUEE OULAD SALH,['L310'],casabus,33.40050020000001,-7.678880099999999,622857.2468808313,3696467.666394825
836,cluster_836,cluster_836_casabus,MOSQUEE OULAD SALH,['L310'],casabus,33.4012983,-7.678312299999999,622908.9290926458,3696556.8294318113
837,cluster_837,cluster_837_casabus,MOSQUEE OULD EL HAMRA,"['L005', 'L056']",casabus,33.6024723,-7.618283700000002,628194.6668243433,3718935.8728528353
838,cluster_838,cluster_838_casabus,MOSQUEE OULD EL HAMRA,"['L005', 'L056']",casabus,33.6026473,-7.618549100000002,628169.7823562208,3718954.9487676015
839,cluster_839,cluster_839_casabus,MOSQUEE QODS,"['L023', 'L082']",casabus,33.61044659999999,-7.4979593,639346.4057404345,3719975.6350716054
840,cluster_840,cluster_840_casabus,MOSQUEE QODS,['L023'],casabus,33.61099910000001,-7.4968457,639448.8353018662,3720038.39975046
841,cluster_841,cluster_841_casabus,MOSQUEE QUARTIER INDUSTRIEL,['L065'],casabus,33.629843700000016,-7.496990000000001,639405.0895572334,3722127.808752786
842,cluster_842,cluster_842_casabus,MOSQUEE ROI ABDALLAH,['L307'],casabus,33.46797459999999,-7.656076900000003,624881.271068851,3703976.3785995794
843,cluster_843,cluster_843_casabus,MOSQUEE ROI ABDALLAH,['L307'],casabus,33.468263900000004,-7.6559738,624890.4370735885,3704008.580288667
844,cluster_844,cluster_844_casabus,MOSQUEE SONNA,"['L97B', 'L097', 'L143', 'L068', 'L063']",casabus,33.561495600057256,-7.609004450052605,629116.6815594353,3714403.7738466407
845,cluster_845,cluster_845_casabus,MOSQUEE TAHA,['L107'],casabus,33.551326750003724,-7.612389200018933,628817.5714561092,3713272.0106652286
846,cluster_846,cluster_846_casabus,MOSQUEE TAMARIS,['L301'],casabus,33.499407,-7.8678106,605167.25012323,3707227.0152819324
847,cluster_847,cluster_847_casabus,MOSQUEE TAMARIS,['L301'],casabus,33.4995612,-7.8670715,605235.7208398182,3707244.861743805
848,cluster_848,cluster_848_casabus,MOSQUEE YACOUT,"['L039', 'L107', 'L097', 'L97B']",casabus,33.54972620001786,-7.5904050499867886,630861.0236200023,3713122.0781882964
849,cluster_849,cluster_849_casabus,MSALLA DE AIN CHOK1,['L068'],casabus,33.54663140000001,-7.599810800000002,629992.3993024656,3712767.0817215876
850,cluster_850,cluster_850_casabus,MUNICIPALITE DEROUA,['L312'],casabus,33.37540750002419,-7.541393999924516,635682.7678169084,3693856.135019914
851,cluster_851,cluster_851_casabus,MUNICIPALITE NOUACEUR,['L312'],casabus,33.37270600000001,-7.5493182999999995,634949.7419895823,3693546.2917802995
852,cluster_852,cluster_852_casabus,MUNICIPALITE NOUACEUR,['L312'],casabus,33.372977,-7.5492209,634958.3847724911,3693576.46673752
853,cluster_853,cluster_853_casabus,NEJMET SIDI MOUMEN,['L097'],casabus,33.583971350007104,-7.506152749968246,638628.5847177531,3717028.9101268994
854,cluster_854,cluster_854_casabus,OFFICE AGRICOLE,['L600'],casabus,33.453593900002595,-7.5098529499803055,638492.8506735046,3702567.175294381
855,cluster_855,cluster_855_tram,Ain Borja,"['L120', 'L062', 'T4', 'L011']",tram,33.580255700057705,-7.5916798667609475,630696.6519389594,3716505.681360765
855,cluster_855,cluster_855_casabus,Ain Borja,"['L120', 'L062', 'T4', 'L011']",casabus,33.580255700057705,-7.5916798667609475,630696.6519389594,3716505.681360765
856,cluster_856,cluster_856_casabus,OFPPT AIN SEBAA,"['L023', 'L608']",casabus,33.60915495006092,-7.529254550042747,636444.8858208848,3719790.7048435793
857,cluster_857,cluster_857_casabus,OFPPT BOULEVARD BAHMAD,['L090'],casabus,33.587479250002716,-7.594106099998172,630460.5980952835,3717303.595114179
858,cluster_858,cluster_858_casabus,OFPPT DERB GHALLEF,"['L97B', 'L063', 'L097', 'L051']",casabus,33.5699799500016,-7.631230349986217,627041.0185871907,3715317.0650851796
859,cluster_859,cluster_859_casabus,OFPPT EL HANK,['L038'],casabus,33.60277610000105,-7.64562960000943,625656.9062417886,3718936.024234903
860,cluster_860,cluster_860_casabus,OFPPT ROUTE MARRAKECH,['L310'],casabus,33.5224199,-7.6342129,626833.6565106147,3710039.847759794
861,cluster_861,cluster_861_casabus,OFPPT ROUTE MARRAKECH,['L310'],casabus,33.52280379999999,-7.63498,626761.854381782,3710081.4774973453
862,cluster_862,cluster_862_casabus,OFPPT SIDI MOUMEN,"['L097', 'L606']",casabus,33.57480225008682,-7.522313599909394,637143.2380076642,3715990.676492207
863,cluster_863,cluster_863_casabus,ONEP BOUSKOURA,"['L310', 'L300']",casabus,33.49443665000694,-7.629844899947719,627280.2914784472,3706942.368709973
864,cluster_864,cluster_864_casabus,ORPHELINAT DE AIN CHOC,"['L039', 'L107', 'L097', 'L97B']",casabus,33.549314550011374,-7.594327250016894,630497.492941678,3713071.4878885685
865,cluster_865,cluster_865_casabus,OUED EL MALEH,['L902'],casabus,33.65183090000238,-7.405701049972677,647835.4286473601,3724692.722307175
866,cluster_866,cluster_866_casabus,OUED HASSAR,['L606'],casabus,33.538032600003746,-7.419780050033558,646722.4066851322,3712053.8981878734
867,cluster_867,cluster_867_casabus,OUED NASSIM,"['L107', 'L09E']",casabus,33.521427150000896,-7.664942400005632,623981.1765069003,3709892.615796394
868,cluster_868,cluster_868_casabus,OULED BA HMAD,['L903'],casabus,33.61494255002154,-7.350093100074448,653057.6228506349,3720683.124058736
869,cluster_869,cluster_869_casabus,OULED HARRES,['L055'],casabus,33.577933800000004,-7.5674621,632947.8816069069,3716279.0464300895
870,cluster_870,cluster_870_casabus,OULED HARRES,"['L039', 'L32D', 'L055']",casabus,33.57798879999999,-7.568148000000002,632884.1365844294,3716284.264764062
871,cluster_871,cluster_871_casabus,OULED ISSA,['L306'],casabus,33.47129770000001,-7.775520899999999,613777.1414293887,3704207.617666905
872,cluster_872,cluster_872_casabus,OULED ISSA,['L306'],casabus,33.4713556,-7.7750808,613817.9617499668,3704214.5197196305
873,cluster_873,cluster_873_casabus,OULED TALEB,['L309'],casabus,33.536371450048776,-7.617652650012702,628351.01870797,3711607.200298435
874,cluster_874,cluster_874_casabus,OULFA PRESTIGE,"['L050', 'L051']",casabus,33.54168930000001,-7.712635999999999,619523.8845128699,3712083.305350837
875,cluster_875,cluster_875_casabus,OUM RAYAT,['L905'],casabus,33.66266360006465,-7.371910799979189,650950.1174348347,3725942.7960506515
876,cluster_876,cluster_876_casabus,P3003 SIDI MOUSSA,['L903'],casabus,33.568034200009855,-7.377785000025644,650569.9492959741,3715440.924285276
877,cluster_877,cluster_877_casabus,P3011 BOUSKOURA,['L307'],casabus,33.45516325003003,-7.650175750041051,625448.1190706806,3702562.9602890224
878,cluster_878,cluster_878_casabus,PALAIS ATLAS,"['L120', 'L606']",casabus,33.567135199999996,-7.5094966,638345.1134979511,3715157.560813111
879,cluster_879,cluster_879_casabus,PALAIS ATLAS,"['L120', 'L606']",casabus,33.56742229999999,-7.509385399999999,638354.9776963631,3715189.5443860977
880,cluster_880,cluster_880_casabus,PALAIS DES AMBASSADES,['L306'],casabus,33.52527320000629,-7.683794599952708,622224.9187698519,3710296.6945388266
881,cluster_881,cluster_881_casabus,PALAIS ROYAL AIN GUEDDID,['L301'],casabus,33.55886685003877,-7.7243428499125875,618413.4637362759,3713974.5284772124
882,cluster_882,cluster_882_casabus,PALMIER,['L090'],casabus,33.57971850001302,-7.632343549967326,626923.4328961546,3716395.537447723
883,cluster_883,cluster_883_casabus,PALMIER ABDELMOUMEN,"['L006', 'L019', 'L038']",casabus,33.581205700000005,-7.6245608,627643.5641852482,3716570.0080042104
884,cluster_884,cluster_884_casabus,PALMIER ABDELMOUMEN,"['L006', 'L019', 'L038', 'L067']",casabus,33.581780499999994,-7.624051200000002,627690.0128886196,3716634.37178245
885,cluster_885,cluster_885_casabus,PANORAMIQUE,['L107'],casabus,33.552632,-7.6069343,629322.0658828075,3713423.533869031
886,cluster_886,cluster_886_casabus,PANORAMIQUE,['L107'],casabus,33.552918399999996,-7.607083300000001,629307.8059448898,3713455.104789032
887,cluster_887,cluster_887_casabus,PARC (MOH),['L906'],casabus,33.70576555000419,-7.397480450012551,648504.9959604708,3730685.273593818
888,cluster_888,cluster_888_casabus,PARC HAY HASSANI,"['L063', 'L019', 'L020', 'L072']",casabus,33.570613200000004,-7.6782154,622678.9428103649,3715330.6487870975
889,cluster_889,cluster_889_casabus,PARC INDUSTRIEL,"['L310', 'L307']",casabus,33.442585700046585,-7.650868999903514,625401.7897113322,3701167.5214433214
890,cluster_890,cluster_890_casabus,PARC LE LAC,"['L060', 'L056']",casabus,33.60249275000089,-7.63611740000827,626539.9159332352,3718916.1944871647
891,cluster_891,cluster_891_casabus,PARK DE BOUSKOURA,['L309'],casabus,33.47376679999999,-7.6176512,628443.6220127556,3704665.4846102414
892,cluster_892,cluster_892_casabus,PARK.BOUS,['L309'],casabus,33.47445369999999,-7.617364899999999,628469.2122252414,3704742.0031071105
893,cluster_893,cluster_893_casabus,PEAGE NOUACEUR,['L312'],casabus,33.3909261,-7.6076202,629498.7525244881,3695492.494650846
894,cluster_894,cluster_894_casabus,PEAGE NOUACEUR,['L312'],casabus,33.391252699999995,-7.6078282,629478.9215439255,3695528.4493039674
895,cluster_895,cluster_895_casabus,PENETRATION AZBANE,"['L107', 'L307', 'L09E']",casabus,33.5305274500335,-7.665335350088229,623931.6976563444,3710901.1993809184
896,cluster_896,cluster_896_casabus,PEPINIERE BOUSKOURA,['L307'],casabus,33.48834895002794,-7.67431300000175,623157.760386533,3706213.7172760223
897,cluster_897,cluster_897_casabus,PEPINIERE DAR BOUAZZA,['L301'],casabus,33.5158269,-7.8096611000000005,610548.0785674897,3709108.0646347688
898,cluster_898,cluster_898_casabus,PEPINIERE DAR BOUAZZA,['L301'],casabus,33.516209,-7.8095053,610562.0625581193,3709150.5974242343
899,cluster_899,cluster_899_casabus,PEPINIERE DERB GHALLEF,"['L97B', 'L097']",casabus,33.573811899999995,-7.6347669000000025,626707.1531220813,3715737.630239152
900,cluster_900,cluster_900_casabus,PEPINIERE DERB GHALLEF,"['L97B', 'L097']",casabus,33.574071999999994,-7.634885500000001,626695.7649776195,3715766.3257463174
901,cluster_901,cluster_901_casabus,PEPINIERE OASIS,['L072'],casabus,33.56192250005189,-7.628519099934055,627304.5059093174,3714426.962018999
902,cluster_902,cluster_902_casabus,PEPINIERE ORIKA,['L300'],casabus,33.515651850006705,-7.632687350031976,626985.2285371958,3709291.260889204
903,cluster_903,cluster_903_casabus,PETIT ZENATA,['L900'],casabus,33.64166669999999,-7.4965815000000005,639423.9224078694,3723439.3684846414
904,cluster_904,cluster_904_casabus,PETIT ZENATA,['L900'],casabus,33.64191019999999,-7.496784900000001,639404.6652862285,3723466.095055418
905,cluster_905,cluster_905_casabus,PHARE EL HANK,['L005'],casabus,33.6066253,-7.6512897,625126.1692215354,3719355.9773306996
906,cluster_906,cluster_906_casabus,PHARE EL HANK,['L005'],casabus,33.6067826,-7.651008200000001,625152.0598415349,3719373.7596009225
907,cluster_907,cluster_907_casabus,PHARMACIE AL ATFAL,"['L09E', 'L084']",casabus,33.5522228,-7.6896919,621639.4852241273,3713277.961593349
908,cluster_908,cluster_908_casabus,PLACE SIDI MOHAMED,['L600'],casabus,33.453753750001255,-7.51702555000248,637825.9240896777,3702575.362536933
909,cluster_909,cluster_909_casabus,PLAGE LALLA MERIEM,['L005'],casabus,33.60321355006112,-7.6600215999957895,624320.9097376808,3718967.1499809325
910,cluster_910,cluster_910_casabus,PLAGE OULAD HMIMOUN,['L900'],casabus,33.668591199999995,-7.4412859,644507.3817423382,3726500.906307658
911,cluster_911,cluster_911_casabus,PLAGE OULAD HMIMOUN,['L900'],casabus,33.6689309,-7.441575900000001,644479.9252978431,3726538.1693637585
912,cluster_912,cluster_912_casabus,PLAGE PALOMA,['L900'],casabus,33.6599298,-7.4605895,642731.896886703,3725513.632093582
913,cluster_913,cluster_913_casabus,PLAGE PALOMA,['L900'],casabus,33.660196799999994,-7.4606771,642723.3329983817,3725543.118051874
914,cluster_914,cluster_914_casabus,PLAGE RAHA,['L900'],casabus,33.618500350008375,-7.543403349960794,635117.566669661,3720808.40347678
915,cluster_915,cluster_915_casabus,PLAGE SAADA,['L900'],casabus,33.6193042,-7.5346517,635928.198112827,3720909.0031797495
916,cluster_916,cluster_916_casabus,PLAGE SAADA,['L900'],casabus,33.619669699999996,-7.534636800000002,635929.0063498905,3720949.5513379956
917,cluster_917,cluster_917_casabus,POLE URBAIN NOUACEUR,['L312'],casabus,33.383019299999994,-7.5518868,634694.8825469742,3694686.514159012
918,cluster_918,cluster_918_casabus,POLE URBAIN NOUACEUR,['L312'],casabus,33.3830536,-7.5522335,634662.5789548178,3694689.8688311004
919,cluster_919,cluster_919_casabus,POLYCLINIQUE CNSS BERNOUSSI,['L082'],casabus,33.61132290000241,-7.5016307500218,639004.3629100666,3720067.866088885
920,cluster_920,cluster_920_casabus,POLYCLINIQUE CNSS INARA,"['L143', 'L060', 'L068', 'L022', 'L063']",casabus,33.539818950017434,-7.59850919995804,630123.4601239295,3712013.331202986
921,cluster_921,cluster_921_casabus,POLYCLINIQUE CNSS OUM RABIA,['L109'],casabus,33.5672306,-7.667609999999999,623668.1558701975,3714968.1894535283
922,cluster_922,cluster_922_casabus,PONT ANOUAL,"['L120', 'L062']",casabus,33.5704893,-7.5780882,631972.9692980153,3715439.982387605
923,cluster_923,cluster_923_casabus,PONT ANOUAL,"['L120', 'L062']",casabus,33.5707736,-7.577814000000001,631997.9880971031,3715471.855989062
924,cluster_924,cluster_924_casabus,PONT AUTOROUTE A1,"['L055', 'L604', 'L068']",casabus,33.5367003,-7.5389936,635654.6064445602,3711743.8121262486
925,cluster_925,cluster_925_casabus,PONT AUTOROUTE A1,"['L055', 'L604', 'L068']",casabus,33.53718840000001,-7.538983300000001,635654.8002466935,3711797.9480057866
926,cluster_926,cluster_926_casabus,PONT ONCF,"['L800', 'L904']",casabus,33.64638269999999,-7.4450571000000005,644194.7729739348,3724032.987827803
927,cluster_927,cluster_927_casabus,PONT ONCF,['L800'],casabus,33.6466389,-7.4453551000000004,644166.7086427571,3724060.9815794122
928,cluster_928,cluster_928_casabus,POSTE DE POLICE BOUTALEB,['L084'],casabus,33.57310375004854,-7.685290049881468,622018.7725817652,3715598.449418688
929,cluster_929,cluster_929_casabus,POSTE DE POLICE GARE ROUTIERE,"['L020', 'L109']",casabus,33.57494840001006,-7.590249000006848,630837.4613489099,3715918.995813047
930,cluster_930,cluster_930_casabus,POSTE MAROC (ZOLA),"['L023', 'L139', 'L033', 'L082']",casabus,33.59569235001018,-7.593876049988624,630469.5793448414,3718214.5840679575
931,cluster_931,cluster_931_casabus,PREFECTURE MEDIOUNA,"['L120', 'L606']",casabus,33.55969935003854,-7.48995900010215,640170.7289453144,3714359.2978584846
932,cluster_932,cluster_932_casabus,PREFECTURE NOUACER,"['L310', 'L309', 'L300']",casabus,33.46578590000001,-7.638494,626518.4270786913,3703754.9719163766
933,cluster_933,cluster_933_casabus,PREFECTURE NOUACER,"['L310', 'L309', 'L300']",casabus,33.46619549999999,-7.638694,626499.2454692884,3703800.145101651
934,cluster_934,cluster_934_casabus,PRESTIGIA,['L309'],casabus,33.4745337,-7.6094803,629201.7572170177,3704760.655194654
935,cluster_935,cluster_935_casabus,PRISON OKACHA,['L023'],casabus,33.607570300071444,-7.557996450012337,633780.6512712506,3719577.463633806
936,cluster_936,cluster_936_casabus,PROJET SALAM,['L608'],casabus,33.58895260001498,-7.4861339500380435,640478.4161371416,3717608.2405682104
937,cluster_937,cluster_937_casabus,PROMENADE MARITIME,['L005'],casabus,33.60372635000216,-7.641646400019477,626025.1071403988,3719046.2338187825
938,cluster_938,cluster_938_casabus,PROTECTION CIVIL AIN SEBAA,['L023'],casabus,33.606148250010065,-7.550545299982133,634474.1911712734,3719429.437362177
939,cluster_939,cluster_939_casabus,PROTECTION CIVIL BOUSKOURA,['L300'],casabus,33.432596450028385,-7.639635350020111,626460.528923509,3700073.5204239357
940,cluster_940,cluster_940_casabus,PROTECTION CIVIL EL QODS,['L800'],casabus,33.621982750031705,-7.487778299927616,640272.3005221284,3721268.591646668
941,cluster_941,cluster_941_casabus,PROTECTION CIVIL MOHAMMEDIA,"['L32D', 'L800', 'L904', 'L900']",casabus,33.68259655001046,-7.408214250039835,647549.8059439482,3728100.691707849
942,cluster_942,cluster_942_casabus,PROTECTION CIVILE,['L309'],casabus,33.54788210000001,-7.622223099999999,627909.6581213259,3712877.879748253
943,cluster_943,cluster_943_casabus,PROTECTION CIVILE,['L309'],casabus,33.5484494,-7.6221658,627914.1419921555,3712940.8540832847
944,cluster_944,cluster_944_casabus,PTT BIR ANZARAN,"['L97B', 'L097']",casabus,33.580111,-7.6371361,626478.0614596899,3716433.1956409295
945,cluster_945,cluster_945_casabus,PTT BIR ANZARAN,"['L97B', 'L097']",casabus,33.580133899999986,-7.6367373,626515.0406650853,3716436.221970793
946,cluster_946,cluster_946_casabus,PTT HAY ALAMAL,"['L604', 'L038', 'L011']",casabus,33.567878750071806,-7.590675349955424,630808.5538243873,3715134.5502321916
947,cluster_947,cluster_947_casabus,PTT ROUDANI,"['L306', 'L007']",casabus,33.56985290000001,-7.6435505,625897.6363004221,3715287.9362576595
948,cluster_948,cluster_948_casabus,PTT ROUDANI,"['L306', 'L007']",casabus,33.570642600000006,-7.6432488,625924.4935903191,3715375.866841778
949,cluster_949,cluster_949_casabus,Prestigia,['L309'],casabus,33.4740498,-7.609354000000001,629214.2118765954,3704707.156799451
950,cluster_950,cluster_950_casabus,QADI TAZI (SOS),"['L906', 'L902', 'L907']",casabus,33.67811259999999,-7.3962812,648663.7658720891,3727620.583349135
951,cluster_951,cluster_951_casabus,QADI TAZI (SOS),"['L906', 'L902', 'L907']",casabus,33.67839909999999,-7.3965041,648642.6079121525,3727652.0322622997
952,cluster_952,cluster_952_casabus,QUARTIER ANFA MOHAMMEDIA,['L905'],casabus,33.69092825000977,-7.370708450018036,651012.1711451593,3729078.808842704
953,cluster_953,cluster_953_casabus,QUARTIER DRISSIA,"['L079', 'L056', 'L109']",casabus,33.56360409999999,-7.5917481,630715.4195816931,3714659.208779724
954,cluster_954,cluster_954_casabus,QUARTIER DRISSIA,"['L079', 'L056', 'L109']",casabus,33.56391919999999,-7.5922093,630672.1324179852,3714693.5663171015
955,cluster_955,cluster_955_casabus,QUARTIER INDUSTRIEL MEDIOUNA,['L120'],casabus,33.53989590009717,-7.494017649984511,639825.8534587552,3712157.9101644806
956,cluster_956,cluster_956_casabus,QUARTIER NASSIM,['L907'],casabus,33.6786712,-7.400604800000001,648261.9712050247,3727676.3112041084
957,cluster_957,cluster_957_casabus,QUARTIER NASSIM,['L907'],casabus,33.6788809,-7.400239200000001,648295.5051603393,3727700.089495511
958,cluster_958,cluster_958_casabus,QUARTIER POLO,"['L97B', 'L107', 'L097', 'L060', 'L068']",casabus,33.553984099999994,-7.603113900000001,629674.7308122548,3713578.2324589165
959,cluster_959,cluster_959_casabus,QUARTIER POLO,"['L97B', 'L107', 'L097', 'L060', 'L068']",casabus,33.5540214,-7.6036473,629625.1550363431,3713581.701076823
960,cluster_960,cluster_960_casabus,QUARTIER TAKADOUM,['L039'],casabus,33.5856240000038,-7.567780100029787,632906.5743382617,3717131.3587186355
961,cluster_961,cluster_961_casabus,RESIDENCE ABOUAB OUM RABIA,"['L068', 'L109']",casabus,33.5604242,-7.6724343,623230.0180254548,3714207.7349259434
962,cluster_962,cluster_962_casabus,RESIDENCE ABOUAB OUM RABIA,"['L068', 'L109']",casabus,33.560762199999985,-7.672250999999999,623246.5536563912,3714245.4309765752
963,cluster_963,cluster_963_casabus,RESIDENCE ABWAB SALAM,"['L904', 'L608']",casabus,33.581206500051294,-7.4781400499815165,641232.897393024,3716760.182976958
964,cluster_964,cluster_964_casabus,RESIDENCE AL AMANE,"['L065', 'L090']",casabus,33.59515800001426,-7.539236799962924,635540.6314934108,3718225.536364337
965,cluster_965,cluster_965_casabus,RESIDENCE AL AMANE 2,"['L065', 'L090']",casabus,33.593763300004845,-7.544977099968686,635010.1318293535,3718063.384198581
966,cluster_966,cluster_966_casabus,RESIDENCE AL BADR,"['T2', 'L065', 'L090']",casabus,33.59910776670335,-7.533071200039297,636106.5649191428,3718671.596084719
966,cluster_966,cluster_966_tram,RESIDENCE AL BADR,"['T2', 'L065', 'L090']",tram,33.59910776670335,-7.533071200039297,636106.5649191428,3718671.596084719
967,cluster_967,cluster_967_casabus,RESIDENCE AL BAIDA EL QODS,['L023'],casabus,33.61437415002283,-7.4879907000221575,640264.9264922775,3720424.614884402
968,cluster_968,cluster_968_casabus,RESIDENCE AL FADL,"['L065', 'L062']",casabus,33.55338625003473,-7.517660349928412,637609.1158609696,3713622.1407426097
969,cluster_969,cluster_969_casabus,RESIDENCE AL FAJR,['L306'],casabus,33.504924600000486,-7.7140932000031395,619439.1196802927,3708005.1409260053
970,cluster_970,cluster_970_casabus,RESIDENCE AL FIRDAOUS,"['L97B', 'L013']",casabus,33.55833495002924,-7.668077750025554,623637.4166408749,3713981.2647213833
971,cluster_971,cluster_971_casabus,RESIDENCE AL HOUDA,['L606'],casabus,33.58210605004144,-7.524422400017103,636935.9661561323,3716797.7666933513
972,cluster_972,cluster_972_casabus,RESIDENCE AL WIFAK,"['L065', 'L090']",casabus,33.59667380000628,-7.5366315499689245,635780.0108777094,3718397.029887129
973,cluster_973,cluster_973_casabus,RESIDENCE ALASSIL,"['L139', 'L090']",casabus,33.59329760000655,-7.561146399958604,633510.3922168035,3717990.775003187
974,cluster_974,cluster_974_casabus,RESIDENCE ALKIMA,['L079'],casabus,33.59229779999999,-7.5012167,639073.3251551241,3717958.811515194
975,cluster_975,cluster_975_casabus,RESIDENCE ALKIMA,"['L079', 'L608']",casabus,33.59274469999999,-7.5011692,639077.0157102235,3718008.4300627685
976,cluster_976,cluster_976_casabus,RESIDENCE ANDALOUS,['L902'],casabus,33.66442460005448,-7.399397300032239,648398.3912261265,3726098.2553575677
977,cluster_977,cluster_977_casabus,RESIDENCE ANNACER,"['L600', 'L056']",casabus,33.56896755006913,-7.596066450086448,630306.4955270524,3715248.4856108376
978,cluster_978,cluster_978_casabus,RESIDENCE ASSALAM,"['L043', 'L090', 'L055']",casabus,33.58531060000001,-7.5815242,631631.5284062984,3717079.050930863
979,cluster_979,cluster_979_casabus,RESIDENCE ASSALAM,"['L043', 'L090', 'L055']",casabus,33.5856343,-7.581342000000002,631647.9458038377,3717115.1756670657
980,cluster_980,cluster_980_casabus,RESIDENCE BAB EL BAIDA 1,['L023'],casabus,33.6163684,-7.4829962,640725.052498943,3720652.532038303
981,cluster_981,cluster_981_casabus,RESIDENCE BAB EL BAIDA 1,['L023'],casabus,33.6166174,-7.482811899999999,640741.7457995487,3720680.3934256705
982,cluster_982,cluster_982_casabus,RESIDENCE BACHKOU,"['L107', 'L031', 'L007', 'L300']",casabus,33.532931100004866,-7.647221349982651,625610.3375577665,3711189.515516804
983,cluster_983,cluster_983_casabus,RESIDENCE BASSATIN ALOULFA,"['L050', 'L051']",casabus,33.547790100097146,-7.702248899985228,620479.8596281193,3712771.791972061
984,cluster_984,cluster_984_casabus,Residence Bassatin Aloulfa 2,['L051'],casabus,33.54371270001093,-7.697366000040211,620938.8870900453,3712325.3716754336
985,cluster_985,cluster_985_casabus,RESIDENCE BOUAARFA,"['L060', 'L011']",casabus,33.60076275000227,-7.636251899980828,626529.9635158738,3718724.2022704985
986,cluster_986,cluster_986_casabus,RESIDENCE CHARAF,"['L043', 'L079', 'L064']",casabus,33.58566150005673,-7.527034500003687,636687.9305154386,3717188.5611280194
987,cluster_987,cluster_987_casabus,RESIDENCE CHIFAE,['L007'],casabus,33.58342835000081,-7.631833800005889,626965.3087553182,3716807.5210490036
988,cluster_988,cluster_988_casabus,RESIDENCE DANDOUN,['L300'],casabus,33.51474370001773,-7.64625609995417,625726.2911551896,3709174.036913597
989,cluster_989,cluster_989_casabus,RESIDENCE DES OLIVIERS,['L097'],casabus,33.586119900031164,-7.502720749953391,638943.6568545005,3717271.752925122
990,cluster_990,cluster_990_casabus,RESIDENCE EL AHALI,"['L031', 'L007', 'L300']",casabus,33.516332999999996,-7.654483099999999,624959.8838580596,3709340.32042736
991,cluster_991,cluster_991_casabus,RESIDENCE EL AHALI,"['L031', 'L007', 'L300']",casabus,33.51675959999999,-7.654131900000001,624991.8889656737,3709388.0455166157
992,cluster_992,cluster_992_casabus,RESIDENCE EL ALIA,"['L904', 'L608']",casabus,33.571707999999994,-7.482393399999999,640853.5707339111,3715701.1430119956
993,cluster_993,cluster_993_casabus,RESIDENCE EL ALIA,"['L904', 'L608']",casabus,33.5717172,-7.482058199999999,640884.6695412482,3715702.61903755
994,cluster_994,cluster_994_casabus,RESIDENCE EL BAIDA,"['L902', 'L033']",casabus,33.5934695,-7.498688300000002,639306.0743795716,3718092.1356477994
995,cluster_995,cluster_995_casabus,RESIDENCE EL BAIDA,"['L902', 'L033']",casabus,33.59414399999999,-7.498895799999999,639285.7343760559,3718166.6487591565
996,cluster_996,cluster_996_casabus,RESIDENCE EL HADIKA,"['L033', 'L082']",casabus,33.6032361,-7.529428000000002,636438.1185783132,3719134.1633532415
997,cluster_997,cluster_997_casabus,RESIDENCE EL HADIKA,['L082'],casabus,33.603378799999994,-7.5283503,636537.8900505275,3719151.4079243806
998,cluster_998,cluster_998_casabus,RESIDENCE EL HAMD,"['L107', 'L056', 'L040']",casabus,33.55625299999999,-7.5438276,635175.2744153731,3713905.5773679554
999,cluster_999,cluster_999_casabus,RESIDENCE EL HAMD,"['L107', 'L056', 'L040']",casabus,33.5564221,-7.5440906000000005,635150.5948609536,3713923.9848154425
1000,cluster_1000,cluster_1000_casabus,RESIDENCE EL HORRIA,"['L906', 'L900']",casabus,33.6898536,-7.377794200000001,650357.226706,3728949.300302426
1001,cluster_1001,cluster_1001_casabus,RESIDENCE EL HORRIA,"['L906', 'L900']",casabus,33.6900925,-7.378034800000001,650334.5078253502,3728975.4415071113
1002,cluster_1002,cluster_1002_casabus,RESIDENCE EL HOSSAINI,['L019'],casabus,33.576909699999995,-7.639274500000002,626284.2600481726,3716075.617435737
1003,cluster_1003,cluster_1003_casabus,RESIDENCE EL HOSSAINI,['L019'],casabus,33.577274599999996,-7.6385113,626354.563393684,3716117.00934709
1004,cluster_1004,cluster_1004_casabus,RESIDENCE EL KAWTAR,"['L079', 'L608']",casabus,33.59448680000226,-7.511690449985012,638097.8822389519,3718187.5182652446
1005,cluster_1005,cluster_1005_casabus,RESIDENCE EL MAJD,"['L97B', 'L063', 'L097', 'L051']",casabus,33.57074315000341,-7.634671199962322,626720.5204474439,3715397.476194461
1006,cluster_1006,cluster_1006_casabus,RESIDENCE EL MANSOUR,"['L019', 'L020', 'L143', 'L068', 'L063']",casabus,33.572790499999996,-7.648668700000001,625418.3116809949,3715607.4557298874
1007,cluster_1007,cluster_1007_casabus,RESIDENCE EL MANSOUR,"['L019', 'L020', 'L143', 'L068', 'L063']",casabus,33.573307299999996,-7.6494902,625341.3148948186,3715663.765378894
1008,cluster_1008,cluster_1008_casabus,RESIDENCE EL MOSTAKBAL,"['L107', 'L031', 'L007', 'L300']",casabus,33.529633399999994,-7.6488179999999995,625466.8363001731,3710821.92792902
1009,cluster_1009,cluster_1009_casabus,RESIDENCE EL MOSTAKBAL,"['L107', 'L031', 'L007', 'L300']",casabus,33.5299671,-7.648601,625486.5056006758,3710859.191712546
1010,cluster_1010,cluster_1010_casabus,RESIDENCE ELFATH,['L905'],casabus,33.66251345000092,-7.368444599989703,651271.7866581273,3725931.2151697045
1011,cluster_1011,cluster_1011_casabus,RESIDENCE ELMOUAHIDINE,['L043'],casabus,33.5858349,-7.548075500000001,634734.938153371,3717180.2105620746
1012,cluster_1012,cluster_1012_casabus,RESIDENCE ELMOUAHIDINE,['L043'],casabus,33.586087,-7.5482262,634720.5604923794,3717207.9684534874
1013,cluster_1013,cluster_1013_casabus,RESIDENCE FLEURS DE LYS,"['L907', 'L32D', 'L800', 'L904']",casabus,33.70411195001565,-7.3704076499396285,651016.9786635253,3730541.18860244
1014,cluster_1014,cluster_1014_casabus,RESIDENCE HLIWA,['L139'],casabus,33.59996670001731,-7.535957799914049,635837.3666675218,3718763.0468428098
1015,cluster_1015,cluster_1015_casabus,RESIDENCE IDMAJ,"['L055', 'L107', 'L068']",casabus,33.5523332,-7.5503952000000005,634571.6378855587,3713462.3866158314
1016,cluster_1016,cluster_1016_casabus,RESIDENCE IDMAJ,"['L055', 'L107', 'L068']",casabus,33.552839699999986,-7.5506291999999995,634549.1276720999,3713518.2454708386
1017,cluster_1017,cluster_1017_casabus,RESIDENCE JAD VICTORIA,['L307'],casabus,33.414631050028916,-7.68016179993557,622718.1714061152,3698032.968959907
1018,cluster_1018,cluster_1018_casabus,RESIDENCE LES CHAMPS DE LYS,['L905'],casabus,33.6898324,-7.3638931,651645.8490239866,3728967.2789645283
1019,cluster_1019,cluster_1019_casabus,RESIDENCE LES CHAMPS DE LYS,['L905'],casabus,33.69027020000001,-7.363933200000002,651641.3627109358,3729015.76769565
1020,cluster_1020,cluster_1020_casabus,RESIDENCE NAIM,"['L904', 'L608']",casabus,33.56198839999999,-7.4852742,640601.9283376626,3714619.46749523
1021,cluster_1021,cluster_1021_casabus,RESIDENCE NAIM,"['L904', 'L608']",casabus,33.5620199,-7.485682100000001,640564.0111883511,3714622.4068996017
1022,cluster_1022,cluster_1022_casabus,RESIDENCE NARJIS,['L107'],casabus,33.5281265500016,-7.658428350012686,624576.5441231021,3710643.2600188632
1023,cluster_1023,cluster_1023_casabus,RESIDENCE OUDAYA,"['L033', 'L082']",casabus,33.602163100000006,-7.523432399999999,636996.1293409042,3719023.1036420157
1024,cluster_1024,cluster_1024_casabus,RESIDENCE OUDAYA,"['L033', 'L082']",casabus,33.6023624,-7.5238984,636952.574905857,3719044.586338416
1025,cluster_1025,cluster_1025_casabus,RESIDENCE RAYAN VICTORIA,['L307'],casabus,33.41738525003636,-7.67917284999246,622806.2524557479,3698339.519651097
1026,cluster_1026,cluster_1026_casabus,RESIDENCE RIAD AL OULFA,"['L019', 'L020', 'L005']",casabus,33.55622290000874,-7.697261999955326,620931.1094512476,3713712.638517615
1027,cluster_1027,cluster_1027_casabus,RESIDENCE ROKIA,['L903'],casabus,33.68361585003611,-7.371763250010971,650927.1806794605,3728266.3964243266
1028,cluster_1028,cluster_1028_casabus,RESIDENCE SAADA,"['L043', 'L079', 'L064', 'L606']",casabus,33.588086600000004,-7.522802900000001,637076.811416035,3717463.0625279336
1029,cluster_1029,cluster_1029_casabus,RESIDENCE SAADA,"['L043', 'L079', 'L064', 'L606']",casabus,33.58834670000001,-7.5228958,637067.778563488,3717491.7807283513
1030,cluster_1030,cluster_1030_casabus,RESIDENCE SAFA,"['L120', 'L606']",casabus,33.56863465003264,-7.515658700102148,637770.7290411037,3715315.614741784
1031,cluster_1031,cluster_1031_casabus,RESIDENCE SALMA,['L107'],casabus,33.5489249,-7.554471500000001,634198.4605974407,3713079.1757412353
1032,cluster_1032,cluster_1032_casabus,RESIDENCE SALMA,['L107'],casabus,33.5492184,-7.5547832,634169.0671472314,3713111.3165726108
1033,cluster_1033,cluster_1033_casabus,RESIDENCE SHEMSI,['L060'],casabus,33.592521299999994,-7.637377300000001,626437.5681824782,3717808.9903320926
1034,cluster_1034,cluster_1034_casabus,RESIDENCE WALILI,['L097'],casabus,33.58001505003796,-7.512343299935492,638060.3547519896,3716581.9445890435
1035,cluster_1035,cluster_1035_casabus,RESTAURANT MRISSA,['L301'],casabus,33.54716019999999,-7.744286100000001,616577.8313542777,3712653.8788186167
1036,cluster_1036,cluster_1036_casabus,RESTAURANT MRISSA,['L301'],casabus,33.5474541,-7.744372600000001,616569.4056484804,3712686.369264548
1037,cluster_1037,cluster_1037_casabus,ROCADE SUD OUEST,['L306'],casabus,33.51898500000112,-7.693177949997687,621362.290468215,3709588.4354774854
1038,cluster_1038,cluster_1038_casabus,ROCHES NOIRES,"['L023', 'L900']",casabus,33.60903799999999,-7.5669809,632944.8050149132,3719728.6302805273
1039,cluster_1039,cluster_1039_casabus,ROCHES NOIRES,"['L023', 'L900']",casabus,33.6093443,-7.566474899999999,632991.2812699219,3719763.244398714
1040,cluster_1040,cluster_1040_casabus,ROND POINT LOMO,['L301'],casabus,33.5316903,-7.7706771,614147.9346337123,3710909.2114186767
1041,cluster_1041,cluster_1041_casabus,ROND POINT LOMO,['L301'],casabus,33.53193669999999,-7.7708811,614128.6674061562,3710936.3076204997
1042,cluster_1042,cluster_1042_casabus,ROND POINT VICTORIA,"['L310', 'L307']",casabus,33.42431780001917,-7.6701226999652885,623637.9373235871,3699118.919297006
1043,cluster_1043,cluster_1043_casabus,ROND-POINT AICHA,"['L033', 'L139', 'L082']",casabus,33.5977023,-7.587258300000001,631080.6255129519,3718445.8155569397
1044,cluster_1044,cluster_1044_casabus,ROND-POINT AICHA,"['L033', 'L139', 'L082']",casabus,33.597803899999995,-7.5883631,630977.9553931005,3718455.68287437
1045,cluster_1045,cluster_1045_casabus,ROND-POINT ANASSI,['L097'],casabus,33.58793620001338,-7.499950799935151,639197.8064008552,3717476.874665065
1046,cluster_1046,cluster_1046_casabus,ROND-POINT BACHKOU,"['L020', 'L109', 'L310', 'L072', 'L031']",casabus,33.56120299999999,-7.624332999999999,627694.1592228335,3714352.3331346875
1047,cluster_1047,cluster_1047_casabus,ROND-POINT BACHKOU,"['L020', 'L109', 'L310', 'L072', 'L068', 'L031']",casabus,33.5614576,-7.6240773,627717.5211077177,3714380.879014275
1048,cluster_1048,cluster_1048_casabus,ROND-POINT CHAHDIA,"['L068', 'L109']",casabus,33.54664945000574,-7.680559700007568,622495.1772855516,3712670.7360429177
1049,cluster_1049,cluster_1049_casabus,ROND-POINT MERCHICH,['L600'],casabus,33.4526989,-7.520668100000001,637489.0250738051,3702453.5719503737
1050,cluster_1050,cluster_1050_casabus,ROND-POINT MERCHICH,['L600'],casabus,33.45302900000001,-7.5203397999999995,637519.0187498486,3702490.6088194526
1051,cluster_1051,cluster_1051_casabus,ROND-POINT MOROCCO MALL,['L301'],casabus,33.5704068,-7.7014466,620522.9238230597,3715280.492642242
1052,cluster_1052,cluster_1052_casabus,ROND-POINT MOROCCO MALL,['L301'],casabus,33.5707689,-7.701389300000001,620527.739090375,3715320.7094790367
1053,cluster_1053,cluster_1053_casabus,ROUTE AZEMMOUR,['L084'],casabus,33.5773665,-7.6724572,623203.8200534417,3716086.3023607507
1054,cluster_1054,cluster_1054_casabus,ROUTE AZEMMOUR,['L084'],casabus,33.5777871,-7.6727701,623174.1814524396,3716132.5671859467
1055,cluster_1055,cluster_1055_casabus,ROUTE D'EL JADIDA,"['L306', 'L007', 'L051']",casabus,33.5572706,-7.6445787,625820.4482690854,3713891.5325143524
1056,cluster_1056,cluster_1056_casabus,ROUTE D'EL JADIDA,['L007'],casabus,33.55799499999999,-7.6443915,625836.7761494961,3713972.0829083314
1057,cluster_1057,cluster_1057_casabus,ROUTE DAR BOUAZZA,['L301'],casabus,33.540241699999996,-7.756676900000002,615436.6243416886,3711872.888570333
1058,cluster_1058,cluster_1058_casabus,ROUTE DAR BOUAZZA,['L301'],casabus,33.5405139,-7.7555882,615537.3489397246,3711904.28284247
1059,cluster_1059,cluster_1059_casabus,ROUTE DE LOUIZIA,['L905'],casabus,33.68878820000221,-7.3547749999716245,652492.9130206059,3728864.9164364454
1060,cluster_1060,cluster_1060_casabus,ROUTE DE RABAT,"['L033', 'L082']",casabus,33.60021345002721,-7.563250149939991,633304.5275227632,3718754.9236008464
1061,cluster_1061,cluster_1061_casabus,ROUTE DE SIDI ABDERRAHMANE,['L005'],casabus,33.57178330008023,-7.7002842500927065,620628.8976380609,3715434.4739292404
1062,cluster_1062,cluster_1062_casabus,ROUTE DES ZENATA,['L900'],casabus,33.62520195000035,-7.521771899995816,637113.7085183483,3721579.9763366124
1063,cluster_1063,cluster_1063_casabus,ROUTE MOULAY THAMI,"['L050', 'L051']",casabus,33.538650200013365,-7.717538399953018,619072.8648880362,3711740.6866445136
1064,cluster_1064,cluster_1064_casabus,ROUTE N1 AIN HARROUDA,['L800'],casabus,33.6334396,-7.464819,642383.3260141728,3722570.3757114047
1065,cluster_1065,cluster_1065_casabus,ROUTE N1 AIN HARROUDA,['L800'],casabus,33.6336614,-7.4650339,642363.027803116,3722594.674559525
1066,cluster_1066,cluster_1066_casabus,ROUTE N11 SIDI MAAROUF,['L007'],casabus,33.54450025005717,-7.642154200011999,626064.0752748866,3712478.4751184476
1067,cluster_1067,cluster_1067_casabus,ROUTE N9,['L120'],casabus,33.471165950099056,-7.5127392000219295,638196.6875962915,3704511.77542949
1068,cluster_1068,cluster_1068_casabus,ROUTE N9 AL MAJJATIA,['L120'],casabus,33.48485305004395,-7.510266650101523,638404.6859457291,3706032.7407334633
1069,cluster_1069,cluster_1069_casabus,ROUTE N9 TIT MELLIL,['L120'],casabus,33.53442909999999,-7.494081099999999,639828.766184207,3711551.6399451233
1070,cluster_1070,cluster_1070_casabus,ROUTE N9 TIT MELLIL,['L120'],casabus,33.5344339,-7.494422599999999,639797.0463625232,3711551.7116815117
1071,cluster_1071,cluster_1071_casabus,ROUTE NATIONALE 1 LISSASFA,['L306'],casabus,33.50650770001987,-7.710185899923882,619799.884556503,3708185.179457283
1072,cluster_1072,cluster_1072_casabus,ROUTE NATIONALE 11,['L310'],casabus,33.521042699999995,-7.6341515,626841.3695910122,3709887.216430395
1073,cluster_1073,cluster_1073_casabus,ROUTE NATIONALE 11,['L310'],casabus,33.521273,-7.6336866,626884.2100221019,3709913.3211225695
1074,cluster_1074,cluster_1074_casabus,ROUTE NATIONALE 9 MEDIOUNA,['L312'],casabus,33.43438235006345,-7.521419549889497,637448.0706639453,3700421.590827997
1075,cluster_1075,cluster_1075_casabus,ROUTE OULED ZIANE,"['L120', 'L062', 'L011']",casabus,33.58196915001828,-7.5941929000244075,630460.8370435361,3716692.506045227
1076,cluster_1076,cluster_1076_casabus,ROUTE P3003,['L903'],casabus,33.58939290002626,-7.380006349966592,650326.7003818473,3717806.1163139525
1077,cluster_1077,cluster_1077_casabus,ROUTE P3013 BOUSKOURA,"['L310', 'L300']",casabus,33.4509319,-7.642678300000001,626151.0863380034,3702102.8632871294
1078,cluster_1078,cluster_1078_casabus,ROUTE P3013 BOUSKOURA,"['L310', 'L300']",casabus,33.4513158,-7.6427087,626147.7047681389,3702145.393387566
1079,cluster_1079,cluster_1079_casabus,ROUTE P3026,['L309'],casabus,33.4761879,-7.6031534,629787.2073756013,3704951.9648743668
1080,cluster_1080,cluster_1080_casabus,ROUTE P3026,['L309'],casabus,33.4765546,-7.604067300000001,629701.7397091014,3704991.4833171796
1081,cluster_1081,cluster_1081_casabus,ROUTE P3307,['L903'],casabus,33.63190640001479,-7.332932150034597,654619.4586459204,3722589.758594045
1082,cluster_1082,cluster_1082_casabus,ROUTE P3307 AIN TEKKI,['L903'],casabus,33.66277880000082,-7.353780949989525,652631.0220759498,3725982.204058506
1083,cluster_1083,cluster_1083_casabus,ROUTE P3336 MEDIOUNA,['L312'],casabus,33.4485943000113,-7.517380500045914,637801.0946442629,3702002.797351417
1084,cluster_1084,cluster_1084_casabus,ROUTE R309,['L900'],casabus,33.6727984,-7.432096300000001,645352.3461803757,3726980.32679103
1085,cluster_1085,cluster_1085_casabus,ROUTE R309,['L900'],casabus,33.673081999999994,-7.4322561,645337.0532843089,3727011.5498598306
1086,cluster_1086,cluster_1086_casabus,ROUTE R320,['L084'],casabus,33.5879262,-7.645430200000001,625696.9517622109,3717289.6672105216
1087,cluster_1087,cluster_1087_casabus,ROUTE R320 /P3012,['L301'],casabus,33.5002373,-7.858060000000002,606072.0018471974,3707328.9994640434
1088,cluster_1088,cluster_1088_casabus,ROUTE R320 /P3012,['L301'],casabus,33.500530600000005,-7.8581111,606066.8972715808,3707361.4676712737
1089,cluster_1089,cluster_1089_casabus,ROUTE R322 ROCHES NOIRES,"['L023', 'L900']",casabus,33.607712250001974,-7.57028129998938,632640.6245835822,3719577.390000802
1090,cluster_1090,cluster_1090_casabus,ROUTE R322 ZENATA,['L900'],casabus,33.63690600000001,-7.5042443,638720.8631858809,3722901.1652067504
1091,cluster_1091,cluster_1091_casabus,ROUTE R322 ZENATA,['L900'],casabus,33.6369312,-7.5046207,638685.91122802,3722903.4546385994
1092,cluster_1092,cluster_1092_casabus,ROUTE SIDI MAAROUF,['L300'],casabus,33.5138198,-7.6549723,624918.0606814328,3709061.064339774
1093,cluster_1093,cluster_1093_casabus,ROUTE SIDI MAAROUF,['L300'],casabus,33.5141504,-7.6549723,624917.5854557434,3709097.721695378
1094,cluster_1094,cluster_1094_casabus,ROYAL GOLF ANFA,['L084'],casabus,33.5831454,-7.658525700000003,624488.5380508876,3716743.739690721
1095,cluster_1095,cluster_1095_casabus,ROYAL GOLF ANFA 2,['L084'],casabus,33.58305029999999,-7.6597347,624376.4715591017,3716731.7420342015
1096,cluster_1096,cluster_1096_casabus,RTM AIN CHOC,"['L006', 'L068']",casabus,33.5390242500022,-7.583127049974345,631552.9562031474,3711944.625553259
1097,cluster_1097,cluster_1097_casabus,RUE 41 RIAD OULFA,"['L019', 'L020']",casabus,33.55794179999999,-7.6926721,621354.807244591,3713908.598123432
1098,cluster_1098,cluster_1098_casabus,RUE AL MAROUNI,"['L306', 'L007']",casabus,33.574404300000005,-7.640024600000001,626218.2881464584,3715796.897811247
1099,cluster_1099,cluster_1099_casabus,RUE AL MAROUNI,"['L306', 'L007']",casabus,33.574866199999995,-7.639900900000001,626229.0970059303,3715848.2652252843
1100,cluster_1100,cluster_1100_casabus,RUE BEN KACEM ADDAHMANI,"['L039', 'L097', 'L97B']",casabus,33.55237695000521,-7.578833649990464,631931.3209420191,3713430.672301179
1101,cluster_1101,cluster_1101_casabus,RUE D'ALGER,"['L006', 'L019', 'L056', 'L022', 'L040', 'L007']",casabus,33.5941511,-7.623798699999999,627695.2166611433,3718006.373723711
1102,cluster_1102,cluster_1102_casabus,RUE DE BELGRADE,['L006'],casabus,33.57545785001202,-7.610127350010352,628991.6725933792,3715950.5516580725
1103,cluster_1103,cluster_1103_casabus,RUE DE L'ALMA,['L060'],casabus,33.5985918,-7.6386195,626313.4447650707,3718480.589008399
1104,cluster_1104,cluster_1104_casabus,RUE DES EPERVIERS,['L109'],casabus,33.564285899999994,-7.6397734,626256.3344160498,3714675.250422447
1105,cluster_1105,cluster_1105_casabus,RUE EL HAOUZA,['L023'],casabus,33.60575045000263,-7.562695649992553,633347.4536540539,3719369.6053314297
1106,cluster_1106,cluster_1106_casabus,RUE FAROUKI ERRAHALI,"['L060', 'L006']",casabus,33.558963150084914,-7.600896450076692,629873.1420494075,3714133.101341259
1107,cluster_1107,cluster_1107_casabus,RUE IBNOU ADRAA,['L090'],casabus,33.589113900049064,-7.572827050093504,632432.8579811993,3717511.866254284
1108,cluster_1108,cluster_1108_casabus,RUE KAID AL ACHTAR,"['L013', 'L050']",casabus,33.582451799999994,-7.6413792,626080.8545903909,3716687.5758977947
1109,cluster_1109,cluster_1109_casabus,RUE NORMANDIE,"['L056', 'L013', 'L050']",casabus,33.585042499999986,-7.639389600000001,626261.7301028781,3716977.2639838476
1110,cluster_1110,cluster_1110_casabus,RUE OUALILI,['L019'],casabus,33.5744043,-7.6435309,625892.8472625206,3715792.630612751
1111,cluster_1111,cluster_1111_casabus,RUE OUALILI,['L019'],casabus,33.574629,-7.643337699999999,625910.4530003753,3715817.780755795
1112,cluster_1112,cluster_1112_casabus,RUE SALONIQUE,['L006'],casabus,33.5769686000045,-7.612947150021643,628727.708570034,3716114.560081046
1113,cluster_1113,cluster_1113_casabus,RUE WASHINGTON,"['L013', 'L050', 'L09E', 'L084']",casabus,33.593456999999994,-7.630925499999999,627034.9022666032,3717920.6417366765
1114,cluster_1114,cluster_1114_casabus,RUE WASHINGTON,"['L013', 'L050', 'L09E', 'L084']",casabus,33.59365379999999,-7.630255900000001,627096.7496304456,3717943.2853839137
1115,cluster_1115,cluster_1115_casabus,Residence Al Mawlid,['L309'],casabus,33.552729350058826,-7.623360750061181,627796.8948397913,3713413.951504328
1116,cluster_1116,cluster_1116_casabus,SAKANI AHL LOGHLAM,['L902'],casabus,33.598701699999985,-7.4782217,641196.8061989592,3718700.04307228
1117,cluster_1117,cluster_1117_casabus,SAKANI AHL LOGHLAM,['L902'],casabus,33.5990117,-7.478283199999999,641190.5941265728,3718734.333861418
1118,cluster_1118,cluster_1118_casabus,SALAM MOHAMMEDIA,['L906'],casabus,33.699731499999984,-7.3589457,652087.0102557507,3730072.268768623
1119,cluster_1119,cluster_1119_casabus,SALAM MOHAMMEDIA,['L906'],casabus,33.7001915,-7.358694100000001,652109.5191320335,3730123.6489986572
1120,cluster_1120,cluster_1120_casabus,SALLE DE SPORT LA CORNICHE,['L301'],casabus,33.57164605000489,-7.689185649970139,621659.2408171433,3715432.235065536
1121,cluster_1121,cluster_1121_casabus,SALLE DERKAOUI,['L608'],casabus,33.616006800024834,-7.52122499994663,637179.0148507876,3720561.0918289125
1122,cluster_1122,cluster_1122_casabus,SAMIR (MOH),"['L800', 'L904', 'L900']",casabus,33.6783905,-7.416236200000001,646813.2929260244,3727622.856117384
1123,cluster_1123,cluster_1123_casabus,SAMIR (MOH),"['L800', 'L904', 'L900']",casabus,33.6787342,-7.416486,646789.55017324,3727660.6135074142
1124,cluster_1124,cluster_1124_casabus,SCHNEIDER,['L109'],casabus,33.5626181,-7.668194499999999,623620.4745809332,3714456.049007833
1125,cluster_1125,cluster_1125_casabus,SEHAB RMAL,['L903'],casabus,33.64545540001048,-7.338269250029824,654100.246620978,3724084.2352858763
1126,cluster_1126,cluster_1126_casabus,SIDI BERNOUSSI,['L800'],casabus,33.61644885002226,-7.497082599955161,639418.0787503745,3720642.3812009846
1127,cluster_1127,cluster_1127_casabus,SIDI BOUZIANE,['L306'],casabus,33.4849272,-7.7398783,617070.8802371914,3705758.4585139574
1128,cluster_1128,cluster_1128_casabus,SIDI BOUZIANE,['L306'],casabus,33.48499429999999,-7.7393764,617117.4216060238,3705766.4645549036
1129,cluster_1129,cluster_1129_casabus,SIDI GHANEM,['L120'],casabus,33.4970722,-7.5056738,638811.9221916419,3707393.778034915
1130,cluster_1130,cluster_1130_casabus,SIDI GHANEM,['L120'],casabus,33.49708139999999,-7.505218300000001,638854.223884145,3707395.4074967704
1131,cluster_1131,cluster_1131_casabus,SIDI MESSAOUD,"['L310', 'L300']",casabus,33.513266850038555,-7.631740849910812,627076.6262308024,3709027.96699695
1132,cluster_1132,cluster_1132_casabus,SIDI MOUSSA EL MAJDOUB,['L903'],casabus,33.60482265001589,-7.384944450031902,649841.7290960827,3719509.9305393794
1133,cluster_1133,cluster_1133_casabus,SINDIBAD,['L005'],casabus,33.582522399999995,-7.698771099999999,620754.3860964556,3716627.005596489
1134,cluster_1134,cluster_1134_casabus,SINDIBAD,['L005'],casabus,33.58259890000001,-7.6994576,620690.5679128303,3716634.6877613864
1135,cluster_1135,cluster_1135_casabus,SNRT AIN CHOCK,"['L006', 'L068']",casabus,33.53740345002233,-7.585915249933894,631296.5095649933,3711761.371890587
1136,cluster_1136,cluster_1136_casabus,SOCIETE COSUMAR,['L033'],casabus,33.59894349999999,-7.571668699999999,632525.3172368517,3718603.295592319
1137,cluster_1137,cluster_1137_casabus,SOCIETE COSUMAR,['L033'],casabus,33.5992092,-7.571057,632581.6706958539,3718633.540890335
1138,cluster_1138,cluster_1138_casabus,SOUK ALLEK,['L082'],casabus,33.6092346,-7.5006323,639100.3528904832,3719837.644999507
1139,cluster_1139,cluster_1139_casabus,SOUK BOURGOGNE,"['L056', 'L011']",casabus,33.5991125,-7.6431561,625891.7362551494,3718532.7990844026
1140,cluster_1140,cluster_1140_casabus,SOUK BOURGOGNE,"['L056', 'L011']",casabus,33.599710599999995,-7.642082600000003,625990.475886449,3718600.4243142377
1141,cluster_1141,cluster_1141_casabus,SOUK CHRIFA,['L039'],casabus,33.53615939999999,-7.6017176,629831.0206544102,3711603.5280827177
1142,cluster_1142,cluster_1142_casabus,SOUK CHRIFA,['L039'],casabus,33.5365204,-7.6020063,629803.6729751717,3711643.1952360687
1143,cluster_1143,cluster_1143_casabus,SOUK LAAYOUNE,"['L600', 'L056']",casabus,33.564581,-7.595385800000001,630376.269454183,3714762.946979395
1144,cluster_1144,cluster_1144_casabus,SOUK LAAYOUNE,"['L600', 'L056']",casabus,33.56466979999999,-7.595051800000001,630407.1402475804,3714773.213773966
1145,cluster_1145,cluster_1145_casabus,SOUK LHJAJMA,['L011'],casabus,33.5961303000258,-7.648460599976177,625403.8514332467,3718195.6855210173
1146,cluster_1146,cluster_1146_casabus,SOUK LWIZIA,['L905'],casabus,33.67579925001691,-7.350878349920016,652877.1229431916,3727430.3319071056
1147,cluster_1147,cluster_1147_casabus,SOUK OULD MINA,"['L143', 'L050', 'L09E']",casabus,33.56862320000127,-7.67568154999291,622916.9543389964,3715112.997516696
1148,cluster_1148,cluster_1148_casabus,SOUK SALAM,['L043'],casabus,33.58330235000837,-7.552504749942907,634327.8059548461,3716893.6355896383
1149,cluster_1149,cluster_1149_casabus,SOUK SWISRA,['L903'],casabus,33.564140399999985,-7.371972900000001,651116.2558349386,3715017.6132317046
1150,cluster_1150,cluster_1150_casabus,SOUK SWISRA,['L903'],casabus,33.5642767,-7.372332200000001,651082.6640342417,3715032.2031610864
1151,cluster_1151,cluster_1151_casabus,STADE COC,"['L306', 'L007']",casabus,33.561025400066384,-7.644639000058178,625809.4049614812,3714307.7999554914
1152,cluster_1152,cluster_1152_casabus,STADE HAY HASSANI,"['L019', 'L020', 'L301', 'L063', 'L072']",casabus,33.570789,-7.6805095,622465.7572166701,3715347.427322852
1153,cluster_1153,cluster_1153_casabus,STADE MOHAMED V,"['L013', 'L050']",casabus,33.5841384,-7.647801800000001,625482.3480871643,3716866.7893932313
1154,cluster_1154,cluster_1154_casabus,STADE PERE JEGO,"['L306', 'L051']",casabus,33.5503195,-7.6517895000000005,625161.0649389839,3713112.048489656
1155,cluster_1155,cluster_1155_casabus,STADE TISSIMA,"['L107', 'L011', 'L604', 'L063', 'L072']",casabus,33.54451640000863,-7.562146500048892,633492.6587155275,3712580.434363402
1156,cluster_1156,cluster_1156_casabus,STATION ANOUAL,"['L143', 'L300']",casabus,33.57023060009322,-7.625971399970991,627528.7908522086,3715351.319757487
1157,cluster_1157,cluster_1157_casabus,STATION EL FALAH,['L907'],casabus,33.6846558,-7.3801972,650143.5175722439,3728369.421864367
1158,cluster_1158,cluster_1158_casabus,STATION EL FALAH 2,['L907'],casabus,33.68440170000001,-7.3800374,650158.7733263039,3728341.477184805
1159,cluster_1159,cluster_1159_casabus,SWILBATE,['L905'],casabus,33.68040270003336,-7.346908299942535,653237.0252224774,3727946.692126778
1160,cluster_1160,cluster_1160_casabus,SWILBATE 2,['L905'],casabus,33.6780355,-7.349917200000001,652962.2719733646,3727679.7327575954
1161,cluster_1161,cluster_1161_casabus,SWILBATE 2,['L905'],casabus,33.678177599999984,-7.349634600000003,652988.2199752043,3727695.9087992874
1162,cluster_1162,cluster_1162_casabus,TACHAROUK BD OQBA,['L606'],casabus,33.56966599999999,-7.520056200000001,637360.901045701,3715424.135808468
1163,cluster_1163,cluster_1163_casabus,TACHAROUK BOULEVARD OQBA,['L606'],casabus,33.5699353,-7.519759400000001,637388.0242401422,3715454.3906889837
1164,cluster_1164,cluster_1164_casabus,TARIK EL KHIR,['L082'],casabus,33.6088686500379,-7.496214000085389,639510.8767346953,3719803.014401119
1165,cluster_1165,cluster_1165_casabus,TARIQ BNOU ZYAD,"['L006', 'L067']",casabus,33.575742000000005,-7.6241175,627692.7543024267,3715964.7233638824
1166,cluster_1166,cluster_1166_casabus,TARIQ BNOU ZYAD,"['L006', 'L067']",casabus,33.57585919999999,-7.6247523,627633.6628822843,3715976.9363945844
1167,cluster_1167,cluster_1167_casabus,TECHNOPARC,"['L310', 'L107', 'L031', 'L300']",casabus,33.540421299999984,-7.637711399999999,626482.5238681145,3712031.60451321
1168,cluster_1168,cluster_1168_casabus,TECHNOPARC,"['L310', 'L107', 'L031', 'L300']",casabus,33.54062849999999,-7.638413200000001,626417.0582745151,3712053.723267287
1169,cluster_1169,cluster_1169_casabus,TECHNOPOLE NOUACEUR,['L312'],casabus,33.37349669999999,-7.553159400000001,634591.1750645592,3693628.9937356673
1170,cluster_1170,cluster_1170_casabus,TECHNOPOLE NOUACEUR,['L312'],casabus,33.37377969999999,-7.5530563,634600.3306522741,3693660.506281546
1171,cluster_1171,cluster_1171_casabus,TERMINUS ABOUAB AL OULFA,['L005'],casabus,33.547515399999995,-7.7040305,620314.8302107628,3712739.263550752
1172,cluster_1172,cluster_1172_casabus,TERMINUS AIN SEBAA,"['L065', 'L139', 'L090']",casabus,33.59563490003574,-7.530149200015297,636383.1688476992,3718290.353311848
1173,cluster_1173,cluster_1173_casabus,TERMINUS AL ANDALOUS,['L309'],casabus,33.4633429,-7.64422,625989.8323667746,3703477.13095639
1174,cluster_1174,cluster_1174_casabus,TERMINUS AL HAMD,['L604'],casabus,33.51206135001642,-7.513956399995051,638018.6604210346,3709044.7843977804
1175,cluster_1175,cluster_1175_casabus,TERMINUS AL OULFA 1,"['L068', 'L143', 'L109']",casabus,33.55116575002253,-7.684397250043239,622132.5235720845,3713166.981117473
1176,cluster_1176,cluster_1176_casabus,TERMINUS AL QODS,['L023'],casabus,33.614598000101495,-7.49144879995888,639943.7372706376,3720444.753954096
1177,cluster_1177,cluster_1177_casabus,TERMINUS ANASSI,"['L079', 'L033', 'L608', 'L097']",casabus,33.5913228,-7.4908799,640034.1475418025,3717864.6323083546
1178,cluster_1178,cluster_1178_casabus,TERMINUS ANASSI,"['L079', 'L033', 'L608', 'L097']",casabus,33.591906300000005,-7.4899476,640119.7215953112,3717930.595591265
1179,cluster_1179,cluster_1179_casabus,TERMINUS BEN ABID,['L301'],casabus,33.48926499999999,-7.8852999,603554.6906653764,3706084.9145742394
1180,cluster_1180,cluster_1180_casabus,TERMINUS BERNOUSSI,"['L800', 'L023', 'L082', 'L065', 'L606', 'L090', 'L064']",casabus,33.613422050002924,-7.504149599993786,638767.3025799089,3720297.251001652
1181,cluster_1181,cluster_1181_casabus,TERMINUS BOUCHENTOUF,"['L038', 'L020', 'L072', 'L067', 'L051', 'L604', 'L600']",casabus,33.5702114,-7.601083900000001,629838.9007534732,3715380.1075610514
1182,cluster_1182,cluster_1182_casabus,TERMINUS BOUCHENTOUF,"['L038', 'L020', 'L072', 'L067', 'L051', 'L604', 'L600']",casabus,33.57063260000002,-7.6007126,629872.7344064517,3715427.277035055
1183,cluster_1183,cluster_1183_casabus,TERMINUS BOULEVARD PARIS,['L120'],casabus,33.59526569999999,-7.624167800000001,627659.323550312,3718129.508935936
1184,cluster_1184,cluster_1184_casabus,TERMINUS CASA PORT,['L900'],casabus,33.5980904,-7.6126691,628722.1370564956,3718456.960661209
1185,cluster_1185,cluster_1185_casabus,TERMINUS CASA PORT 2,['L005'],casabus,33.5999237,-7.6142458,628573.1120776227,3718658.2837471454
1186,cluster_1186,cluster_1186_casabus,TERMINUS CINEMA RIF,"['L055', 'L033', 'L023', 'L082', 'L011', 'L120', 'L043', 'L062', 'L139']",casabus,33.59661080000001,-7.615497099999999,628461.9180423577,3718289.384408285
1187,cluster_1187,cluster_1187_casabus,TERMINUS COMMUNE SIDI BELYOUT,"['L013', 'L050', 'L09E', 'L084']",casabus,33.5951384,-7.626617500000001,627432.1934924652,3718112.375285189
1188,cluster_1188,cluster_1188_casabus,TERMINUS COMMUNE SIDI BELYOUT,"['L013', 'L050', 'L09E', 'L084']",casabus,33.595306,-7.626284699999999,627462.828764749,3718131.3690259852
1189,cluster_1189,cluster_1189_casabus,TERMINUS DAOULIZ,['L011'],casabus,33.60279429999999,-7.659355100000001,624383.352985472,3718921.463165473
1190,cluster_1190,cluster_1190_casabus,TERMINUS DAR LHAMRA,"['L143', 'L050', 'L09E']",casabus,33.570753500010035,-7.670777050032417,623369.1679873453,3715355.0393794267
1191,cluster_1191,cluster_1191_casabus,TERMINUS DOHA,"['L079', 'L608', 'L606', 'L043', 'L064']",casabus,33.5912189,-7.516571999999999,637650.0833425559,3717818.6549488017
1192,cluster_1192,cluster_1192_casabus,TERMINUS DOHA,"['L079', 'L608', 'L606', 'L043', 'L064']",casabus,33.591346699999995,-7.516924400000002,637617.1776355563,3717832.3575783786
1193,cluster_1193,cluster_1193_casabus,TERMINUS EL FATH II,['L905'],casabus,33.6694523,-7.391226599999999,649147.3268229475,3726667.5371424034
1194,cluster_1194,cluster_1194_casabus,TERMINUS EL HANK,['L038'],casabus,33.6024873,-7.653753100000001,624903.5795416741,3718894.1684315098
1195,cluster_1195,cluster_1195_casabus,TERMINUS EL HANK,['L038'],casabus,33.60296499999998,-7.653941499999999,624885.4098835693,3718946.9098129263
1196,cluster_1196,cluster_1196_casabus,TERMINUS EL MANSOURIA,['L023'],casabus,33.61883745000063,-7.479312699992868,641062.7600798124,3720931.3324884707
1197,cluster_1197,cluster_1197_casabus,TERMINUS EL OULFA,"['L019', 'L020']",casabus,33.55700360000001,-7.6898797,621615.3490631795,3713807.8428397304
1198,cluster_1198,cluster_1198_casabus,TERMINUS ELFADL,"['L065', 'L062']",casabus,33.5583211,-7.5087099,638432.2064638936,3714181.261425898
1199,cluster_1199,cluster_1199_tram,Faculté Ben Msik,"['L97B', 'L097', 'L143', 'T4', 'L32D']",tram,33.56607270003366,-7.543032566614175,635233.7728179954,3714995.464033472
1199,cluster_1199,cluster_1199_casabus,Faculté Ben Msik,"['L97B', 'L097', 'L143', 'T4', 'L32D']",casabus,33.56607270003366,-7.543032566614175,635233.7728179954,3714995.464033472
1200,cluster_1200,cluster_1200_casabus,TERMINUS FACULTE DES LETTRES,"['L800', 'L900', 'L905', 'L907', 'L32D', 'L904']",casabus,33.7026268,-7.374549799999999,650635.6721647811,3730370.447565556
1201,cluster_1201,cluster_1201_casabus,TERMINUS FACULTE DES LETTRES,"['L800', 'L900', 'L905', 'L907', 'L32D', 'L904']",casabus,33.7027125,-7.373858,650699.6404483839,3730380.9606505586
1202,cluster_1202,cluster_1202_casabus,TERMINUS FACULTES MOHAMMEDIA,"['L907', 'L32D', 'L800', 'L904']",casabus,33.70565235001291,-7.356240399964249,652327.2995622181,3730732.8229254866
1203,cluster_1203,cluster_1203_casabus,TERMINUS FARAH SALAM,['L084'],casabus,33.5326472,-7.6997839,620729.7756480152,3711095.600675568
1204,cluster_1204,cluster_1204_casabus,TERMINUS FERARA,"['L050', 'L09E', 'L084']",casabus,33.554532099999996,-7.6868015,621904.5830500681,3713537.4161240608
1205,cluster_1205,cluster_1205_casabus,TERMINUS FERARA,"['L050', 'L09E', 'L084']",casabus,33.5553688,-7.6855875000000005,622016.1101471235,3713631.619318337
1206,cluster_1206,cluster_1206_casabus,TERMINUS GARE ONCF MOHAMMEDIA,"['L902', 'L800', 'L900', 'L905', 'L907', 'L32D', 'L904', 'L903']",casabus,33.69535890003649,-7.389060550003524,649303.3523425525,3729543.431105764
1207,cluster_1207,cluster_1207_casabus,TERMINUS GARE OULED ZIANE,"['L039', 'L011']",casabus,33.57570215000889,-7.5899642499907705,630862.75304211,3716002.934001977
1208,cluster_1208,cluster_1208_casabus,TERMINUS HARBILI,['L065'],casabus,33.6306273,-7.491227600000001,639938.3361903542,3722222.4815165093
1209,cluster_1209,cluster_1209_casabus,TERMINUS HAY EL FALAH,"['L055', 'L038', 'L068', 'L040']",casabus,33.5563691,-7.5479535,634792.057971816,3713913.0764592704
1210,cluster_1210,cluster_1210_casabus,TERMINUS HAY EL FALAH,"['L038', 'L040']",casabus,33.557674,-7.5491607,634677.9596660536,3714056.199308724
1211,cluster_1211,cluster_1211_casabus,TERMINUS HAY EL FARAH,"['L604', 'L038', 'L109']",casabus,33.5660907,-7.587994600000002,631060.093430756,3714939.6733569703
1212,cluster_1212,cluster_1212_casabus,TERMINUS HAY EL FARAH,"['L604', 'L038', 'L109']",casabus,33.566603,-7.5878554,631072.2405219802,3714996.655032535
1213,cluster_1213,cluster_1213_casabus,TERMINUS HAY EL WAHDA,['L604'],casabus,33.5425995,-7.5435612,635221.2793440502,3712391.9707470126
1214,cluster_1214,cluster_1214_casabus,TERMINUS HAY EL WAHDA,['L604'],casabus,33.5430464,-7.5439703,635182.5977596645,3712440.991157015
1215,cluster_1215,cluster_1215_casabus,TERMINUS HAY HASSANI,"['L019', 'L020', 'L301', 'L063', 'L072']",casabus,33.57104910000001,-7.679185,622588.3287397724,3715377.8343255003
1216,cluster_1216,cluster_1216_casabus,TERMINUS HAY HASSANI II,"['L019', 'L020', 'L084']",casabus,33.56609000000001,-7.683295,622213.8308756955,3714823.1045319973
1217,cluster_1217,cluster_1217_casabus,TERMINUS HAY HASSANI II,"['L019', 'L020', 'L084']",casabus,33.5662808,-7.683536699999999,622191.1264239587,3714843.975662299
1218,cluster_1218,cluster_1218_casabus,TERMINUS HAY LMASJID,"['L109', 'L310', 'L600', 'L060', 'L022', 'L604', 'L031']",casabus,33.56231309999999,-7.607617799999999,629244.1867330492,3714496.14950628
1219,cluster_1219,cluster_1219_casabus,TERMINUS HAY LMASJID,"['L109', 'L310', 'L600', 'L060', 'L022', 'L604', 'L031']",casabus,33.5625129,-7.6073254,629271.0323149995,3714518.668707217
1220,cluster_1220,cluster_1220_casabus,TERMINUS HOPITAL SOFI,"['L043', 'L139', 'L067', 'L060']",casabus,33.60262469999999,-7.6331906,626811.2889508761,3718934.40764064
1221,cluster_1221,cluster_1221_casabus,TERMINUS HOUPHEIT BOIGNY,"['L056', 'L09E', 'L084']",casabus,33.59852845004719,-7.614937899915047,628510.9627624318,3718502.714121045
1222,cluster_1222,cluster_1222_casabus,TERMINUS JAMILA,"['L060', 'L312', 'L068', 'L063']",casabus,33.541956,-7.5794639,631888.6432973247,3712274.3614594885
1223,cluster_1223,cluster_1223_casabus,TERMINUS JAMILA,"['L063', 'L068']",casabus,33.54216399999999,-7.5796719,631869.0141583162,3712297.1605418473
1224,cluster_1224,cluster_1224_casabus,TERMINUS JAMILA II,"['L107', 'L600', 'L011']",casabus,33.54723529999998,-7.5848993,631375.9662792548,3712852.84452079
1225,cluster_1225,cluster_1225_casabus,TERMINUS JAMILA II,"['L107', 'L600', 'L011']",casabus,33.5473949,-7.584495900000002,631413.1786979655,3712871.0528524467
1226,cluster_1226,cluster_1226_casabus,TERMINUS KASBAT LAMINE,"['L013', 'L051']",casabus,33.53362069999999,-7.685018800000001,622099.4939259649,3711220.831868319
1227,cluster_1227,cluster_1227_casabus,TERMINUS KHIAYTA,['L306'],casabus,33.4675785,-7.7850543,612896.0798144235,3703784.836495344
1228,cluster_1228,cluster_1228_casabus,TERMINUS LA GARE ROUTIERE,"['L020', 'L051', 'L109']",casabus,33.5732478,-7.587928600000001,631055.4027786356,3715733.3608624046
1229,cluster_1229,cluster_1229_casabus,TERMINUS LAHRAOUIYINE 1,"['L055', 'L068']",casabus,33.532209399999985,-7.5198241,637441.7595870642,3711271.0891784215
1230,cluster_1230,cluster_1230_casabus,TERMINUS LISSASFA,"['L307', 'L97B', 'L107', 'L306', 'L013', 'L051']",casabus,33.531452950024814,-7.67402434991155,623123.5024973896,3710993.469459068
1231,cluster_1231,cluster_1231_casabus,TERMINUS LMKANSA II,"['L312', 'L600']",casabus,33.5248617,-7.562798199999998,633462.3557629704,3710400.216387485
1232,cluster_1232,cluster_1232_casabus,TERMINUS LMKANSA II,"['L312', 'L600']",casabus,33.5249881,-7.5623948,633499.6253764045,3710414.7512227898
1233,cluster_1233,cluster_1233_casabus,TERMINUS LMZABIENNE,['L039'],casabus,33.51564319999999,-7.5936017,630615.4916489053,3709338.8305484736
1234,cluster_1234,cluster_1234_casabus,TERMINUS MAARIF,"['L97B', 'L097']",casabus,33.58247959999999,-7.6406724,626146.4104231874,3716691.5191977173
1235,cluster_1235,cluster_1235_casabus,TERMINUS MAARIF,"['L97B', 'L097']",casabus,33.582553499999996,-7.6403384,626177.3005179582,3716700.1203409308
1236,cluster_1236,cluster_1236_casabus,TERMINUS MAARIF 2,['L056'],casabus,33.58557129999999,-7.6412213,626090.9704362133,3717033.6668176493
1237,cluster_1237,cluster_1237_casabus,TERMINUS MANDAROUNA,"['L022', 'L309']",casabus,33.530466000069694,-7.617159250109531,628405.5665702964,3710953.001291667
1238,cluster_1238,cluster_1238_casabus,TERMINUS MEDIOUNA,['L600'],casabus,33.4503425,-7.496403,639748.2057592551,3702224.65796602
1239,cluster_1239,cluster_1239_casabus,TERMINUS MEDIOUNA,['L600'],casabus,33.45056069999998,-7.4957015,639813.0606816113,3702249.7963453354
1240,cluster_1240,cluster_1240_casabus,TERMINUS MEDIOUNA 1,['L120'],casabus,33.4544579,-7.5182536,637710.6671073474,3702651.81238112
1241,cluster_1241,cluster_1241_busway,Al Qods,"['BW1', 'L107', 'L143', 'L011', 'L060', 'L063', 'L600']",busway,33.54383880001002,-7.5818729334074675,631662.1045670541,3712480.069863226
1241,cluster_1241,cluster_1241_casabus,Al Qods,"['BW1', 'L107', 'L143', 'L011', 'L060', 'L063', 'L600']",casabus,33.54383880001002,-7.5818729334074675,631662.1045670541,3712480.069863226
1242,cluster_1242,cluster_1242_casabus,TERMINUS MOSQUEE SALMIA,"['L063', 'L072', 'L011']",casabus,33.538202,-7.5539697,634261.6350674581,3711890.8311574473
1243,cluster_1243,cluster_1243_casabus,TERMINUS MOSQUEE SALMIA,"['L063', 'L072', 'L011']",casabus,33.53844029999999,-7.5542379,634236.3625877822,3711916.907412909
1244,cluster_1244,cluster_1244_casabus,TERMINUS MOSQUEE TARIQ,"['L800', 'L082', 'L065', 'L606', 'L090', 'L064']",casabus,33.60798985001807,-7.515090649918812,637760.8757360771,3719680.2783066863
1245,cluster_1245,cluster_1245_casabus,TERMINUS MOULAY RACHID,"['L056', 'L107', 'L143', 'L120', 'L040']",casabus,33.56574040009669,-7.528729899981424,636561.9642530808,3714977.3793189563
1246,cluster_1246,cluster_1246_casabus,TERMINUS MOULAY YOUSSEF,"['L043', 'L139', 'L011', 'L067']",casabus,33.59882940000001,-7.631489900000001,626974.6536782096,3718515.6577157564
1247,cluster_1247,cluster_1247_casabus,TERMINUS MOULAY YOUSSEF,"['L055', 'L011', 'L043', 'L062', 'L139']",casabus,33.59996139999999,-7.6323545,626892.7690942097,3718640.117189811
1248,cluster_1248,cluster_1248_casabus,TERMINUS MUSEE ALSA,"['L97B', 'L097']",casabus,33.57823969999999,-7.6340532,626766.9219809582,3716229.470032076
1249,cluster_1249,cluster_1249_casabus,TERMINUS MUSEE ALSA,"['L019', 'L97B', 'L097', 'L306', 'L090']",casabus,33.57879809999999,-7.6351301000000005,626666.1567728054,3716290.0693457406
1250,cluster_1250,cluster_1250_casabus,TERMINUS NAHDA,['L906'],casabus,33.700037099999996,-7.3522044,652711.295383616,3730116.109526596
1251,cluster_1251,cluster_1251_casabus,TERMINUS NAIM 2,['L606'],casabus,33.5648165,-7.4995552,639271.6574106393,3714913.772334102
1252,cluster_1252,cluster_1252_casabus,TERMINUS NAIM 2,['L606'],casabus,33.56510519999999,-7.4995099,639275.3989233423,3714945.845757458
1253,cluster_1253,cluster_1253_casabus,TERMINUS NASSIM,['L09E'],casabus,33.518091799999986,-7.658495800000001,624584.6706224709,3709530.512016035
1254,cluster_1254,cluster_1254_casabus,TERMINUS OUAD DAHAB,"['L063', 'L064', 'L067']",casabus,33.5409567,-7.5730338,632487.2147407344,3712171.755161842
1255,cluster_1255,cluster_1255_casabus,TERMINUS OUAD DAHAB,"['L063', 'L064', 'L067']",casabus,33.5412447,-7.572726100000001,632515.3459462991,3712204.082829125
1256,cluster_1256,cluster_1256_casabus,TERMINUS OULAD AHMED,['L306'],casabus,33.49577275003458,-7.726877899944756,618264.0059668021,3706975.743642626
1257,cluster_1257,cluster_1257_casabus,TERMINUS OULAD SALEH,['L310'],casabus,33.3761991,-7.692513300000001,621623.1859371351,3693757.183486952
1258,cluster_1258,cluster_1258_casabus,TERMINUS PLACE LA CONCORDE,"['L055', 'L033', 'L056', 'L082', 'L011', 'L084', 'L120', 'L09E', 'L043', 'L062', 'L139']",casabus,33.5962803,-7.6218917,627869.0343319743,3718244.8202628735
1259,cluster_1259,cluster_1259_casabus,TERMINUS PLACE LA CONCORDE,"['L033', 'L056', 'L082', 'L011', 'L084', 'L09E', 'L043', 'L139']",casabus,33.59650959999999,-7.621394899999999,627914.7952666435,3718270.8595783706
1260,cluster_1260,cluster_1260_casabus,TERMINUS PLACE NATIONS UNIES,"['L006', 'L019', 'L022', 'L007']",casabus,33.5944424,-7.619435700000001,628099.6513553218,3718044.0642695986
1261,cluster_1261,cluster_1261_casabus,TERMINUS PLACE OUAD LMAKHAZIN,"['L056', 'L040']",casabus,33.594695599999994,-7.622945200000003,627773.614276895,3718067.8027520115
1262,cluster_1262,cluster_1262_casabus,TERMINUS PLACE SIDI MAAROUF,"['L006', 'L310', 'L600', 'L079', 'L604', 'L031']",casabus,33.56454480000001,-7.6038639,629589.3252139759,3714748.2962098913
1263,cluster_1263,cluster_1263_casabus,TERMINUS PLACE SIDI MAAROUF,"['L006', 'L310', 'L600', 'L079', 'L604', 'L031']",casabus,33.565023200000006,-7.6040505,629571.288967724,3714801.1092868675
1264,cluster_1264,cluster_1264_casabus,TERMINUS PLACE SRAGHNA,['L006'],casabus,33.56952809999999,-7.601123299999999,629836.2666805002,3715304.2916744663
1265,cluster_1265,cluster_1265_casabus,TERMINUS PLACE SRAGHNA 2,"['L310', 'L079', 'L031']",casabus,33.567299299999995,-7.599584100000001,629982.4787897002,3715059.0853980086
1266,cluster_1266,cluster_1266_casabus,TERMINUS PORT MOHAMMEDIA,['L906'],casabus,33.7088339,-7.4017855,648100.7398169611,3731019.335257939
1267,cluster_1267,cluster_1267_casabus,TERMINUS QUARTIER DES HOPITAUX,['L300'],casabus,33.5770858,-7.624839299999999,627623.7822960538,3716112.838146028
1268,cluster_1268,cluster_1268_casabus,TERMINUS QUARTIER SHEMS,['L907'],casabus,33.70874240004429,-7.350705349928139,652834.8124193811,3731083.6631522765
1269,cluster_1269,cluster_1269_casabus,TERMINUS RACHIDIA,"['L906', 'L900']",casabus,33.6872581,-7.380359299999999,650123.9650100081,3728657.754051246
1270,cluster_1270,cluster_1270_casabus,TERMINUS RACHIDIA,['L906'],casabus,33.68748899999999,-7.380875600000001,650075.7029551971,3728682.6079536537
1271,cluster_1271,cluster_1271_casabus,TERMINUS RACHIDIA 3,['L907'],casabus,33.680216900016134,-7.375821100018442,650556.9316158356,3727883.5652359696
1272,cluster_1272,cluster_1272_casabus,TERMINUS RAHMA,"['L050', 'L051']",casabus,33.53795159999999,-7.727046399999999,618190.9682128959,3711652.346303645
1273,cluster_1273,cluster_1273_casabus,TERMINUS RAHMA,"['L050', 'L051']",casabus,33.5380862,-7.7274154,618156.5219815349,3711666.8502308843
1274,cluster_1274,cluster_1274_casabus,TERMINUS RIAD AL OULFA,"['L019', 'L020', 'L005']",casabus,33.5538131,-7.7009745,620589.8098528682,3713441.1109077292
1275,cluster_1275,cluster_1275_casabus,TERMINUS RIAD AL OULFA,"['L019', 'L020', 'L005']",casabus,33.5542551,-7.7006066,620623.3502241054,3713490.548529129
1276,cluster_1276,cluster_1276_casabus,TERMINUS RIAD AL OULFA III,"['L019', 'L005']",casabus,33.549490000000006,-7.704652799999999,620254.3174272729,3712957.487039219
1277,cluster_1277,cluster_1277_casabus,TERMINUS ROND POINT NAPOLEON,['L309'],casabus,33.563470599999995,-7.6335498,626835.2444640624,3714592.4494901644
1278,cluster_1278,cluster_1278_casabus,TERMINUS SAKANI,['L082'],casabus,33.6038575,-7.481965999999999,640840.9783686877,3719266.647810161
1279,cluster_1279,cluster_1279_casabus,TERMINUS SAKANI,['L082'],casabus,33.60414529999999,-7.482391200000001,640801.0573948903,3719297.9822508884
1280,cluster_1280,cluster_1280_casabus,TERMINUS SALMIA,"['L604', 'L063', 'L072', 'L011']",casabus,33.536802450033264,-7.5504926000134915,634586.6748658835,3711740.152402949
1281,cluster_1281,cluster_1281_casabus,TERMINUS SIDI HAJJAJ,['L606'],casabus,33.5401777,-7.414326499999999,647225.1779453419,3712299.4924107995
1282,cluster_1282,cluster_1282_casabus,TERMINUS SIDI LKHADIR,"['L019', 'L020', 'L084', 'L301', 'L063', 'L072']",casabus,33.5691969,-7.684328599999999,622113.5129169222,3715166.3840436
1283,cluster_1283,cluster_1283_casabus,TERMINUS SIDI MAAROUF,"['L031', 'L007']",casabus,33.5081218,-7.6574373,624697.2848458665,3708426.297888472
1284,cluster_1284,cluster_1284_casabus,TERMINUS SIDI MOUSSA BEN ALI,['L903'],casabus,33.56273200000001,-7.3738919,650940.563373331,3714858.641400476
1285,cluster_1285,cluster_1285_casabus,TERMINUS TACHAROUK,"['L056', 'L107', 'L143', 'L120', 'L606', 'L040']",casabus,33.56973535000215,-7.522888799984646,637097.8609578108,3715428.0730716195
1286,cluster_1286,cluster_1286_casabus,TERMINUS TAH,['L006'],casabus,33.533066950001356,-7.5831877999857475,631556.3412737901,3711283.9852790544
1287,cluster_1287,cluster_1287_casabus,TERMINUS TIT MELLIL,"['L904', 'L120', 'L608']",casabus,33.5507161,-7.486255899999999,640529.0532970484,3713368.204381389
1288,cluster_1288,cluster_1288_casabus,TERMINUS TRAM 1 SIDI MOUMEN,"['L079', 'L902', 'L033', 'L608']",casabus,33.58901075004698,-7.499083150038056,639276.6004249905,3717597.1935137855
1289,cluster_1289,cluster_1289_casabus,TERMINUS TRAM 2 BERNOUSSI,"['L800', 'L023', 'L082', 'L065', 'L606', 'L090']",casabus,33.6104457,-7.5063608,638566.9192278897,3719964.2528149867
1290,cluster_1290,cluster_1290_casabus,TERMINUS TRAM 2 BERNOUSSI,"['L800', 'L023', 'L082', 'L065', 'L606', 'L090', 'L064']",casabus,33.610620999999995,-7.5066364,638541.0686722707,3719983.3220458715
1291,cluster_1291,cluster_1291_casabus,TERMINUS VILLE ENNASR,['L307'],casabus,33.412940150027445,-7.675740350015585,623131.6922173232,3697850.708399838
1292,cluster_1292,cluster_1292_casabus,TERMINUS ZAOUIA,['L312'],casabus,33.38424339999999,-7.6206666,628295.092370197,3694735.361695291
1293,cluster_1293,cluster_1293_casabus,TERMINUS ZI BERNOUSSI,['L608'],casabus,33.62318990000422,-7.507591299986668,638432.3705827985,3721375.75638606
1294,cluster_1294,cluster_1294_casabus,TERMINUS ZI OULAD SALEH,['L300'],casabus,33.42155350000001,-7.639230300000001,626514.2082105179,3698849.5697053466
1295,cluster_1295,cluster_1295_casabus,TERMINUS ZOUBIR,"['L051', 'L09E', 'L109']",casabus,33.54082485000997,-7.6831594000255805,622262.0112714296,3712021.8276425255
1296,cluster_1296,cluster_1296_casabus,TERRAIN LAARBI  ZAOULI,['L139'],casabus,33.597162500011166,-7.544694399943468,635031.0669633402,3718440.672239946
1297,cluster_1297,cluster_1297_casabus,THEATRE MY RACHID,"['L055', 'L32D', 'L038', 'L040']",casabus,33.56307700000001,-7.5541030000000005,634210.7797565162,3714648.8925420432
1298,cluster_1298,cluster_1298_casabus,THEATRE MY RACHID,"['L055', 'L038', 'L040']",casabus,33.5631022,-7.553549600000001,634262.1126145952,3714652.4038322596
1299,cluster_1299,cluster_1299_casabus,TRIBUNAL ADMINISTRATIF,"['L039', 'L097', 'L064', 'L97B']",casabus,33.5600477500075,-7.566261199983335,633086.7885804088,3714297.314491513
1300,cluster_1300,cluster_1300_casabus,TRIBUNAL AIN SEBAA,"['L065', 'L090']",casabus,33.5993166,-7.531034600000001,636295.2150426207,3718697.432475597
1301,cluster_1301,cluster_1301_casabus,TRIBUNAL AIN SEBAA,"['L065', 'L139', 'L090']",casabus,33.5993435,-7.530710900000001,636325.2091771177,3718700.8415747522
1302,cluster_1302,cluster_1302_casabus,TRIBUNAL DE 1ER INSTANCE,"['L97B', 'L013']",casabus,33.553891700054194,-7.66599260002115,623837.3288285467,3713491.078951346
1303,cluster_1303,cluster_1303_casabus,TWIN CENTER,"['L060', 'L038', 'L067']",casabus,33.587450600000004,-7.6323462,626911.8644021536,3717252.8917040457
1304,cluster_1304,cluster_1304_casabus,TWIN CENTER,"['L060', 'L038', 'L067']",casabus,33.58827850000001,-7.6336439,626790.2236651314,3717343.101842972
1305,cluster_1305,cluster_1305_casabus,UNIVERSITE INTERNATIONALE,['L309'],casabus,33.4970264,-7.608037300000001,629302.4092718172,3707256.479558707
1306,cluster_1306,cluster_1306_casabus,UNIVERSITE INTERNATIONALE,['L309'],casabus,33.4970493,-7.608511700000001,629258.3037808812,3707258.427831335
1307,cluster_1307,cluster_1307_casabus,VICTORIA CITY,['L310'],casabus,33.4179164,-7.6725529,623421.0460415568,3698406.2491377606
1308,cluster_1308,cluster_1308_casabus,VICTORIA CITY,['L310'],casabus,33.4179869,-7.6722292,623451.0448026317,3698414.4502991345
1309,cluster_1309,cluster_1309_casabus,VILLE DEROUA,['L312'],casabus,33.389754399999994,-7.5361451,636148.7062370577,3695453.790496775
1310,cluster_1310,cluster_1310_casabus,VILLE VERTE,['L309'],casabus,33.4918411,-7.6090228,629218.5614506113,3706680.2968353652
1311,cluster_1311,cluster_1311_casabus,VILLE VERTE,['L309'],casabus,33.491863999999985,-7.609420999999999,629181.5327157791,3706682.3403978697
1312,cluster_1312,cluster_1312_casabus,VILLE VERTE II,['L309'],casabus,33.47441580007405,-7.600738950091821,630014.2095906289,3704758.4917785516
1313,cluster_1313,cluster_1313_casabus,WILAYA GRAND CASABLANCA,"['L006', 'L056', 'L040']",casabus,33.590696399999985,-7.6192948,628118.2653291231,3717628.8699091705
1314,cluster_1314,cluster_1314_casabus,ZONE INDUSTRIEL BOUSKOURA,['L300'],casabus,33.44225735008392,-7.645217949977998,625927.5682417438,3701137.9461608813
1315,cluster_1315,cluster_1315_casabus,ZONE INDUSTRIEL CHELLALATE,['L902'],casabus,33.6221374,-7.4420850000000005,644510.9122732026,3721348.639294326
1316,cluster_1316,cluster_1316_casabus,ZONE INDUSTRIEL CHELLALATE,['L902'],casabus,33.6224304,-7.4420416,644514.4491063154,3721381.1898767035
1317,cluster_1317,cluster_1317_casabus,ZONE INDUSTRIEL CHELLALATE 1,['L902'],casabus,33.6291533,-7.4315233,645478.9053973844,3722141.4200153127
1318,cluster_1318,cluster_1318_casabus,ZONE INDUSTRIEL CHELLALATE 1,['L902'],casabus,33.6291533,-7.4311457,645513.9318559016,3722141.9512402685
1319,cluster_1319,cluster_1319_casabus,ZONE INDUSTRIEL MOHAMMEDIA T1,['L907'],casabus,33.66415990004212,-7.407051999934691,647689.0741003532,3726057.9353573183
1320,cluster_1320,cluster_1320_casabus,ZONE INDUSTRIEL MOHAMMEDIA T2,['L907'],casabus,33.66116165004217,-7.4112981999367635,647300.4626630503,3725719.402583085
1321,cluster_1321,cluster_1321_casabus,ZONE INDUSTRIEL ZENATA,"['L800', 'L904']",casabus,33.6535642,-7.4422909,644439.316269143,3724833.189477766
1322,cluster_1322,cluster_1322_casabus,ZONE INDUSTRIEL ZENATA,"['L800', 'L904']",casabus,33.6540357,-7.442293800000001,644438.2594200792,3724885.4689843087
1323,cluster_1323,cluster_1323_casabus,ZONE INDUSTRIELLE OKACHA,['L900'],casabus,33.612679150005945,-7.558279799972328,633746.4694334345,3720143.5906550796
1324,cluster_1324,cluster_1324_casabus,ZONE LOGISTIQUE LAHRAOUYINE,['L065'],casabus,33.55413719999999,-7.5110683,638219.9291444542,3713714.1825463157
1325,cluster_1325,cluster_1325_casabus,ZONE URBAINE 16 BEN MSIK,['L011'],casabus,33.55455460003132,-7.5875794499220595,631116.065579178,3713661.0376979504
1326,cluster_1326,cluster_1326_tram,10-Mars,['T3'],tram,33.55182,-7.550986,634517.5829482855,3713404.7140074214
1327,cluster_1327,cluster_1327_tram,2 Mars,['T2'],tram,33.569097,-7.612592,628772.3615234148,3715242.1744612525
1328,cluster_1328,cluster_1328_tram,Abdelkader Essahraoui,['T3'],tram,33.555759,-7.547525,634832.7867065114,3713845.983602779
1329,cluster_1329,cluster_1329_tram,Abdellah Ben Cherif,['T2'],tram,33.565833000000005,-7.660272000000001,624351.2977947647,3714822.004316231
1330,cluster_1330,cluster_1330_tram,Abdelmoumen,['T1'],tram,33.570892,-7.625969999999999,627527.9480908653,3715424.659337238
1331,cluster_1331,cluster_1331_tram,Abdessalam Ennaciri,['T3'],tram,33.54851200000001,-7.5725050000000005,632524.7791827024,3713010.1879206523
1332,cluster_1332,cluster_1332_tram,Abi Dar El Ghafari,['T2'],tram,33.60661400000001,-7.518053,637488.2075146127,3719523.77686635
1333,cluster_1333,cluster_1333_tram,Abou Chouaïb Doukali,['T3'],tram,33.561543,-7.594757000000001,630439.2078244273,3714426.875226737
1334,cluster_1334,cluster_1334_busway,Abouab Oulfa,['BW2'],busway,33.546254299999994,-7.704933999999999,620232.692674056,3712598.3831912396
1335,cluster_1335,cluster_1335_tram,Achouhada,['T1'],tram,33.588742,-7.567820000000001,632898.0895413833,3717477.0442296257
1336,cluster_1336,cluster_1336_tram,Ain Diab Plage Terminus,['T2'],tram,33.587608,-7.680950000000001,622401.1198290018,3717211.830015143
1337,cluster_1337,cluster_1337_busway,Al Inara,['BW1'],busway,33.539640000000006,-7.59923,630056.7992394464,3711992.5842463006
1338,cluster_1338,cluster_1338_busway,Al Joulane,['BW1'],busway,33.54396,-7.562169999999999,633491.3324724403,3712518.7085094275
1339,cluster_1339,cluster_1339_busway,Al Moustakbal,['BW1'],busway,33.531589999999994,-7.646720000000001,625658.8336550205,3711041.419440944
1340,cluster_1340,cluster_1340_tram,Al wifaq,['T2'],tram,33.595686,-7.538122000000001,635643.253072194,3718285.5437787315
1341,cluster_1341,cluster_1341_tram,Ali Yaata,['T1'],tram,33.59147599999999,-7.569933000000001,632697.8122366642,3717777.4912462477
1342,cluster_1342,cluster_1342_busway,Amgala,['BW1'],busway,33.53991299999999,-7.579049999999999,631930.1794650438,3712048.3538693953
1343,cluster_1343,cluster_1343_tram,Anciens Abattoirs,['T1'],tram,33.59118099999999,-7.579401999999999,631819.5493658988,3717732.6838048412
1344,cluster_1344,cluster_1344_tram,Anfa Clubs,['T2'],tram,33.56101799999999,-7.653188,625015.8097293695,3714296.631948585
1345,cluster_1345,cluster_1345_tram,Anfa Park (Non desservi),['T2'],tram,33.559831,-7.657648000000001,624603.4921323339,3714159.6427201573
1346,cluster_1346,cluster_1346_tram,Anoual,['T2'],tram,33.569419,-7.625025,627617.8308164139,3715262.4928030935
1347,cluster_1347,cluster_1347_tram,Attacharouk,['T1'],tram,33.574052,-7.524465000000001,636944.7355565509,3715904.6385333636
1348,cluster_1348,cluster_1348_busway,Azzohour,['BW1'],busway,33.53061999999999,-7.622920000000001,627870.3769683413,3710962.958600694
1349,cluster_1349,cluster_1349_busway,Aéropostale,['BW2'],busway,33.56508049999999,-7.6605004,624331.1752907971,3714738.291440718
1350,cluster_1350,cluster_1350_tram,Bachkou,['T1'],tram,33.564119,-7.627425000000001,627402.8445041951,3714671.860511827
1351,cluster_1351,cluster_1351_tram,Bahmad,['T1'],tram,33.594080000000005,-7.587257,631086.2272461879,3718044.1624009465
1352,cluster_1352,cluster_1352_tram,Bd Mohammed VI,['T3'],tram,33.54352200000001,-7.581526000000001,631694.7978762455,3712445.3827928435
1353,cluster_1353,cluster_1353_tram,Beauséjour,['T2'],tram,33.564245,-7.648021000000001,625490.7949028261,3714660.695103683
1354,cluster_1354,cluster_1354_tram,Boulevard du Nil,['T4'],tram,33.566438999999995,-7.564725,633219.5811883962,3715007.9747266015
1355,cluster_1355,cluster_1355_busway,C.I.L.,['BW2'],busway,33.56734029999999,-7.656237499999999,624723.6324843176,3714993.986808683
1356,cluster_1356,cluster_1356_busway,Californie,['BW1'],busway,33.53131,-7.63056,627159.8922722116,3711030.072324592
1357,cluster_1357,cluster_1357_tram,Carrières Centrales,['T2'],tram,33.592719,-7.564481,633201.8408426903,3717922.3218251676
1358,cluster_1358,cluster_1358_busway,Casa Nearshore,['BW1'],busway,33.530229999999996,-7.63878,626398.136194539,3710900.270115707
1359,cluster_1359,cluster_1359_tram,Casa Port Terminus,['T3'],tram,33.597952,-7.610986,628878.5196985236,3718443.7086580284
1360,cluster_1360,cluster_1360_tram,Casa Voyageurs,['T1'],tram,33.59062000000001,-7.592358,630618.0922108005,3717654.057072437
1361,cluster_1361,cluster_1361_tram,Centre de Maintenance,['T1'],tram,33.57934399999999,-7.513379,637965.2973780915,3716506.15487829
1362,cluster_1362,cluster_1362_tram,Chtaiba,['T4'],tram,33.565172999999994,-7.570755,632661.7786293755,3714859.8579962277
1363,cluster_1363,cluster_1363_tram,Cimetière Achohada (Non desservi),['T2'],tram,33.576663999999994,-7.5743860000000005,632307.1892033713,3716129.3793551167
1364,cluster_1364,cluster_1364_tram,Cité De L'air,['T2'],tram,33.56832299999999,-7.664376,623966.7851015312,3715093.18217898
1365,cluster_1365,cluster_1365_tram,Croisement Abd El Moumen,"['T2', 'T1']",tram,33.56967,-7.62602,627525.1041811572,3715289.0990398075
1366,cluster_1366,cluster_1366_tram,Dar Attouzani,['T3'],tram,33.548915,-7.586522000000001,631222.7653298054,3713037.0393128125
1367,cluster_1367,cluster_1367_tram,Derb Chorfa,['T3'],tram,33.56644099999999,-7.595613,630352.3835331157,3714968.9039273737
1368,cluster_1368,cluster_1368_tram,Derb Ghalef,['T2'],tram,33.57005899999999,-7.631693000000001,626997.9592092052,3715325.2630680692
1369,cluster_1369,cluster_1369_tram,Derb Milan,['T2'],tram,33.57204999999999,-7.580811,631717.8649342156,3715609.572821129
1370,cluster_1370,cluster_1370_tram,Derb Tolba,['T3'],tram,33.571003000000005,-7.596705,630244.1664439491,3715473.37997485
1371,cluster_1371,cluster_1371_tram,Ennassim,['T1'],tram,33.584638999999996,-7.504737,638758.9085764212,3717104.8390124594
1372,cluster_1372,cluster_1372_busway,Errahma,['BW2'],busway,33.531499999999994,-7.728760000000001,618040.6236505324,3710935.0384415793
1373,cluster_1373,cluster_1373_busway,Essafa,['BW2'],busway,33.5509075,-7.6962079,621036.3805916593,3713124.4909508023
1374,cluster_1374,cluster_1374_tram,Faculté de Médecine,['T1'],tram,33.57463899999998,-7.625807,627537.5661439679,3715840.3379255063
1375,cluster_1375,cluster_1375_tram,Facultés,['T1'],tram,33.54573,-7.65761,624627.2704355156,3712596.142689315
1376,cluster_1376,cluster_1376_tram,Forces Auxiliaires,['T1'],tram,33.5748,-7.539628,635536.1648251845,3715967.634835451
1377,cluster_1377,cluster_1377_tram,Garage Allal,['T3'],tram,33.575684,-7.598978,630026.1656843806,3715989.569118946
1378,cluster_1378,cluster_1378_tram,Gare Casa Sud,['T1'],tram,33.54221700000001,-7.6511,625236.7698798735,3712214.4606724777
1379,cluster_1379,cluster_1379_tram,Ghandi,['T2'],tram,33.568549999999995,-7.64492,625772.4077459327,3715141.804002696
1380,cluster_1380,cluster_1380_tram,Grande Ceinture,['T1'],tram,33.59060899999999,-7.572976000000001,632416.7503909374,3717677.458524097
1381,cluster_1381,cluster_1381_tram,Habous,['T3'],tram,33.578545,-7.600533999999999,629877.4587608094,3716304.854058504
1382,cluster_1382,cluster_1382_busway,Haj Fateh,['BW2'],busway,33.55332000000001,-7.689889999999999,621619.5560049176,3713399.388110102
1383,cluster_1383,cluster_1383_tram,Hay Adil,['T2'],tram,33.579272,-7.568178,632879.3851610654,3716426.5125970608
1384,cluster_1384,cluster_1384_tram,Hay Al Wahda Terminus,['T3'],tram,33.545766,-7.547381,634861.6848129717,3712738.108063976
1385,cluster_1385,cluster_1385_tram,Hay Assalama,['T4'],tram,33.56768199999999,-7.558373999999999,633807.200063287,3715153.988619223
1386,cluster_1386,cluster_1386_busway,Hay Chrifa,['BW1'],busway,33.53509,-7.60989,629073.7414397887,3711474.7466558698
1387,cluster_1387,cluster_1387_tram,Hay El Falah,['T4'],tram,33.563379,-7.547674000000001,634807.1117776202,3714690.7262196527
1388,cluster_1388,cluster_1388_tram,Hay El Farah,['T2'],tram,33.571639,-7.586414,631198.4194073725,3715556.8888359508
1389,cluster_1389,cluster_1389_tram,Hay Hassani,['T2'],tram,33.57656699999999,-7.672932,623160.8885124885,3715997.087466955
1390,cluster_1390,cluster_1390_tram,Hay Mohammadi,['T1'],tram,33.58514399999999,-7.566664,633010.8908977865,3717079.5674880007
1391,cluster_1391,cluster_1391_tram,Hay Raja,['T1'],tram,33.576612,-7.548226,634735.3069123484,3716157.3389515155
1392,cluster_1392,cluster_1392_tram,Hay Tissir,['T4'],tram,33.572387,-7.580565000000001,631740.1865015974,3715647.2534555052
1393,cluster_1393,cluster_1393_tram,Hermitage,['T2'],tram,33.569186,-7.617908000000001,628278.7874378754,3715245.4474986247
1394,cluster_1394,cluster_1394_tram,Hôpital Sidi Moumen,['T1'],tram,33.576404,-7.517978,637543.1163876542,3716174.035706454
1395,cluster_1395,cluster_1395_tram,Ibn Tachfine,['T1'],tram,33.58071499999999,-7.562997,633358.0240807817,3716593.1780896024
1396,cluster_1396,cluster_1396_tram,Idriss El Allam,['T3'],tram,33.559666,-7.550889999999999,634514.3306273333,3714274.8339047446
1397,cluster_1397,cluster_1397_tram,Idriss El Harti,['T4'],tram,33.561418,-7.550958,634505.3012972202,3714469.0144060287
1398,cluster_1398,cluster_1398_tram,Ifni,['T4'],tram,33.584669,-7.598034000000001,630100.2970364277,3716987.042409739
1399,cluster_1399,cluster_1399_tram,Jaber Ibn Hayane,['T4'],tram,33.588753,-7.607660999999999,629200.7682184833,3717427.8361442722
1400,cluster_1400,cluster_1400_tram,Jardin Alesco,['T3'],tram,33.550819000000004,-7.568671000000003,632877.2139101118,3713270.9049772886
1401,cluster_1401,cluster_1401_busway,Jardin Sunday,['BW1'],busway,33.536584999999995,-7.574147,632390.5172965915,3711685.5849550036
1402,cluster_1402,cluster_1402_busway,La Ferme,['BW2'],busway,33.5225031,-7.751190300000001,615969.7450886855,3709912.1562848063
1403,cluster_1403,cluster_1403_tram,La Gironde,['T4'],tram,33.58736,-7.60094,629826.5723153136,3717281.782522381
1404,cluster_1404,cluster_1404_busway,La Perception,['BW2'],busway,33.53791460000001,-7.7186159000000005,618973.8235472351,3711657.885908148
1405,cluster_1405,cluster_1405_busway,La Rocade,['BW2'],busway,33.54383200000001,-7.709205100000001,619839.4857003597,3712324.8505575946
1406,cluster_1406,cluster_1406_tram,La Résistance,['T1'],tram,33.593433,-7.602797,629645.1506437176,3717952.8513419954
1407,cluster_1407,cluster_1407_busway,Lahrizi,['BW1'],busway,33.540041999999985,-7.56847,632912.3774776575,3712076.172106725
1408,cluster_1408,cluster_1408_tram,Laymoune,['T1'],tram,33.54016399999999,-7.666361,623822.7104742138,3711968.488747641
1409,cluster_1409,cluster_1409_busway,Les Ecoles,['BW2'],busway,33.526576500000004,-7.7398515,617017.2932237693,3710376.5499528036
1410,cluster_1410,cluster_1410_tram,Les Hôpitaux,['T1'],tram,33.57996899999999,-7.624865,627617.1524198124,3716432.5041373544
1411,cluster_1411,cluster_1411_busway,Les Jardins D’Errahma,['BW2'],busway,33.53837600000001,-7.71789,619040.593645985,3711709.879428442
1412,cluster_1412,cluster_1412_busway,Les Musées,['BW2'],busway,33.56335,-7.663800000000001,624027.3620243174,3714542.455329146
1413,cluster_1413,cluster_1413_tram,Lissasfa Terminus,['T1'],tram,33.53525799999999,-7.669981,623493.5629791152,3711420.1867286875
1414,cluster_1414,cluster_1414_tram,Littoral,['T2'],tram,33.580926999999996,-7.674801999999999,622981.1422505863,3716478.311088144
1415,cluster_1415,cluster_1415_tram,Marché Central,['T1'],tram,33.594459,-7.612105000000001,628779.8787417258,3718055.0000837226
1416,cluster_1416,cluster_1416_tram,Mdakra,['T2'],tram,33.581275,-7.563372,633322.3587811348,3716654.7903439463
1417,cluster_1417,cluster_1417_tram,Mekka,['T1'],tram,33.558359,-7.629648,627204.9358591686,3714030.445640623
1418,cluster_1418,cluster_1418_tram,Mers Sultan,['T4'],tram,33.587664999999994,-7.615892,628438.534757575,3717296.954391988
1419,cluster_1419,cluster_1419_tram,Mohamed Diouri,['T1'],tram,33.593613,-7.607416,629216.256478083,3717967.0355199547
1420,cluster_1420,cluster_1420_tram,Mohammed Bouziane,['T4'],tram,33.563561,-7.554288000000001,634192.8574683847,3714702.320758268
1421,cluster_1421,cluster_1421_tram,Mohammed Erradi Terminus,['T4'],tram,33.5691,-7.517936,637558.6023367698,3715364.188535834
1422,cluster_1422,cluster_1422_tram,Mohammed Jaudar,['T4'],tram,33.568404,-7.536147000000001,635869.2837107899,3715262.978415941
1423,cluster_1423,cluster_1423_tram,Mohammed Smiha,['T3'],tram,33.59267599999999,-7.608677,629100.636969859,3717861.5644771243
1424,cluster_1424,cluster_1424_tram,Mohammed Zefzaf,['T1'],tram,33.582128,-7.509011000000002,638366.2593853952,3716820.6869168966
1425,cluster_1425,cluster_1425_tram,Mohammed Zerktouni,['T3'],tram,33.58502,-7.606005000000001,629360.0192821679,3717015.976045035
1426,cluster_1426,cluster_1426_tram,Moulay Rachid,['T4'],tram,33.57149099999999,-7.531256000000001,636318.433592362,3715611.7047854206
1427,cluster_1427,cluster_1427_busway,Moulay Thami,['BW2'],busway,33.548467999999986,-7.70109,620586.5142595116,3712848.305869446
1428,cluster_1428,cluster_1428_busway,Moulouya,['BW2'],busway,33.5563254,-7.6835188,622206.8121759511,3713740.1261675963
1429,cluster_1429,cluster_1429_tram,Okba Ibn Nafii,['T1'],tram,33.57300699999999,-7.532854000000001,636167.7249774085,3715777.703862409
1430,cluster_1430,cluster_1430_busway,Omar El Khayam Terminus,['BW1'],busway,33.54028,-7.66692,623770.6406447296,3711980.6834950615
1431,cluster_1431,cluster_1431_busway,Oued Beht,['BW2'],busway,33.558356399999994,-7.6794476,622581.8916314807,3713970.1351672877
1432,cluster_1432,cluster_1432_busway,Oued Laou,['BW2'],busway,33.55993780000001,-7.674667600000001,623023.3893641094,3714151.1482733246
1433,cluster_1433,cluster_1433_busway,Oued Oum Rabia,['BW2'],busway,33.561479999999996,-7.66949,623501.8359416466,3714328.3094419255
1434,cluster_1434,cluster_1434_busway,Oued Sbou,['BW2'],busway,33.5285408,-7.7338312,617573.7145752159,3710601.1607018197
1435,cluster_1435,cluster_1435_busway,Oulad Haddou,['BW1'],busway,33.537229999999994,-7.605220000000001,629504.1994320686,3711717.8587015527
1436,cluster_1436,cluster_1436_busway,Ouled Ahmed,['BW2'],busway,33.52484749999999,-7.7461298,616436.571656954,3710177.7725063525
1437,cluster_1437,cluster_1437_busway,Ouled Azzouz Terminus,['BW2'],busway,33.51852780000001,-7.7576399,615376.0498337368,3709464.184032724
1438,cluster_1438,cluster_1438_busway,Oulmes Terminus,['BW2'],busway,33.57153,-7.648690000000001,625418.1578628004,3715467.6626856127
1439,cluster_1439,cluster_1439_tram,Panoramique,['T1'],tram,33.547338999999994,-7.631964,627006.0623217355,3712805.681271777
1440,cluster_1440,cluster_1440_tram,Parc de la ligue arabe Terminus,['T4'],tram,33.587935,-7.621748,627894.6866901546,3717319.6440818883
1441,cluster_1441,cluster_1441_tram,Place Al Yassir,['T1'],tram,33.592837,-7.596692,630212.5677723698,3717894.426727093
1442,cluster_1442,cluster_1442_tram,Place Financière,['T2'],tram,33.562307,-7.660902,624297.8709215431,3714430.2782579637
1443,cluster_1443,cluster_1443_tram,Place Mohammed V,['T1'],tram,33.589746000000005,-7.619918999999999,628061.7448653616,3717522.7142500835
1444,cluster_1444,cluster_1444_tram,Place Sraghna,['T2'],tram,33.56962500000001,-7.602231,629733.3029205292,3715313.6484487914
1445,cluster_1445,cluster_1445_tram,Place de la Victoire,['T3'],tram,33.587849,-7.608287000000001,629144.0219251161,3717326.8165679704
1446,cluster_1446,cluster_1446_tram,Place des Nations Unies,['T1'],tram,33.59488900000001,-7.618149,628218.3896117471,3718095.1776744914
1447,cluster_1447,cluster_1447_tram,Préfecture Ain Sbaa,['T2'],tram,33.602133,-7.530003,636386.5032786843,3719011.0881031244
1448,cluster_1448,cluster_1448_tram,Riviera,['T2'],tram,33.570942999999986,-7.636231,626575.4479970986,3715417.729045039
1449,cluster_1449,cluster_1449_busway,Salmia 2 Terminus,['BW1'],busway,33.53714999999998,-7.550830000000002,634554.806047534,3711778.2520588622
1450,cluster_1450,cluster_1450_busway,Sbata,['BW1'],busway,33.538579999999996,-7.554766999999999,634187.0166057684,3711931.71288782
1451,cluster_1451,cluster_1451_busway,Sefrou,['BW1'],busway,33.54241999999999,-7.588520000000002,631047.0688036664,3712314.3261141186
1452,cluster_1452,cluster_1452_tram,Sidi Bernoussi Terminus,['T2'],tram,33.610125,-7.509822,638246.3028332505,3719924.0621296894
1453,cluster_1453,cluster_1453_busway,Sidi Maarouf,['BW1'],busway,33.53291999999998,-7.651210000000001,625239.9662263538,3711183.4600646263
1454,cluster_1454,cluster_1454_tram,Sidi Moumen Terminus,['T1'],tram,33.586647,-7.501958,639013.5988287444,3717331.224427812
1455,cluster_1455,cluster_1455_busway,Stade Tessema,['BW1'],busway,33.5410958,-7.558728000000001,633815.3371463603,3712205.5537738907
1456,cluster_1456,cluster_1456_busway,Taddart,['BW1'],busway,33.53232999999999,-7.61663,628451.9574296705,3711160.3413419886
1457,cluster_1457,cluster_1457_busway,Taza,['BW1'],busway,33.54205999999999,-7.58992,630917.6202125496,3712272.639299737
1458,cluster_1458,cluster_1458_tram,Technopark,['T1'],tram,33.544749,-7.638060000000001,626443.8515357753,3712511.043645117
1459,cluster_1459,cluster_1459_busway,Yaacoub Al Mansour,['BW2'],busway,33.56944,-7.652720000000001,625047.1111908144,3715231.0466131675
1460,cluster_1460,cluster_1460_tram,Zenith,['T1'],tram,33.54091699999999,-7.643434999999999,625950.354460353,3712079.6003438793
1461,cluster_1461,cluster_1461_tram,Zone Industrielle,['T4'],tram,33.570725,-7.52395,636997.7937117207,3715536.406092943
1462,cluster_1462,cluster_1462_tram,kissariat Hay Mohammadi,['T2'],tram,33.58712500000001,-7.563622,633290.1589381703,3717303.140858771
