{"type": "FeatureCollection", "features": [{"type": "Feature", "geometry": {"type": "Polygon", "coordinates": [[[-7.8913944752961775, 33.4795348227477], [-7.891308303153355, 33.48629830995882], [-7.899379997678423, 33.48637026524194], [-7.899465542765271, 33.47960675967831], [-7.8913944752961775, 33.4795348227477]]]}, "properties": {"score": 0.0, "avg_travel_time_min": 101.78425, "population": 23.778387, "origin_count": 1, "grid_size_m": 750}}, {"type": "Feature", "geometry": {"type": "Polygon", "coordinates": [[[-7.891308303153355, 33.48629830995882], [-7.891222102233367, 33.49306178958029], [-7.899294424023743, 33.493133763218715], [-7.899379997678423, 33.48637026524194], [-7.891308303153355, 33.48629830995882]]]}, "properties": {"score": 0.0, "avg_travel_time_min": 100.40745636127123, "population": 264.7525895, "origin_count": 14, "grid_size_m": 750}}, {"type": "Feature", "geometry": {"type": "Polygon", "coordinates": [[[-7.891222102233367, 33.49306178958029], [-7.891135872527129, 33.49982526161134], [-7.899208821792213, 33.499897253607855], [-7.899294424023743, 33.493133763218715], [-7.891222102233367, 33.49306178958029]]]}, "properties": {"score": 0.0, "avg_travel_time_min": 101.39618345925979, "population": 296.185363, "origin_count": 23, "grid_size_m": 750}}, {"type": "Feature", "geometry": {"type": "Polygon", "coordinates": [[[-7.891135872527129, 33.49982526161134], [-7.89104961402556, 33.506588726051106], [-7.899123190974817, 33.50666073640852], [-7.899208821792213, 33.499897253607855], [-7.891135872527129, 33.49982526161134]]]}, "properties": {"score": 0.0, "avg_travel_time_min": 104.97741675206632, "population": 22.159415000000003, "origin_count": 2, "grid_size_m": 750}}, {"type": "Feature", "geometry": {"type": "Polygon", "coordinates": [[[-7.883410206807546, 33.472698884062716], [-7.883323436595177, 33.47946236037894], [-7.8913944752961775, 33.4795348227477], [-7.891480618670909, 33.472771327947775], [-7.883410206807546, 33.472698884062716]]]}, "properties": {"score": 0.0, "avg_travel_time_min": 109.60151973607324, "population": 80.5000146, "origin_count": 13, "grid_size_m": 750}}, {"type": "Feature", "geometry": {"type": "Polygon", "coordinates": [[[-7.883323436595177, 33.47946236037894], [-7.883236637405455, 33.48622582910353], [-7.891308303153355, 33.48629830995882], [-7.8913944752961775, 33.4795348227477], [-7.883323436595177, 33.47946236037894]]]}, "properties": {"score": 0.0, "avg_travel_time_min": 101.24774566958817, "population": 1178.3752733000001, "origin_count": 76, "grid_size_m": 750}}, {"type": "Feature", "geometry": {"type": "Polygon", "coordinates": [[[-7.883236637405455, 33.48622582910353], [-7.883149809229236, 33.49298929023567], [-7.891222102233367, 33.49306178958029], [-7.891308303153355, 33.48629830995882], [-7.883236637405455, 33.48622582910353]]]}, "properties": {"score": 0.0, "avg_travel_time_min": 94.15002736406943, "population": 2723.5412100000003, "origin_count": 80, "grid_size_m": 750}}, {"type": "Feature", "geometry": {"type": "Polygon", "coordinates": [[[-7.883149809229236, 33.49298929023567], [-7.883062952057377, 33.499752743774536], [-7.891135872527129, 33.49982526161134], [-7.891222102233367, 33.49306178958029], [-7.883149809229236, 33.49298929023567]]]}, "properties": {"score": 0.0, "avg_travel_time_min": 94.2289725895466, "population": 1903.2238754999998, "origin_count": 80, "grid_size_m": 750}}, {"type": "Feature", "geometry": {"type": "Polygon", "coordinates": [[[-7.883062952057377, 33.499752743774536], [-7.882976065880725, 33.50651618971932], [-7.89104961402556, 33.506588726051106], [-7.891135872527129, 33.49982526161134], [-7.883062952057377, 33.499752743774536]]]}, "properties": {"score": 0.0, "avg_travel_time_min": 97.00339601228616, "population": 793.8293689999999, "origin_count": 42, "grid_size_m": 750}}, {"type": "Feature", "geometry": {"type": "Polygon", "coordinates": [[[-7.875339823912397, 33.4726259148798], [-7.875252426871529, 33.479389372578325], [-7.883323436595177, 33.47946236037894], [-7.883410206807546, 33.472698884062716], [-7.875339823912397, 33.4726259148798]]]}, "properties": {"score": 0.0, "avg_travel_time_min": 109.78684652773563, "population": 21.048671600000002, "origin_count": 4, "grid_size_m": 750}}, {"type": "Feature", "geometry": {"type": "Polygon", "coordinates": [[[-7.875252426871529, 33.479389372578325], [-7.875165000644048, 33.48615282268237], [-7.883236637405455, 33.48622582910353], [-7.883323436595177, 33.47946236037894], [-7.875252426871529, 33.479389372578325]]]}, "properties": {"score": 0.0, "avg_travel_time_min": 103.17671164415914, "population": 703.0714100999998, "origin_count": 55, "grid_size_m": 750}}, {"type": "Feature", "geometry": {"type": "Polygon", "coordinates": [[[-7.875165000644048, 33.48615282268237], [-7.875077545220748, 33.49291626519113], [-7.883149809229236, 33.49298929023567], [-7.883236637405455, 33.48622582910353], [-7.875165000644048, 33.48615282268237]]]}, "properties": {"score": 0.0, "avg_travel_time_min": 98.239590944119, "population": 2000.315308, "origin_count": 72, "grid_size_m": 750}}, {"type": "Feature", "geometry": {"type": "Polygon", "coordinates": [[[-7.875077545220748, 33.49291626519113], [-7.874990060592415, 33.49967970010378], [-7.883062952057377, 33.499752743774536], [-7.883149809229236, 33.49298929023567], [-7.875077545220748, 33.49291626519113]]]}, "properties": {"score": 0.0, "avg_travel_time_min": 91.78936636376514, "population": 3208.3252670000006, "origin_count": 73, "grid_size_m": 750}}, {"type": "Feature", "geometry": {"type": "Polygon", "coordinates": [[[-7.874990060592415, 33.49967970010378], [-7.874902546749837, 33.5064431274195], [-7.882976065880725, 33.50651618971932], [-7.883062952057377, 33.499752743774536], [-7.874990060592415, 33.49967970010378]]]}, "properties": {"score": 0.0, "avg_travel_time_min": 91.28439098258899, "population": 1835.502837, "origin_count": 72, "grid_size_m": 750}}, {"type": "Feature", "geometry": {"type": "Polygon", "coordinates": [[[-7.874902546749837, 33.5064431274195], [-7.8748150036837865, 33.51320654713751], [-7.882889150690125, 33.513279628069235], [-7.882976065880725, 33.50651618971932], [-7.874902546749837, 33.5064431274195]]]}, "properties": {"score": 0.0, "avg_travel_time_min": 97.73239376908386, "population": 129.9241, "origin_count": 7, "grid_size_m": 750}}, {"type": "Feature", "geometry": {"type": "Polygon", "coordinates": [[[-7.867181446334492, 33.479315859352205], [-7.867093393078459, 33.4860792907017], [-7.875165000644048, 33.48615282268237], [-7.875252426871529, 33.479389372578325], [-7.867181446334492, 33.479315859352205]]]}, "properties": {"score": 0.0, "avg_travel_time_min": 108.88707436747917, "population": 162.62985960000003, "origin_count": 19, "grid_size_m": 750}}, {"type": "Feature", "geometry": {"type": "Polygon", "coordinates": [[[-7.867093393078459, 33.4860792907017], [-7.867005310417289, 33.49284271445303], [-7.875077545220748, 33.49291626519113], [-7.875165000644048, 33.48615282268237], [-7.867093393078459, 33.4860792907017]]]}, "properties": {"score": 0.0, "avg_travel_time_min": 101.53181881149021, "population": 1440.622633, "origin_count": 80, "grid_size_m": 750}}, {"type": "Feature", "geometry": {"type": "Polygon", "coordinates": [[[-7.867005310417289, 33.49284271445303], [-7.866917198341703, 33.499606130605414], [-7.874990060592415, 33.49967970010378], [-7.875077545220748, 33.49291626519113], [-7.867005310417289, 33.49284271445303]]]}, "properties": {"score": 0.0, "avg_travel_time_min": 90.36035901644561, "population": 2819.864804, "origin_count": 79, "grid_size_m": 750}}, {"type": "Feature", "geometry": {"type": "Polygon", "coordinates": [[[-7.866917198341703, 33.499606130605414], [-7.866829056842417, 33.50636953915801], [-7.874902546749837, 33.5064431274195], [-7.874990060592415, 33.49967970010378], [-7.866917198341703, 33.499606130605414]]]}, "properties": {"score": 0.0, "avg_travel_time_min": 89.28836811323114, "population": 1949.741664, "origin_count": 72, "grid_size_m": 750}}, {"type": "Feature", "geometry": {"type": "Polygon", "coordinates": [[[-7.866829056842417, 33.50636953915801], [-7.866740885910145, 33.513132940110005], [-7.8748150036837865, 33.51320654713751], [-7.874902546749837, 33.5064431274195], [-7.866829056842417, 33.50636953915801]]]}, "properties": {"score": 0.0, "avg_travel_time_min": 100.54339632293001, "population": 1196.6476510000002, "origin_count": 60, "grid_size_m": 750}}, {"type": "Feature", "geometry": {"type": "Polygon", "coordinates": [[[-7.866740885910145, 33.513132940110005], [-7.866652685535593, 33.51989633346059], [-7.874727431385042, 33.51996995925696], [-7.8748150036837865, 33.51320654713751], [-7.866740885910145, 33.513132940110005]]]}, "properties": {"score": 0.0, "avg_travel_time_min": 108.5046460190199, "population": 108.336891, "origin_count": 5, "grid_size_m": 750}}, {"type": "Feature", "geometry": {"type": "Polygon", "coordinates": [[[-7.859110495193319, 33.47924182070697], [-7.859021814918008, 33.48600523316789], [-7.867093393078459, 33.4860792907017], [-7.867181446334492, 33.479315859352205], [-7.859110495193319, 33.47924182070697]]]}, "properties": {"score": 0.0, "avg_travel_time_min": 107.85143999999998, "population": 5.2891, "origin_count": 1, "grid_size_m": 750}}, {"type": "Feature", "geometry": {"type": "Polygon", "coordinates": [[[-7.859021814918008, 33.48600523316789], [-7.858933105028246, 33.49276863802779], [-7.867005310417289, 33.49284271445303], [-7.867093393078459, 33.4860792907017], [-7.859021814918008, 33.48600523316789]]]}, "properties": {"score": 0.0, "avg_travel_time_min": 98.54162149766408, "population": 731.1370493, "origin_count": 54, "grid_size_m": 750}}, {"type": "Feature", "geometry": {"type": "Polygon", "coordinates": [[[-7.858933105028246, 33.49276863802779], [-7.858844365514688, 33.49953203528583], [-7.866917198341703, 33.499606130605414], [-7.867005310417289, 33.49284271445303], [-7.858933105028246, 33.49276863802779]]]}, "properties": {"score": 0.0, "avg_travel_time_min": 88.81124134963254, "population": 2126.812658, "origin_count": 80, "grid_size_m": 750}}, {"type": "Feature", "geometry": {"type": "Polygon", "coordinates": [[[-7.858844365514688, 33.49953203528583], [-7.858755596367983, 33.506295424941214], [-7.866829056842417, 33.50636953915801], [-7.866917198341703, 33.499606130605414], [-7.858844365514688, 33.49953203528583]]]}, "properties": {"score": 0.0, "avg_travel_time_min": 87.92080219709452, "population": 2128.49112, "origin_count": 80, "grid_size_m": 750}}, {"type": "Feature", "geometry": {"type": "Polygon", "coordinates": [[[-7.858755596367983, 33.506295424941214], [-7.85866679757878, 33.51305880699313], [-7.866740885910145, 33.513132940110005], [-7.866829056842417, 33.50636953915801], [-7.858755596367983, 33.506295424941214]]]}, "properties": {"score": 0.0, "avg_travel_time_min": 98.54793918667252, "population": 2429.701688, "origin_count": 80, "grid_size_m": 750}}, {"type": "Feature", "geometry": {"type": "Polygon", "coordinates": [[[-7.85866679757878, 33.51305880699313], [-7.85857796913772, 33.51982218144074], [-7.866652685535593, 33.51989633346059], [-7.866740885910145, 33.513132940110005], [-7.85866679757878, 33.51305880699313]]]}, "properties": {"score": 0.0, "avg_travel_time_min": 105.31023910271448, "population": 509.942982, "origin_count": 19, "grid_size_m": 750}}, {"type": "Feature", "geometry": {"type": "Polygon", "coordinates": [[[-7.85095026637201, 33.48593065008741], [-7.850860929262999, 33.49269403592182], [-7.858933105028246, 33.49276863802779], [-7.859021814918008, 33.48600523316789], [-7.85095026637201, 33.48593065008741]]]}, "properties": {"score": 0.0, "avg_travel_time_min": 95.94737487291785, "population": 251.47056669999998, "origin_count": 24, "grid_size_m": 750}}, {"type": "Feature", "geometry": {"type": "Polygon", "coordinates": [[[-7.850860929262999, 33.49269403592182], [-7.850771562320816, 33.4994574141515], [-7.858844365514688, 33.49953203528583], [-7.858933105028246, 33.49276863802779], [-7.850860929262999, 33.49269403592182]]]}, "properties": {"score": 0.0, "avg_travel_time_min": 88.70861585319179, "population": 1851.8234960000002, "origin_count": 78, "grid_size_m": 750}}, {"type": "Feature", "geometry": {"type": "Polygon", "coordinates": [[[-7.850771562320816, 33.4994574141515], [-7.850682165536049, 33.506220784775586], [-7.858755596367983, 33.506295424941214], [-7.858844365514688, 33.49953203528583], [-7.850771562320816, 33.4994574141515]]]}, "properties": {"score": 0.0, "avg_travel_time_min": 86.1933108300937, "population": 2619.640134, "origin_count": 80, "grid_size_m": 750}}, {"type": "Feature", "geometry": {"type": "Polygon", "coordinates": [[[-7.850682165536049, 33.506220784775586], [-7.850592738899272, 33.51298414779331], [-7.85866679757878, 33.51305880699313], [-7.858755596367983, 33.506295424941214], [-7.850682165536049, 33.506220784775586]]]}, "properties": {"score": 0.0, "avg_travel_time_min": 93.7272145741579, "population": 2006.096138, "origin_count": 80, "grid_size_m": 750}}, {"type": "Feature", "geometry": {"type": "Polygon", "coordinates": [[[-7.850592738899272, 33.51298414779331], [-7.850503282401066, 33.51974750320383], [-7.85857796913772, 33.51982218144074], [-7.85866679757878, 33.51305880699313], [-7.850592738899272, 33.51298414779331]]]}, "properties": {"score": 0.0, "avg_travel_time_min": 101.09211257654718, "population": 1248.9631200000001, "origin_count": 50, "grid_size_m": 750}}, {"type": "Feature", "geometry": {"type": "Polygon", "coordinates": [[[-7.850503282401066, 33.51974750320383], [-7.850413796031999, 33.52651085100634], [-7.858489111035439, 33.526585548283244], [-7.85857796913772, 33.51982218144074], [-7.850503282401066, 33.51974750320383]]]}, "properties": {"score": 0.0, "avg_travel_time_min": 106.84858999999999, "population": 19.948639, "origin_count": 1, "grid_size_m": 750}}, {"type": "Feature", "geometry": {"type": "Polygon", "coordinates": [[[-7.84287874764977, 33.48585554146672], [-7.842788783330922, 33.49261890814163], [-7.850860929262999, 33.49269403592182], [-7.85095026637201, 33.48593065008741], [-7.84287874764977, 33.48585554146672]]]}, "properties": {"score": 0.0, "avg_travel_time_min": 97.83035621749059, "population": 10.572394, "origin_count": 2, "grid_size_m": 750}}, {"type": "Feature", "geometry": {"type": "Polygon", "coordinates": [[[-7.842788783330922, 33.49261890814163], [-7.842698788969532, 33.49938226720887], [-7.850771562320816, 33.4994574141515], [-7.850860929262999, 33.49269403592182], [-7.842788783330922, 33.49261890814163]]]}, "properties": {"score": 0.0, "avg_travel_time_min": 89.10458607263776, "population": 977.1047852999999, "origin_count": 67, "grid_size_m": 750}}, {"type": "Feature", "geometry": {"type": "Polygon", "coordinates": [[[-7.842698788969532, 33.49938226720887], [-7.842608764556118, 33.50614561866761], [-7.850682165536049, 33.506220784775586], [-7.850771562320816, 33.4994574141515], [-7.842698788969532, 33.49938226720887]]]}, "properties": {"score": 0.0, "avg_travel_time_min": 80.7463356611037, "population": 1621.666545, "origin_count": 72, "grid_size_m": 750}}, {"type": "Feature", "geometry": {"type": "Polygon", "coordinates": [[[-7.842608764556118, 33.50614561866761], [-7.842518710081195, 33.512908962517066], [-7.850592738899272, 33.51298414779331], [-7.850682165536049, 33.506220784775586], [-7.842608764556118, 33.50614561866761]]]}, "properties": {"score": 0.0, "avg_travel_time_min": 87.29978185537568, "population": 1260.1254325, "origin_count": 72, "grid_size_m": 750}}, {"type": "Feature", "geometry": {"type": "Polygon", "coordinates": [[[-7.842518710081195, 33.512908962517066], [-7.8424286255352715, 33.51967229875638], [-7.850503282401066, 33.51974750320383], [-7.850592738899272, 33.51298414779331], [-7.842518710081195, 33.512908962517066]]]}, "properties": {"score": 0.0, "avg_travel_time_min": 97.48921805431347, "population": 1732.2064710000002, "origin_count": 78, "grid_size_m": 750}}, {"type": "Feature", "geometry": {"type": "Polygon", "coordinates": [[[-7.8424286255352715, 33.51967229875638], [-7.842338510908854, 33.52643562738477], [-7.850413796031999, 33.52651085100634], [-7.850503282401066, 33.51974750320383], [-7.8424286255352715, 33.51967229875638]]]}, "properties": {"score": 0.0, "avg_travel_time_min": 103.42108212660236, "population": 950.851421, "origin_count": 40, "grid_size_m": 750}}, {"type": "Feature", "geometry": {"type": "Polygon", "coordinates": [[[-7.834988351281455, 33.47225318972105], [-7.834897820237441, 33.47901655232118], [-7.842968681935552, 33.47909216718495], [-7.843058586197739, 33.472328785297165], [-7.834988351281455, 33.47225318972105]]]}, "properties": {"score": 0.0, "avg_travel_time_min": 128.09643524966353, "population": 103.38589560000001, "origin_count": 19, "grid_size_m": 750}}, {"type": "Feature", "geometry": {"type": "Polygon", "coordinates": [[[-7.834897820237441, 33.47901655232118], [-7.8348072589605975, 33.48577990731236], [-7.84287874764977, 33.48585554146672], [-7.842968681935552, 33.47909216718495], [-7.834897820237441, 33.47901655232118]]]}, "properties": {"score": 0.0, "avg_travel_time_min": 117.6858301721427, "population": 409.42175789999993, "origin_count": 55, "grid_size_m": 750}}, {"type": "Feature", "geometry": {"type": "Polygon", "coordinates": [[[-7.8348072589605975, 33.48577990731236], [-7.834716667441389, 33.49254325469373], [-7.842788783330922, 33.49261890814163], [-7.84287874764977, 33.48585554146672], [-7.8348072589605975, 33.48577990731236]]]}, "properties": {"score": 0.0, "avg_travel_time_min": 112.38298373975489, "population": 10.197195, "origin_count": 2, "grid_size_m": 750}}, {"type": "Feature", "geometry": {"type": "Polygon", "coordinates": [[[-7.834716667441389, 33.49254325469373], [-7.834626045670269, 33.499306594464514], [-7.842698788969532, 33.49938226720887], [-7.842788783330922, 33.49261890814163], [-7.834716667441389, 33.49254325469373]]]}, "properties": {"score": 0.0, "avg_travel_time_min": 88.9414452712877, "population": 259.4200398, "origin_count": 27, "grid_size_m": 750}}, {"type": "Feature", "geometry": {"type": "Polygon", "coordinates": [[[-7.834626045670269, 33.499306594464514], [-7.8345353936376965, 33.50606992662383], [-7.842608764556118, 33.50614561866761], [-7.842698788969532, 33.49938226720887], [-7.834626045670269, 33.499306594464514]]]}, "properties": {"score": 0.0, "avg_travel_time_min": 83.1123638783145, "population": 1067.3110745, "origin_count": 80, "grid_size_m": 750}}, {"type": "Feature", "geometry": {"type": "Polygon", "coordinates": [[[-7.8345353936376965, 33.50606992662383], [-7.834444711334116, 33.512833251170925], [-7.842518710081195, 33.512908962517066], [-7.842608764556118, 33.50614561866761], [-7.8345353936376965, 33.50606992662383]]]}, "properties": {"score": 0.0, "avg_travel_time_min": 81.35377114299743, "population": 1169.8465065, "origin_count": 80, "grid_size_m": 750}}, {"type": "Feature", "geometry": {"type": "Polygon", "coordinates": [[[-7.834444711334116, 33.512833251170925], [-7.834353998749971, 33.51959656810494], [-7.8424286255352715, 33.51967229875638], [-7.842518710081195, 33.512908962517066], [-7.834444711334116, 33.512833251170925]]]}, "properties": {"score": 0.0, "avg_travel_time_min": 90.38713805445116, "population": 1270.4381555, "origin_count": 74, "grid_size_m": 750}}, {"type": "Feature", "geometry": {"type": "Polygon", "coordinates": [[[-7.834353998749971, 33.51959656810494], [-7.834263255875702, 33.526359877425065], [-7.842338510908854, 33.52643562738477], [-7.8424286255352715, 33.51967229875638], [-7.834353998749971, 33.51959656810494]]]}, "properties": {"score": 0.0, "avg_travel_time_min": 100.11362715685998, "population": 1517.1869969999998, "origin_count": 67, "grid_size_m": 750}}, {"type": "Feature", "geometry": {"type": "Polygon", "coordinates": [[[-7.834263255875702, 33.526359877425065], [-7.834172482701742, 33.533123179130484], [-7.8422483661924405, 33.533198948401385], [-7.842338510908854, 33.52643562738477], [-7.834263255875702, 33.526359877425065]]]}, "properties": {"score": 0.0, "avg_travel_time_min": 103.56175389871635, "population": 114.939937, "origin_count": 5, "grid_size_m": 750}}, {"type": "Feature", "geometry": {"type": "Polygon", "coordinates": [[[-7.827009273972319, 33.46541371809619], [-7.8269181465884685, 33.47217706888583], [-7.834988351281455, 33.47225318972105], [-7.835078852102173, 33.46548981951274], [-7.827009273972319, 33.46541371809619]]]}, "properties": {"score": 0.0, "avg_travel_time_min": 133.583582839783, "population": 258.9263143, "origin_count": 41, "grid_size_m": 750}}, {"type": "Feature", "geometry": {"type": "Polygon", "coordinates": [[[-7.8269181465884685, 33.47217706888583], [-7.82682698877216, 33.478940412064325], [-7.834897820237441, 33.47901655232118], [-7.834988351281455, 33.47225318972105], [-7.8269181465884685, 33.47217706888583]]]}, "properties": {"score": 0.0, "avg_travel_time_min": 130.38966973723373, "population": 391.09323739999996, "origin_count": 54, "grid_size_m": 750}}, {"type": "Feature", "geometry": {"type": "Polygon", "coordinates": [[[-7.82682698877216, 33.478940412064325], [-7.8267358005137915, 33.4857037476309], [-7.8348072589605975, 33.48577990731236], [-7.834897820237441, 33.47901655232118], [-7.82682698877216, 33.478940412064325]]]}, "properties": {"score": 0.0, "avg_travel_time_min": 120.09658576064274, "population": 510.13095169999997, "origin_count": 72, "grid_size_m": 750}}, {"type": "Feature", "geometry": {"type": "Polygon", "coordinates": [[[-7.8267358005137915, 33.4857037476309], [-7.826644581803761, 33.49246707558473], [-7.834716667441389, 33.49254325469373], [-7.8348072589605975, 33.48577990731236], [-7.8267358005137915, 33.4857037476309]]]}, "properties": {"score": 0.0, "avg_travel_time_min": 113.00680769341939, "population": 10.5598967, "origin_count": 2, "grid_size_m": 750}}, {"type": "Feature", "geometry": {"type": "Polygon", "coordinates": [[[-7.826553332632463, 33.49923039592498], [-7.826462052990282, 33.50599370865083], [-7.8345353936376965, 33.50606992662383], [-7.834626045670269, 33.499306594464514], [-7.826553332632463, 33.49923039592498]]]}, "properties": {"score": 0.0, "avg_travel_time_min": 81.8645821964624, "population": 589.0410951, "origin_count": 65, "grid_size_m": 750}}, {"type": "Feature", "geometry": {"type": "Polygon", "coordinates": [[[-7.826462052990282, 33.50599370865083], [-7.8263707428676, 33.512757013761465], [-7.834444711334116, 33.512833251170925], [-7.8345353936376965, 33.50606992662383], [-7.826462052990282, 33.50599370865083]]]}, "properties": {"score": 0.0, "avg_travel_time_min": 79.05123366601909, "population": 1311.14637, "origin_count": 80, "grid_size_m": 750}}, {"type": "Feature", "geometry": {"type": "Polygon", "coordinates": [[[-7.8263707428676, 33.512757013761465], [-7.826279402254796, 33.51952031125607], [-7.834353998749971, 33.51959656810494], [-7.834444711334116, 33.512833251170925], [-7.8263707428676, 33.512757013761465]]]}, "properties": {"score": 0.0, "avg_travel_time_min": 84.70279199109784, "population": 1732.988795, "origin_count": 80, "grid_size_m": 750}}, {"type": "Feature", "geometry": {"type": "Polygon", "coordinates": [[[-7.826279402254796, 33.51952031125607], [-7.826188031142242, 33.52628360113381], [-7.834263255875702, 33.526359877425065], [-7.834353998749971, 33.51959656810494], [-7.826279402254796, 33.51952031125607]]]}, "properties": {"score": 0.0, "avg_travel_time_min": 92.22838936300802, "population": 2052.87928, "origin_count": 80, "grid_size_m": 750}}, {"type": "Feature", "geometry": {"type": "Polygon", "coordinates": [[[-7.826188031142242, 33.52628360113381], [-7.826096629520305, 33.53304688339389], [-7.834172482701742, 33.533123179130484], [-7.834263255875702, 33.526359877425065], [-7.826188031142242, 33.52628360113381]]]}, "properties": {"score": 0.0, "avg_travel_time_min": 101.03989019723875, "population": 1982.4467200000001, "origin_count": 59, "grid_size_m": 750}}, {"type": "Feature", "geometry": {"type": "Polygon", "coordinates": [[[-7.826096629520305, 33.53304688339389], [-7.826005197379347, 33.539810158035465], [-7.834081679218518, 33.53988647322037], [-7.834172482701742, 33.533123179130484], [-7.826096629520305, 33.53304688339389]]]}, "properties": {"score": 0.0, "avg_travel_time_min": 107.87490504537847, "population": 207.375537, "origin_count": 8, "grid_size_m": 750}}, {"type": "Feature", "geometry": {"type": "Polygon", "coordinates": [[[-7.81893972626533, 33.46533709156111], [-7.818847972327942, 33.4721004227981], [-7.8269181465884685, 33.47217706888583], [-7.827009273972319, 33.46541371809619], [-7.81893972626533, 33.46533709156111]]]}, "properties": {"score": 0.0, "avg_travel_time_min": 125.73798407726974, "population": 98.5609295, "origin_count": 17, "grid_size_m": 750}}, {"type": "Feature", "geometry": {"type": "Polygon", "coordinates": [[[-7.818847972327942, 33.4721004227981], [-7.818756187748933, 33.47886374642099], [-7.82682698877216, 33.478940412064325], [-7.8269181465884685, 33.47217706888583], [-7.818847972327942, 33.4721004227981]]]}, "properties": {"score": 0.0, "avg_travel_time_min": 124.56572719348401, "population": 321.24673779999995, "origin_count": 50, "grid_size_m": 750}}, {"type": "Feature", "geometry": {"type": "Polygon", "coordinates": [[[-7.818756187748933, 33.47886374642099], [-7.818664372518644, 33.485627062428975], [-7.8267358005137915, 33.4857037476309], [-7.82682698877216, 33.478940412064325], [-7.818756187748933, 33.47886374642099]]]}, "properties": {"score": 0.0, "avg_travel_time_min": 121.80689056826789, "population": 584.406888, "origin_count": 80, "grid_size_m": 750}}, {"type": "Feature", "geometry": {"type": "Polygon", "coordinates": [[[-7.818664372518644, 33.485627062428975], [-7.8185725266274035, 33.492390370821234], [-7.826644581803761, 33.49246707558473], [-7.8267358005137915, 33.4857037476309], [-7.818664372518644, 33.485627062428975]]]}, "properties": {"score": 0.0, "avg_travel_time_min": 111.60298138535775, "population": 516.2854179, "origin_count": 68, "grid_size_m": 750}}, {"type": "Feature", "geometry": {"type": "Polygon", "coordinates": [[[-7.8185725266274035, 33.492390370821234], [-7.818480650065536, 33.49915367159692], [-7.826553332632463, 33.49923039592498], [-7.826644581803761, 33.49246707558473], [-7.8185725266274035, 33.492390370821234]]]}, "properties": {"score": 0.0, "avg_travel_time_min": 102.63161506354552, "population": 300.87959409999996, "origin_count": 40, "grid_size_m": 750}}, {"type": "Feature", "geometry": {"type": "Polygon", "coordinates": [[[-7.818480650065536, 33.49915367159692], [-7.818388742823364, 33.50591696475523], [-7.826462052990282, 33.50599370865083], [-7.826553332632463, 33.49923039592498], [-7.818480650065536, 33.49915367159692]]]}, "properties": {"score": 0.0, "avg_travel_time_min": 84.79431095771155, "population": 494.0025815, "origin_count": 48, "grid_size_m": 750}}, {"type": "Feature", "geometry": {"type": "Polygon", "coordinates": [[[-7.818388742823364, 33.50591696475523], [-7.818296804891205, 33.51268025029533], [-7.8263707428676, 33.512757013761465], [-7.826462052990282, 33.50599370865083], [-7.818388742823364, 33.50591696475523]]]}, "properties": {"score": 0.0, "avg_travel_time_min": 75.4916876066905, "population": 1806.8038649999999, "origin_count": 76, "grid_size_m": 750}}, {"type": "Feature", "geometry": {"type": "Polygon", "coordinates": [[[-7.818296804891205, 33.51268025029533], [-7.81820483625937, 33.519443528216435], [-7.826279402254796, 33.51952031125607], [-7.8263707428676, 33.512757013761465], [-7.818296804891205, 33.51268025029533]]]}, "properties": {"score": 0.0, "avg_travel_time_min": 75.93434397962162, "population": 3211.279342, "origin_count": 80, "grid_size_m": 750}}, {"type": "Feature", "geometry": {"type": "Polygon", "coordinates": [[[-7.81820483625937, 33.519443528216435], [-7.8181128369181625, 33.52620679851766], [-7.826188031142242, 33.52628360113381], [-7.826279402254796, 33.51952031125607], [-7.81820483625937, 33.519443528216435]]]}, "properties": {"score": 0.0, "avg_travel_time_min": 85.89382154368965, "population": 3833.493505, "origin_count": 80, "grid_size_m": 750}}, {"type": "Feature", "geometry": {"type": "Polygon", "coordinates": [[[-7.8181128369181625, 33.52620679851766], [-7.818020806857887, 33.53297006119825], [-7.826096629520305, 33.53304688339389], [-7.826188031142242, 33.52628360113381], [-7.8181128369181625, 33.52620679851766]]]}, "properties": {"score": 0.0, "avg_travel_time_min": 96.71426106794823, "population": 2967.5948860000003, "origin_count": 79, "grid_size_m": 750}}, {"type": "Feature", "geometry": {"type": "Polygon", "coordinates": [[[-7.818020806857887, 33.53297006119825], [-7.81792874606884, 33.53973331625733], [-7.826005197379347, 33.539810158035465], [-7.826096629520305, 33.53304688339389], [-7.818020806857887, 33.53297006119825]]]}, "properties": {"score": 0.0, "avg_travel_time_min": 105.42629246417376, "population": 996.531493, "origin_count": 41, "grid_size_m": 750}}, {"type": "Feature", "geometry": {"type": "Polygon", "coordinates": [[[-7.8108702091903, 33.465259939914155], [-7.810777828709031, 33.472023251464556], [-7.818847972327942, 33.4721004227981], [-7.81893972626533, 33.46533709156111], [-7.8108702091903, 33.465259939914155]]]}, "properties": {"score": 0.0, "avg_travel_time_min": 103.63156979051297, "population": 38.672631499999994, "origin_count": 7, "grid_size_m": 750}}, {"type": "Feature", "geometry": {"type": "Polygon", "coordinates": [[[-7.810777828709031, 33.472023251464556], [-7.810685417376989, 33.47878655539786], [-7.818756187748933, 33.47886374642099], [-7.818847972327942, 33.4721004227981], [-7.810777828709031, 33.472023251464556]]]}, "properties": {"score": 0.0, "avg_travel_time_min": 109.6394891666963, "population": 336.3900144, "origin_count": 54, "grid_size_m": 750}}, {"type": "Feature", "geometry": {"type": "Polygon", "coordinates": [[[-7.810685417376989, 33.47878655539786], [-7.8105929751844485, 33.48554985171326], [-7.818664372518644, 33.485627062428975], [-7.818756187748933, 33.47886374642099], [-7.810685417376989, 33.47878655539786]]]}, "properties": {"score": 0.0, "avg_travel_time_min": 115.42600707596996, "population": 803.8479078, "origin_count": 80, "grid_size_m": 750}}, {"type": "Feature", "geometry": {"type": "Polygon", "coordinates": [[[-7.8105929751844485, 33.48554985171326], [-7.810500502121668, 33.492313140409905], [-7.8185725266274035, 33.492390370821234], [-7.818664372518644, 33.485627062428975], [-7.8105929751844485, 33.48554985171326]]]}, "properties": {"score": 0.0, "avg_travel_time_min": 113.85749183977055, "population": 965.1445995, "origin_count": 80, "grid_size_m": 750}}, {"type": "Feature", "geometry": {"type": "Polygon", "coordinates": [[[-7.810500502121668, 33.492313140409905], [-7.8104079981789125, 33.499076421487004], [-7.818480650065536, 33.49915367159692], [-7.8185725266274035, 33.492390370821234], [-7.810500502121668, 33.492313140409905]]]}, "properties": {"score": 0.0, "avg_travel_time_min": 102.16316596630574, "population": 800.2144149, "origin_count": 80, "grid_size_m": 750}}, {"type": "Feature", "geometry": {"type": "Polygon", "coordinates": [[[-7.8104079981789125, 33.499076421487004], [-7.810315463346437, 33.505839694943695], [-7.818388742823364, 33.50591696475523], [-7.818480650065536, 33.49915367159692], [-7.8104079981789125, 33.499076421487004]]]}, "properties": {"score": 0.0, "avg_travel_time_min": 88.52353835984384, "population": 501.13193700000005, "origin_count": 80, "grid_size_m": 750}}, {"type": "Feature", "geometry": {"type": "Polygon", "coordinates": [[[-7.810315463346437, 33.505839694943695], [-7.810222897614487, 33.512602960779205], [-7.818296804891205, 33.51268025029533], [-7.818388742823364, 33.50591696475523], [-7.810315463346437, 33.505839694943695]]]}, "properties": {"score": 0.0, "avg_travel_time_min": 76.39375205796506, "population": 1886.8517495, "origin_count": 76, "grid_size_m": 750}}, {"type": "Feature", "geometry": {"type": "Polygon", "coordinates": [[[-7.810222897614487, 33.512602960779205], [-7.810130300973313, 33.51936621899268], [-7.81820483625937, 33.519443528216435], [-7.818296804891205, 33.51268025029533], [-7.810222897614487, 33.512602960779205]]]}, "properties": {"score": 0.0, "avg_travel_time_min": 72.85101013602805, "population": 3225.333004, "origin_count": 72, "grid_size_m": 750}}, {"type": "Feature", "geometry": {"type": "Polygon", "coordinates": [[[-7.810130300973313, 33.51936621899268], [-7.810037673413153, 33.52612946958329], [-7.8181128369181625, 33.52620679851766], [-7.81820483625937, 33.519443528216435], [-7.810130300973313, 33.51936621899268]]]}, "properties": {"score": 0.0, "avg_travel_time_min": 80.30855416939308, "population": 2956.9555290000003, "origin_count": 72, "grid_size_m": 750}}, {"type": "Feature", "geometry": {"type": "Polygon", "coordinates": [[[-7.810037673413153, 33.52612946958329], [-7.809945014924242, 33.532892712550236], [-7.818020806857887, 33.53297006119825], [-7.8181128369181625, 33.52620679851766], [-7.810037673413153, 33.52612946958329]]]}, "properties": {"score": 0.0, "avg_travel_time_min": 86.8402161979828, "population": 509.76091599999995, "origin_count": 18, "grid_size_m": 750}}, {"type": "Feature", "geometry": {"type": "Polygon", "coordinates": [[[-7.8028007229563165, 33.465182263162035], [-7.802707715940892, 33.47194555489189], [-7.810777828709031, 33.472023251464556], [-7.8108702091903, 33.465259939914155], [-7.8028007229563165, 33.465182263162035]]]}, "properties": {"score": 0.0, "avg_travel_time_min": 95.37892993126367, "population": 221.410654, "origin_count": 37, "grid_size_m": 750}}, {"type": "Feature", "geometry": {"type": "Polygon", "coordinates": [[[-7.802707715940892, 33.47194555489189], [-7.802614677865548, 33.47870883900162], [-7.810685417376989, 33.47878655539786], [-7.810777828709031, 33.472023251464556], [-7.802707715940892, 33.47194555489189]]]}, "properties": {"score": 0.0, "avg_travel_time_min": 100.49794167177065, "population": 290.5939163, "origin_count": 47, "grid_size_m": 750}}, {"type": "Feature", "geometry": {"type": "Polygon", "coordinates": [[[-7.802614677865548, 33.47870883900162], [-7.802521608720488, 33.48547211549044], [-7.8105929751844485, 33.48554985171326], [-7.810685417376989, 33.47878655539786], [-7.802614677865548, 33.47870883900162]]]}, "properties": {"score": 0.0, "avg_travel_time_min": 106.43435630590591, "population": 509.8563959, "origin_count": 57, "grid_size_m": 750}}, {"type": "Feature", "geometry": {"type": "Polygon", "coordinates": [[[-7.802521608720488, 33.48547211549044], [-7.80242850849591, 33.49223538435748], [-7.810500502121668, 33.492313140409905], [-7.8105929751844485, 33.48554985171326], [-7.802521608720488, 33.48547211549044]]]}, "properties": {"score": 0.0, "avg_travel_time_min": 111.87531008093067, "population": 725.7752057000001, "origin_count": 78, "grid_size_m": 750}}, {"type": "Feature", "geometry": {"type": "Polygon", "coordinates": [[[-7.80242850849591, 33.49223538435748], [-7.802335377182011, 33.49899864560194], [-7.8104079981789125, 33.499076421487004], [-7.810500502121668, 33.492313140409905], [-7.80242850849591, 33.49223538435748]]]}, "properties": {"score": 0.0, "avg_travel_time_min": 103.62935577328193, "population": 1028.9910449, "origin_count": 80, "grid_size_m": 750}}, {"type": "Feature", "geometry": {"type": "Polygon", "coordinates": [[[-7.802335377182011, 33.49899864560194], [-7.802242214768978, 33.50576189922298], [-7.810315463346437, 33.505839694943695], [-7.8104079981789125, 33.499076421487004], [-7.802335377182011, 33.49899864560194]]]}, "properties": {"score": 0.0, "avg_travel_time_min": 91.74359437707535, "population": 527.2598886, "origin_count": 76, "grid_size_m": 750}}, {"type": "Feature", "geometry": {"type": "Polygon", "coordinates": [[[-7.802242214768978, 33.50576189922298], [-7.802149021246994, 33.5125251452198], [-7.810222897614487, 33.512602960779205], [-7.810315463346437, 33.505839694943695], [-7.802242214768978, 33.50576189922298]]]}, "properties": {"score": 0.0, "avg_travel_time_min": 76.14859985499777, "population": 1102.9447392999998, "origin_count": 80, "grid_size_m": 750}}, {"type": "Feature", "geometry": {"type": "Polygon", "coordinates": [[[-7.802149021246994, 33.5125251452198], [-7.8020557966062425, 33.519288383591565], [-7.810130300973313, 33.51936621899268], [-7.810222897614487, 33.512602960779205], [-7.802149021246994, 33.5125251452198]]]}, "properties": {"score": 0.0, "avg_travel_time_min": 69.06849820153404, "population": 2362.751035, "origin_count": 80, "grid_size_m": 750}}, {"type": "Feature", "geometry": {"type": "Polygon", "coordinates": [[[-7.8020557966062425, 33.519288383591565], [-7.801962540836893, 33.52605161433743], [-7.810037673413153, 33.52612946958329], [-7.810130300973313, 33.51936621899268], [-7.8020557966062425, 33.519288383591565]]]}, "properties": {"score": 0.0, "avg_travel_time_min": 75.41405116349958, "population": 2492.517585, "origin_count": 80, "grid_size_m": 750}}, {"type": "Feature", "geometry": {"type": "Polygon", "coordinates": [[[-7.801962540836893, 33.52605161433743], [-7.801869253929117, 33.532814837456606], [-7.809945014924242, 33.532892712550236], [-7.810037673413153, 33.52612946958329], [-7.801962540836893, 33.52605161433743]]]}, "properties": {"score": 0.0, "avg_travel_time_min": 82.18560352944921, "population": 621.943495, "origin_count": 23, "grid_size_m": 750}}, {"type": "Feature", "geometry": {"type": "Polygon", "coordinates": [[[-7.794824870053042, 33.45834078191382], [-7.794731267772461, 33.46510406131151], [-7.8028007229563165, 33.465182263162035], [-7.802893698921611, 33.458418963812896], [-7.794824870053042, 33.45834078191382]]]}, "properties": {"score": 0.0, "avg_travel_time_min": 84.85397, "population": 5.0063386, "origin_count": 1, "grid_size_m": 750}}, {"type": "Feature", "geometry": {"type": "Polygon", "coordinates": [[[-7.794731267772461, 33.46510406131151], [-7.7946376342326715, 33.47186733308686], [-7.802707715940892, 33.47194555489189], [-7.8028007229563165, 33.465182263162035], [-7.794731267772461, 33.46510406131151]]]}, "properties": {"score": 0.0, "avg_travel_time_min": 89.69850668063812, "population": 15.751087100000001, "origin_count": 3, "grid_size_m": 750}}, {"type": "Feature", "geometry": {"type": "Polygon", "coordinates": [[[-7.7946376342326715, 33.47186733308686], [-7.794543969423821, 33.478630597239054], [-7.802614677865548, 33.47870883900162], [-7.802707715940892, 33.47194555489189], [-7.7946376342326715, 33.47186733308686]]]}, "properties": {"score": 0.0, "avg_travel_time_min": 90.614334, "population": 5.189019, "origin_count": 1, "grid_size_m": 750}}, {"type": "Feature", "geometry": {"type": "Polygon", "coordinates": [[[-7.794450273336043, 33.485393853767285], [-7.794356545959475, 33.492157102670696], [-7.80242850849591, 33.49223538435748], [-7.802521608720488, 33.48547211549044], [-7.794450273336043, 33.485393853767285]]]}, "properties": {"score": 0.0, "avg_travel_time_min": 110.04763512630575, "population": 146.09817189999998, "origin_count": 21, "grid_size_m": 750}}, {"type": "Feature", "geometry": {"type": "Polygon", "coordinates": [[[-7.794356545959475, 33.492157102670696], [-7.794262787284241, 33.4989203439485], [-7.802335377182011, 33.49899864560194], [-7.80242850849591, 33.49223538435748], [-7.794356545959475, 33.492157102670696]]]}, "properties": {"score": 0.0, "avg_travel_time_min": 103.10062170095713, "population": 742.0268594999999, "origin_count": 68, "grid_size_m": 750}}, {"type": "Feature", "geometry": {"type": "Polygon", "coordinates": [[[-7.794262787284241, 33.4989203439485], [-7.794168997300469, 33.505683577599825], [-7.802242214768978, 33.50576189922298], [-7.802335377182011, 33.49899864560194], [-7.794262787284241, 33.4989203439485]]]}, "properties": {"score": 0.0, "avg_travel_time_min": 92.80055425707548, "population": 553.7478434, "origin_count": 66, "grid_size_m": 750}}, {"type": "Feature", "geometry": {"type": "Polygon", "coordinates": [[[-7.794168997300469, 33.505683577599825], [-7.794075175998272, 33.51244680362388], [-7.802149021246994, 33.5125251452198], [-7.802242214768978, 33.50576189922298], [-7.794168997300469, 33.505683577599825]]]}, "properties": {"score": 0.0, "avg_travel_time_min": 76.34808550483817, "population": 344.3110637, "origin_count": 47, "grid_size_m": 750}}, {"type": "Feature", "geometry": {"type": "Polygon", "coordinates": [[[-7.794075175998272, 33.51244680362388], [-7.793981323367767, 33.51921002201984], [-7.8020557966062425, 33.519288383591565], [-7.802149021246994, 33.5125251452198], [-7.794075175998272, 33.51244680362388]]]}, "properties": {"score": 0.0, "avg_travel_time_min": 68.49766142537239, "population": 1642.3426393999998, "origin_count": 87, "grid_size_m": 750}}, {"type": "Feature", "geometry": {"type": "Polygon", "coordinates": [[[-7.793981323367767, 33.51921002201984], [-7.79388743939906, 33.52597323278685], [-7.801962540836893, 33.52605161433743], [-7.8020557966062425, 33.519288383591565], [-7.793981323367767, 33.51921002201984]]]}, "properties": {"score": 0.0, "avg_travel_time_min": 72.35607840189832, "population": 2089.94979, "origin_count": 80, "grid_size_m": 750}}, {"type": "Feature", "geometry": {"type": "Polygon", "coordinates": [[[-7.79388743939906, 33.52597323278685], [-7.793793524082252, 33.532736435924114], [-7.801869253929117, 33.532814837456606], [-7.801962540836893, 33.52605161433743], [-7.79388743939906, 33.52597323278685]]]}, "properties": {"score": 0.0, "avg_travel_time_min": 77.53466938974316, "population": 1272.7158129999998, "origin_count": 49, "grid_size_m": 750}}, {"type": "Feature", "geometry": {"type": "Polygon", "coordinates": [[[-7.793793524082252, 33.532736435924114], [-7.793699577407446, 33.5394996314308], [-7.801775935873075, 33.53957805294825], [-7.801869253929117, 33.532814837456606], [-7.793793524082252, 33.532736435924114]]]}, "properties": {"score": 0.0, "avg_travel_time_min": 86.33490088140873, "population": 229.323103, "origin_count": 13, "grid_size_m": 750}}, {"type": "Feature", "geometry": {"type": "Polygon", "coordinates": [[[-7.793699577407446, 33.5394996314308], [-7.7936055993647315, 33.546262819306094], [-7.8016825866589325, 33.54634126081156], [-7.801775935873075, 33.53957805294825], [-7.793699577407446, 33.5394996314308]]]}, "properties": {"score": 0.0, "avg_travel_time_min": 91.98627815399071, "population": 19.713839, "origin_count": 2, "grid_size_m": 750}}, {"type": "Feature", "geometry": {"type": "Polygon", "coordinates": [[[-7.786284614721701, 33.492078295356386], [-7.786190228695013, 33.49884151653348], [-7.794262787284241, 33.4989203439485], [-7.794356545959475, 33.492157102670696], [-7.786284614721701, 33.492078295356386]]]}, "properties": {"score": 0.0, "avg_travel_time_min": 103.00237939334313, "population": 173.03493020000002, "origin_count": 27, "grid_size_m": 750}}, {"type": "Feature", "geometry": {"type": "Polygon", "coordinates": [[[-7.786190228695013, 33.49884151653348], [-7.786095811150381, 33.505604730081046], [-7.794168997300469, 33.505683577599825], [-7.794262787284241, 33.4989203439485], [-7.786190228695013, 33.49884151653348]]]}, "properties": {"score": 0.0, "avg_travel_time_min": 94.27606466123649, "population": 325.7174910000001, "origin_count": 54, "grid_size_m": 750}}, {"type": "Feature", "geometry": {"type": "Polygon", "coordinates": [[[-7.786095811150381, 33.505604730081046], [-7.786001362077858, 33.51236793599827], [-7.794075175998272, 33.51244680362388], [-7.794168997300469, 33.505683577599825], [-7.786095811150381, 33.505604730081046]]]}, "properties": {"score": 0.0, "avg_travel_time_min": 88.14433814917206, "population": 26.1933941, "origin_count": 5, "grid_size_m": 750}}, {"type": "Feature", "geometry": {"type": "Polygon", "coordinates": [[[-7.786001362077858, 33.51236793599827], [-7.785906881467492, 33.519131134284315], [-7.793981323367767, 33.51921002201984], [-7.794075175998272, 33.51244680362388], [-7.786001362077858, 33.51236793599827]]]}, "properties": {"score": 0.0, "avg_travel_time_min": 71.54086179678185, "population": 756.6546109, "origin_count": 58, "grid_size_m": 750}}, {"type": "Feature", "geometry": {"type": "Polygon", "coordinates": [[[-7.785906881467492, 33.519131134284315], [-7.7858123693093235, 33.52589432493838], [-7.79388743939906, 33.52597323278685], [-7.793981323367767, 33.51921002201984], [-7.785906881467492, 33.519131134284315]]]}, "properties": {"score": 0.039807208232718286, "avg_travel_time_min": 64.69566127737737, "population": 2219.563950999999, "origin_count": 78, "grid_size_m": 750}}, {"type": "Feature", "geometry": {"type": "Polygon", "coordinates": [[[-7.7858123693093235, 33.52589432493838], [-7.78571782559339, 33.53265750795959], [-7.793793524082252, 33.532736435924114], [-7.79388743939906, 33.52597323278685], [-7.7858123693093235, 33.52589432493838]]]}, "properties": {"score": 0.0, "avg_travel_time_min": 71.82562578485172, "population": 1790.429301, "origin_count": 80, "grid_size_m": 750}}, {"type": "Feature", "geometry": {"type": "Polygon", "coordinates": [[[-7.78571782559339, 33.53265750795959], [-7.7856232503097225, 33.53942068334717], [-7.793699577407446, 33.5394996314308], [-7.793793524082252, 33.532736435924114], [-7.78571782559339, 33.53265750795959]]]}, "properties": {"score": 0.0, "avg_travel_time_min": 78.60557045135072, "population": 545.8253629999999, "origin_count": 23, "grid_size_m": 750}}, {"type": "Feature", "geometry": {"type": "Polygon", "coordinates": [[[-7.778022656528182, 33.5055253566735], [-7.777927579695287, 33.51228854234983], [-7.786001362077858, 33.51236793599827], [-7.786095811150381, 33.505604730081046], [-7.778022656528182, 33.5055253566735]]]}, "properties": {"score": 0.4328827251788377, "avg_travel_time_min": 66.35934846290715, "population": 148.0093223, "origin_count": 25, "grid_size_m": 750}}, {"type": "Feature", "geometry": {"type": "Polygon", "coordinates": [[[-7.777927579695287, 33.51228854234983], [-7.777832471115017, 33.519051720391886], [-7.785906881467492, 33.519131134284315], [-7.786001362077858, 33.51236793599827], [-7.777927579695287, 33.51228854234983]]]}, "properties": {"score": 0.8556058156770733, "avg_travel_time_min": 68.91301137485881, "population": 573.2303575999999, "origin_count": 63, "grid_size_m": 750}}, {"type": "Feature", "geometry": {"type": "Polygon", "coordinates": [[[-7.777832471115017, 33.519051720391886], [-7.777737330777351, 33.52581489079886], [-7.7858123693093235, 33.52589432493838], [-7.785906881467492, 33.519131134284315], [-7.777832471115017, 33.519051720391886]]]}, "properties": {"score": 0.06327549802362512, "avg_travel_time_min": 65.75563510804828, "population": 2387.5963739999997, "origin_count": 86, "grid_size_m": 750}}, {"type": "Feature", "geometry": {"type": "Polygon", "coordinates": [[[-7.777737330777351, 33.52581489079886], [-7.7776421586722595, 33.5325780535699], [-7.78571782559339, 33.53265750795959], [-7.7858123693093235, 33.52589432493838], [-7.777737330777351, 33.52581489079886]]]}, "properties": {"score": 0.0, "avg_travel_time_min": 68.83876664131753, "population": 1975.7017019999998, "origin_count": 74, "grid_size_m": 750}}, {"type": "Feature", "geometry": {"type": "Polygon", "coordinates": [[[-7.7776421586722595, 33.5325780535699], [-7.777546954789704, 33.5393412087042], [-7.7856232503097225, 33.53942068334717], [-7.78571782559339, 33.53265750795959], [-7.7776421586722595, 33.5325780535699]]]}, "properties": {"score": 0.0, "avg_travel_time_min": 70.13546790109231, "population": 1669.8832230000003, "origin_count": 53, "grid_size_m": 750}}, {"type": "Feature", "geometry": {"type": "Polygon", "coordinates": [[[-7.769949533643337, 33.50544545738411], [-7.769853829060087, 33.51220862268545], [-7.777927579695287, 33.51228854234983], [-7.778022656528182, 33.5055253566735], [-7.769949533643337, 33.50544545738411]]]}, "properties": {"score": 12.098273807532374, "avg_travel_time_min": 52.74103574060472, "population": 164.13199380000003, "origin_count": 24, "grid_size_m": 750}}, {"type": "Feature", "geometry": {"type": "Polygon", "coordinates": [[[-7.769853829060087, 33.51220862268545], [-7.76975809251994, 33.51897178034944], [-7.777832471115017, 33.519051720391886], [-7.777927579695287, 33.51228854234983], [-7.769853829060087, 33.51220862268545]]]}, "properties": {"score": 17.725001376417694, "avg_travel_time_min": 49.3649993213215, "population": 716.8506092, "origin_count": 80, "grid_size_m": 750}}, {"type": "Feature", "geometry": {"type": "Polygon", "coordinates": [[[-7.76975809251994, 33.51897178034944], [-7.769662324012805, 33.52573493037521], [-7.777737330777351, 33.52581489079886], [-7.777832471115017, 33.519051720391886], [-7.76975809251994, 33.51897178034944]]]}, "properties": {"score": 6.868817137745112, "avg_travel_time_min": 62.520612449696905, "population": 1220.9183858, "origin_count": 80, "grid_size_m": 750}}, {"type": "Feature", "geometry": {"type": "Polygon", "coordinates": [[[-7.769662324012805, 33.52573493037521], [-7.769566523528588, 33.53249807276195], [-7.7776421586722595, 33.5325780535699], [-7.777737330777351, 33.52581489079886], [-7.769662324012805, 33.52573493037521]]]}, "properties": {"score": 3.286995420956324, "avg_travel_time_min": 59.75912989316793, "population": 2324.4993189999996, "origin_count": 90, "grid_size_m": 750}}, {"type": "Feature", "geometry": {"type": "Polygon", "coordinates": [[[-7.769566523528588, 33.53249807276195], [-7.769470691057187, 33.539261207508844], [-7.777546954789704, 33.5393412087042], [-7.7776421586722595, 33.5325780535699], [-7.769566523528588, 33.53249807276195]]]}, "properties": {"score": 0.7678187056404155, "avg_travel_time_min": 62.41456546264019, "population": 2641.5941350000003, "origin_count": 80, "grid_size_m": 750}}, {"type": "Feature", "geometry": {"type": "Polygon", "coordinates": [[[-7.769470691057187, 33.539261207508844], [-7.769374826588497, 33.54602433461505], [-7.777451719119651, 33.54610435620095], [-7.777546954789704, 33.5393412087042], [-7.769470691057187, 33.539261207508844]]]}, "properties": {"score": 0.0, "avg_travel_time_min": 67.43069676371401, "population": 545.449746, "origin_count": 22, "grid_size_m": 750}}, {"type": "Feature", "geometry": {"type": "Polygon", "coordinates": [[[-7.762261450538169, 33.478312376662124], [-7.762165246778854, 33.485075552008155], [-7.770236455752532, 33.48515591566412], [-7.770332032608995, 33.47839271982157], [-7.762261450538169, 33.478312376662124]]]}, "properties": {"score": 0.0, "avg_travel_time_min": 64.57104247174199, "population": 15.467172600000001, "origin_count": 3, "grid_size_m": 750}}, {"type": "Feature", "geometry": {"type": "Polygon", "coordinates": [[[-7.7618764427053035, 33.5053650322198], [-7.761780110381785, 33.512128177012116], [-7.769853829060087, 33.51220862268545], [-7.769949533643337, 33.50544545738411], [-7.7618764427053035, 33.5053650322198]]]}, "properties": {"score": 30.88939584313077, "avg_travel_time_min": 41.466363126297615, "population": 49.4641405, "origin_count": 9, "grid_size_m": 750}}, {"type": "Feature", "geometry": {"type": "Polygon", "coordinates": [[[-7.761780110381785, 33.512128177012116], [-7.761683745891849, 33.51889131416393], [-7.76975809251994, 33.51897178034944], [-7.769853829060087, 33.51220862268545], [-7.761780110381785, 33.512128177012116]]]}, "properties": {"score": 37.18200318462569, "avg_travel_time_min": 37.6907981100006, "population": 440.14145440000004, "origin_count": 70, "grid_size_m": 750}}, {"type": "Feature", "geometry": {"type": "Polygon", "coordinates": [[[-7.761683745891849, 33.51889131416393], [-7.761587349225341, 33.5256544436744], [-7.769662324012805, 33.52573493037521], [-7.76975809251994, 33.51897178034944], [-7.761683745891849, 33.51889131416393]]]}, "properties": {"score": 36.399742865340215, "avg_travel_time_min": 38.16015423774864, "population": 625.2848542, "origin_count": 78, "grid_size_m": 750}}, {"type": "Feature", "geometry": {"type": "Polygon", "coordinates": [[[-7.761587349225341, 33.5256544436744], [-7.7614909203721, 33.53241756554272], [-7.769566523528588, 33.53249807276195], [-7.769662324012805, 33.52573493037521], [-7.761587349225341, 33.5256544436744]]]}, "properties": {"score": 18.185558235957075, "avg_travel_time_min": 49.102435628496224, "population": 1477.1657935, "origin_count": 80, "grid_size_m": 750}}, {"type": "Feature", "geometry": {"type": "Polygon", "coordinates": [[[-7.7614909203721, 33.53241756554272], [-7.761394459321957, 33.53918067976804], [-7.769470691057187, 33.539261207508844], [-7.769566523528588, 33.53249807276195], [-7.7614909203721, 33.53241756554272]]]}, "properties": {"score": 4.992724623954116, "avg_travel_time_min": 57.140431847624804, "population": 2002.5604970000002, "origin_count": 90, "grid_size_m": 750}}, {"type": "Feature", "geometry": {"type": "Polygon", "coordinates": [[[-7.761394459321957, 33.53918067976804], [-7.761297966064742, 33.545943786349554], [-7.769374826588497, 33.54602433461505], [-7.769470691057187, 33.539261207508844], [-7.761394459321957, 33.53918067976804]]]}, "properties": {"score": 0.912344733074756, "avg_travel_time_min": 61.90935590690142, "population": 1380.9091785, "origin_count": 65, "grid_size_m": 750}}, {"type": "Feature", "geometry": {"type": "Polygon", "coordinates": [[[-7.7542876989102, 33.47146834581583], [-7.754190900583056, 33.478231508170815], [-7.762261450538169, 33.478312376662124], [-7.762357622181774, 33.47154919367977], [-7.7542876989102, 33.47146834581583]]]}, "properties": {"score": 2.5261438285520375, "avg_travel_time_min": 58.80386144578084, "population": 66.9226622, "origin_count": 12, "grid_size_m": 750}}, {"type": "Feature", "geometry": {"type": "Polygon", "coordinates": [[[-7.754190900583056, 33.478231508170815], [-7.754094069931015, 33.48499466288633], [-7.762165246778854, 33.485075552008155], [-7.762261450538169, 33.478312376662124], [-7.754190900583056, 33.478231508170815]]]}, "properties": {"score": 1.651764371163765, "avg_travel_time_min": 60.21628633678678, "population": 134.32603469999998, "origin_count": 24, "grid_size_m": 750}}, {"type": "Feature", "geometry": {"type": "Polygon", "coordinates": [[[-7.753803383923533, 33.505284081187575], [-7.753706423869896, 33.512047205336785], [-7.761780110381785, 33.512128177012116], [-7.7618764427053035, 33.5053650322198], [-7.753803383923533, 33.505284081187575]]]}, "properties": {"score": 37.27374482960809, "avg_travel_time_min": 37.63575297994021, "population": 61.423091799999995, "origin_count": 11, "grid_size_m": 750}}, {"type": "Feature", "geometry": {"type": "Polygon", "coordinates": [[[-7.753706423869896, 33.512047205336785], [-7.75360943144033, 33.518810321842345], [-7.761683745891849, 33.51889131416393], [-7.761780110381785, 33.512128177012116], [-7.753706423869896, 33.512047205336785]]]}, "properties": {"score": 49.75665584946768, "avg_travel_time_min": 30.146006488057736, "population": 545.3100278000002, "origin_count": 79, "grid_size_m": 750}}, {"type": "Feature", "geometry": {"type": "Polygon", "coordinates": [[[-7.75360943144033, 33.518810321842345], [-7.753512406624609, 33.52557343070343], [-7.761587349225341, 33.5256544436744], [-7.761683745891849, 33.51889131416393], [-7.75360943144033, 33.518810321842345]]]}, "properties": {"score": 48.57365414711773, "avg_travel_time_min": 30.8558074185059, "population": 937.8113510000001, "origin_count": 74, "grid_size_m": 750}}, {"type": "Feature", "geometry": {"type": "Polygon", "coordinates": [[[-7.753512406624609, 33.52557343070343], [-7.75341534941251, 33.53233653191919], [-7.7614909203721, 33.53241756554272], [-7.761587349225341, 33.5256544436744], [-7.753512406624609, 33.52557343070343]]]}, "properties": {"score": 31.034429910576012, "avg_travel_time_min": 41.62565686592504, "population": 1105.9602545, "origin_count": 72, "grid_size_m": 750}}, {"type": "Feature", "geometry": {"type": "Polygon", "coordinates": [[[-7.75341534941251, 33.53233653191919], [-7.7533182597938, 33.53909962548881], [-7.761394459321957, 33.53918067976804], [-7.7614909203721, 33.53241756554272], [-7.75341534941251, 33.53233653191919]]]}, "properties": {"score": 11.064561753276871, "avg_travel_time_min": 53.53327157155006, "population": 1354.2476614999998, "origin_count": 74, "grid_size_m": 750}}, {"type": "Feature", "geometry": {"type": "Polygon", "coordinates": [[[-7.7533182597938, 33.53909962548881], [-7.753221137758237, 33.545862711411466], [-7.761297966064742, 33.545943786349554], [-7.761394459321957, 33.53918067976804], [-7.7533182597938, 33.53909962548881]]]}, "properties": {"score": 10.555697255730978, "avg_travel_time_min": 53.67002674287722, "population": 1775.855569, "origin_count": 89, "grid_size_m": 750}}, {"type": "Feature", "geometry": {"type": "Polygon", "coordinates": [[[-7.753221137758237, 33.545862711411466], [-7.7531239832955805, 33.55262578968631], [-7.761201440590279, 33.55270688528642], [-7.761297966064742, 33.545943786349554], [-7.753221137758237, 33.545862711411466]]]}, "properties": {"score": 0.953038838916147, "avg_travel_time_min": 59.93957866281494, "population": 502.720957, "origin_count": 29, "grid_size_m": 750}}, {"type": "Feature", "geometry": {"type": "Polygon", "coordinates": [[[-7.74582791270586, 33.49843949327642], [-7.745730357507476, 33.50520260429446], [-7.753803383923533, 33.505284081187575], [-7.753900311611459, 33.49852094939554], [-7.74582791270586, 33.49843949327642]]]}, "properties": {"score": 6.9283150102160365, "avg_travel_time_min": 58.08049536854928, "population": 33.2504896, "origin_count": 6, "grid_size_m": 750}}, {"type": "Feature", "geometry": {"type": "Polygon", "coordinates": [[[-7.745730357507476, 33.50520260429446], [-7.745632769733938, 33.51196570766652], [-7.753706423869896, 33.512047205336785], [-7.753803383923533, 33.505284081187575], [-7.745730357507476, 33.50520260429446]]]}, "properties": {"score": 27.25179148149393, "avg_travel_time_min": 43.64892513284591, "population": 233.85734479999996, "origin_count": 41, "grid_size_m": 750}}, {"type": "Feature", "geometry": {"type": "Polygon", "coordinates": [[[-7.745632769733938, 33.51196570766652], [-7.745535149374961, 33.51872880339176], [-7.75360943144033, 33.518810321842345], [-7.753706423869896, 33.512047205336785], [-7.745632769733938, 33.51196570766652]]]}, "properties": {"score": 40.46023895407075, "avg_travel_time_min": 35.72385671196069, "population": 508.72137299999997, "origin_count": 78, "grid_size_m": 750}}, {"type": "Feature", "geometry": {"type": "Polygon", "coordinates": [[[-7.745535149374961, 33.51872880339176], [-7.745437496420257, 33.52549189146935], [-7.753512406624609, 33.52557343070343], [-7.75360943144033, 33.518810321842345], [-7.745535149374961, 33.51872880339176]]]}, "properties": {"score": 53.72110259419487, "avg_travel_time_min": 27.767338531531887, "population": 1273.6449302, "origin_count": 80, "grid_size_m": 750}}, {"type": "Feature", "geometry": {"type": "Polygon", "coordinates": [[[-7.745437496420257, 33.52549189146935], [-7.745339810859534, 33.53225497189843], [-7.75341534941251, 33.53233653191919], [-7.753512406624609, 33.52557343070343], [-7.745437496420257, 33.52549189146935]]]}, "properties": {"score": 51.781815485635754, "avg_travel_time_min": 28.930910632848494, "population": 1772.200937, "origin_count": 80, "grid_size_m": 750}}, {"type": "Feature", "geometry": {"type": "Polygon", "coordinates": [[[-7.745339810859534, 33.53225497189843], [-7.74524209268249, 33.5390180446782], [-7.7533182597938, 33.53909962548881], [-7.75341534941251, 33.53233653191919], [-7.745339810859534, 33.53225497189843]]]}, "properties": {"score": 31.29787449360671, "avg_travel_time_min": 41.22127508103232, "population": 1326.1603735000003, "origin_count": 79, "grid_size_m": 750}}, {"type": "Feature", "geometry": {"type": "Polygon", "coordinates": [[[-7.74524209268249, 33.5390180446782], [-7.745144341878825, 33.545781109807834], [-7.753221137758237, 33.545862711411466], [-7.7533182597938, 33.53909962548881], [-7.74524209268249, 33.5390180446782]]]}, "properties": {"score": 10.726201800622889, "avg_travel_time_min": 53.5642790101032, "population": 1353.8995774999999, "origin_count": 75, "grid_size_m": 750}}, {"type": "Feature", "geometry": {"type": "Polygon", "coordinates": [[[-7.745144341878825, 33.545781109807834], [-7.745046558438225, 33.55254416728648], [-7.7531239832955805, 33.55262578968631], [-7.753221137758237, 33.545862711411466], [-7.745144341878825, 33.545781109807834]]]}, "properties": {"score": 12.405257936241707, "avg_travel_time_min": 52.55684525909369, "population": 1379.7519790000001, "origin_count": 76, "grid_size_m": 750}}, {"type": "Feature", "geometry": {"type": "Polygon", "coordinates": [[[-7.745046558438225, 33.55254416728648], [-7.744948742350376, 33.55930721711331], [-7.753026796395582, 33.55938886031252], [-7.7531239832955805, 33.55262578968631], [-7.745046558438225, 33.55254416728648]]]}, "properties": {"score": 5.249592775185753, "avg_travel_time_min": 56.8502445301567, "population": 173.879274, "origin_count": 11, "grid_size_m": 750}}, {"type": "Feature", "geometry": {"type": "Polygon", "coordinates": [[[-7.738049897856688, 33.47806819522075], [-7.7379518134498575, 33.48483130827331], [-7.746022925418268, 33.48491324830569], [-7.746120382952835, 33.47815011435467], [-7.738049897856688, 33.47806819522075]]]}, "properties": {"score": 15.93969154441203, "avg_travel_time_min": 50.43618498477483, "population": 39.2918083, "origin_count": 7, "grid_size_m": 750}}, {"type": "Feature", "geometry": {"type": "Polygon", "coordinates": [[[-7.7379518134498575, 33.48483130827331], [-7.737853696289451, 33.49159441367918], [-7.745925435339365, 33.49167637461322], [-7.746022925418268, 33.48491324830569], [-7.7379518134498575, 33.48483130827331]]]}, "properties": {"score": 14.154832389753206, "avg_travel_time_min": 51.50710032141752, "population": 124.62616360000001, "origin_count": 22, "grid_size_m": 750}}, {"type": "Feature", "geometry": {"type": "Polygon", "coordinates": [[[-7.737853696289451, 33.49159441367918], [-7.737755546365134, 33.49835751143756], [-7.74582791270586, 33.49843949327642], [-7.745925435339365, 33.49167637461322], [-7.737853696289451, 33.49159441367918]]]}, "properties": {"score": 1.2467844890526898, "avg_travel_time_min": 60.49204472741134, "population": 134.31116390000003, "origin_count": 21, "grid_size_m": 750}}, {"type": "Feature", "geometry": {"type": "Polygon", "coordinates": [[[-7.737755546365134, 33.49835751143756], [-7.737657363666571, 33.50512060154757], [-7.745730357507476, 33.50520260429446], [-7.74582791270586, 33.49843949327642], [-7.737755546365134, 33.49835751143756]]]}, "properties": {"score": 1.0028030438035693, "avg_travel_time_min": 64.17873002849947, "population": 257.5161903, "origin_count": 42, "grid_size_m": 750}}, {"type": "Feature", "geometry": {"type": "Polygon", "coordinates": [[[-7.737657363666571, 33.50512060154757], [-7.737559148183417, 33.511883684008424], [-7.745632769733938, 33.51196570766652], [-7.745730357507476, 33.50520260429446], [-7.737657363666571, 33.50512060154757]]]}, "properties": {"score": 5.992285837067395, "avg_travel_time_min": 60.454648143629754, "population": 82.47495710000001, "origin_count": 15, "grid_size_m": 750}}, {"type": "Feature", "geometry": {"type": "Polygon", "coordinates": [[[-7.737559148183417, 33.511883684008424], [-7.737460899905318, 33.518646758819244], [-7.745535149374961, 33.51872880339176], [-7.745632769733938, 33.51196570766652], [-7.737559148183417, 33.511883684008424]]]}, "properties": {"score": 37.8844080163154, "avg_travel_time_min": 37.26935513605053, "population": 37.166017, "origin_count": 7, "grid_size_m": 750}}, {"type": "Feature", "geometry": {"type": "Polygon", "coordinates": [[[-7.737460899905318, 33.518646758819244], [-7.737362618821924, 33.52540982597922], [-7.745437496420257, 33.52549189146935], [-7.745535149374961, 33.51872880339176], [-7.737460899905318, 33.518646758819244]]]}, "properties": {"score": 54.36152299607997, "avg_travel_time_min": 27.38308598468191, "population": 1181.7901218000002, "origin_count": 74, "grid_size_m": 750}}, {"type": "Feature", "geometry": {"type": "Polygon", "coordinates": [[[-7.737362618821924, 33.52540982597922], [-7.737264304922876, 33.532172885487526], [-7.745339810859534, 33.53225497189843], [-7.745437496420257, 33.52549189146935], [-7.737362618821924, 33.52540982597922]]]}, "properties": {"score": 56.67978746200955, "avg_travel_time_min": 25.992127634965712, "population": 3304.361146, "origin_count": 80, "grid_size_m": 750}}, {"type": "Feature", "geometry": {"type": "Polygon", "coordinates": [[[-7.737264304922876, 33.532172885487526], [-7.737165958197806, 33.538935937343304], [-7.74524209268249, 33.5390180446782], [-7.745339810859534, 33.53225497189843], [-7.737264304922876, 33.532172885487526]]]}, "properties": {"score": 45.18048075419042, "avg_travel_time_min": 32.89171157351373, "population": 2370.018623, "origin_count": 80, "grid_size_m": 750}}, {"type": "Feature", "geometry": {"type": "Polygon", "coordinates": [[[-7.737165958197806, 33.538935937343304], [-7.737067578636344, 33.54569898154575], [-7.745144341878825, 33.545781109807834], [-7.74524209268249, 33.5390180446782], [-7.737165958197806, 33.538935937343304]]]}, "properties": {"score": 22.036746579140427, "avg_travel_time_min": 46.777952091418435, "population": 1639.964523, "origin_count": 80, "grid_size_m": 750}}, {"type": "Feature", "geometry": {"type": "Polygon", "coordinates": [[[-7.737067578636344, 33.54569898154575], [-7.736969166228116, 33.55246201809401], [-7.745046558438225, 33.55254416728648], [-7.745144341878825, 33.545781109807834], [-7.737067578636344, 33.54569898154575]]]}, "properties": {"score": 18.946354053410534, "avg_travel_time_min": 48.63218745330446, "population": 1668.8050745, "origin_count": 86, "grid_size_m": 750}}, {"type": "Feature", "geometry": {"type": "Polygon", "coordinates": [[[-7.736969166228116, 33.55246201809401], [-7.736870720962738, 33.55922504698726], [-7.744948742350376, 33.55930721711331], [-7.745046558438225, 33.55254416728648], [-7.736969166228116, 33.55246201809401]]]}, "properties": {"score": 12.2638277157222, "avg_travel_time_min": 52.6417034184035, "population": 802.5713618, "origin_count": 69, "grid_size_m": 750}}, {"type": "Feature", "geometry": {"type": "Polygon", "coordinates": [[[-7.736870720962738, 33.55922504698726], [-7.736772242829826, 33.56598806822468], [-7.7448508936049585, 33.5660702592875], [-7.744948742350376, 33.55930721711331], [-7.736870720962738, 33.55922504698726]]]}, "properties": {"score": 4.994610973099797, "avg_travel_time_min": 57.00323373541075, "population": 52.01066800000001, "origin_count": 6, "grid_size_m": 750}}, {"type": "Feature", "geometry": {"type": "Polygon", "coordinates": [[[-7.729979445503789, 33.47798575077619], [-7.729880734235021, 33.484748842796314], [-7.7379518134498575, 33.48483130827331], [-7.738049897856688, 33.47806819522075], [-7.729979445503789, 33.47798575077619]]]}, "properties": {"score": 10.31458845659271, "avg_travel_time_min": 53.811246809417014, "population": 15.955058000000001, "origin_count": 3, "grid_size_m": 750}}, {"type": "Feature", "geometry": {"type": "Polygon", "coordinates": [[[-7.729880734235021, 33.484748842796314], [-7.729781990003445, 33.491511927166556], [-7.737853696289451, 33.49159441367918], [-7.7379518134498575, 33.48483130827331], [-7.729880734235021, 33.484748842796314]]]}, "properties": {"score": 15.847150184545557, "avg_travel_time_min": 50.49170984611664, "population": 476.37212710000006, "origin_count": 64, "grid_size_m": 750}}, {"type": "Feature", "geometry": {"type": "Polygon", "coordinates": [[[-7.729781990003445, 33.491511927166556], [-7.729683212798658, 33.49827500388607], [-7.737755546365134, 33.49835751143756], [-7.737853696289451, 33.49159441367918], [-7.729781990003445, 33.491511927166556]]]}, "properties": {"score": 13.076335245712107, "avg_travel_time_min": 52.15470649356413, "population": 927.7878284000001, "origin_count": 83, "grid_size_m": 750}}, {"type": "Feature", "geometry": {"type": "Polygon", "coordinates": [[[-7.729683212798658, 33.49827500388607], [-7.729584402610259, 33.50503807295402], [-7.737657363666571, 33.50512060154757], [-7.737755546365134, 33.49835751143756], [-7.729683212798658, 33.49827500388607]]]}, "properties": {"score": 5.749181042402388, "avg_travel_time_min": 57.11188382268093, "population": 993.8395585000001, "origin_count": 87, "grid_size_m": 750}}, {"type": "Feature", "geometry": {"type": "Polygon", "coordinates": [[[-7.729584402610259, 33.50503807295402], [-7.729485559427835, 33.5118011343696], [-7.737559148183417, 33.511883684008424], [-7.737657363666571, 33.50512060154757], [-7.729584402610259, 33.50503807295402]]]}, "properties": {"score": 0.057284963526817306, "avg_travel_time_min": 64.58738703060027, "population": 69.3403403, "origin_count": 13, "grid_size_m": 750}}, {"type": "Feature", "geometry": {"type": "Polygon", "coordinates": [[[-7.729485559427835, 33.5118011343696], [-7.729386683240971, 33.51856418813195], [-7.737460899905318, 33.518646758819244], [-7.737559148183417, 33.511883684008424], [-7.729485559427835, 33.5118011343696]]]}, "properties": {"score": 36.52549064907466, "avg_travel_time_min": 38.084705957932314, "population": 335.5374202, "origin_count": 39, "grid_size_m": 750}}, {"type": "Feature", "geometry": {"type": "Polygon", "coordinates": [[[-7.729386683240971, 33.51856418813195], [-7.729287774039247, 33.52532723424023], [-7.737362618821924, 33.52540982597922], [-7.737460899905318, 33.518646758819244], [-7.729386683240971, 33.51856418813195]]]}, "properties": {"score": 54.91150746219452, "avg_travel_time_min": 27.053095559262683, "population": 1540.4160305, "origin_count": 72, "grid_size_m": 750}}, {"type": "Feature", "geometry": {"type": "Polygon", "coordinates": [[[-7.729287774039247, 33.52532723424023], [-7.729188831812238, 33.532090272693615], [-7.737264304922876, 33.532172885487526], [-7.737362618821924, 33.52540982597922], [-7.729287774039247, 33.52532723424023]]]}, "properties": {"score": 66.43322591101247, "avg_travel_time_min": 20.140064570126434, "population": 3110.310555, "origin_count": 72, "grid_size_m": 750}}, {"type": "Feature", "geometry": {"type": "Polygon", "coordinates": [[[-7.729188831812238, 33.532090272693615], [-7.729089856549511, 33.53885330349127], [-7.737165958197806, 33.538935937343304], [-7.737264304922876, 33.532172885487526], [-7.729188831812238, 33.532090272693615]]]}, "properties": {"score": 56.75930789809421, "avg_travel_time_min": 25.944415186528683, "population": 4056.0276170000006, "origin_count": 78, "grid_size_m": 750}}, {"type": "Feature", "geometry": {"type": "Polygon", "coordinates": [[[-7.729089856549511, 33.53885330349127], [-7.72899084824063, 33.54561632663238], [-7.737067578636344, 33.54569898154575], [-7.737165958197806, 33.538935937343304], [-7.729089856549511, 33.53885330349127]]]}, "properties": {"score": 42.522144337992806, "avg_travel_time_min": 34.48671348344109, "population": 1982.1151260000001, "origin_count": 80, "grid_size_m": 750}}, {"type": "Feature", "geometry": {"type": "Polygon", "coordinates": [[[-7.72899084824063, 33.54561632663238], [-7.728891806875153, 33.552379342116076], [-7.736969166228116, 33.55246201809401], [-7.737067578636344, 33.54569898154575], [-7.72899084824063, 33.54561632663238]]]}, "properties": {"score": 26.288576677406176, "avg_travel_time_min": 44.22685393064219, "population": 1036.9964989999999, "origin_count": 80, "grid_size_m": 750}}, {"type": "Feature", "geometry": {"type": "Polygon", "coordinates": [[[-7.728891806875153, 33.552379342116076], [-7.728792732442632, 33.55914234994156], [-7.736870720962738, 33.55922504698726], [-7.736969166228116, 33.55246201809401], [-7.728891806875153, 33.552379342116076]]]}, "properties": {"score": 20.777968854630508, "avg_travel_time_min": 47.53321878073607, "population": 1092.931311, "origin_count": 87, "grid_size_m": 750}}, {"type": "Feature", "geometry": {"type": "Polygon", "coordinates": [[[-7.728792732442632, 33.55914234994156], [-7.7286936249326175, 33.56590535010796], [-7.736772242829826, 33.56598806822468], [-7.736870720962738, 33.55922504698726], [-7.728792732442632, 33.55914234994156]]]}, "properties": {"score": 17.130676410988226, "avg_travel_time_min": 49.72159411516929, "population": 545.3913715, "origin_count": 41, "grid_size_m": 750}}, {"type": "Feature", "geometry": {"type": "Polygon", "coordinates": [[[-7.721809687982994, 33.48466585188188], [-7.721710316690646, 33.49142891508248], [-7.729781990003445, 33.491511927166556], [-7.729880734235021, 33.484748842796314], [-7.721809687982994, 33.48466585188188]]]}, "properties": {"score": 11.168573693087813, "avg_travel_time_min": 53.298855768583316, "population": 231.92798809999996, "origin_count": 30, "grid_size_m": 750}}, {"type": "Feature", "geometry": {"type": "Polygon", "coordinates": [[[-7.721710316690646, 33.49142891508248], [-7.7216109122157945, 33.49819197062914], [-7.729683212798658, 33.49827500388607], [-7.729781990003445, 33.491511927166556], [-7.721710316690646, 33.49142891508248]]]}, "properties": {"score": 22.41188599223859, "avg_travel_time_min": 46.55286831535913, "population": 1288.2400795, "origin_count": 76, "grid_size_m": 750}}, {"type": "Feature", "geometry": {"type": "Polygon", "coordinates": [[[-7.7216109122157945, 33.49819197062914], [-7.721511474547968, 33.50495501852099], [-7.729584402610259, 33.50503807295402], [-7.729683212798658, 33.49827500388607], [-7.7216109122157945, 33.49819197062914]]]}, "properties": {"score": 19.103211736642326, "avg_travel_time_min": 48.5380731081501, "population": 1051.4629074999998, "origin_count": 84, "grid_size_m": 750}}, {"type": "Feature", "geometry": {"type": "Polygon", "coordinates": [[[-7.721511474547968, 33.50495501852099], [-7.721412003676691, 33.511718058757246], [-7.729485559427835, 33.5118011343696], [-7.729584402610259, 33.50503807295402], [-7.721511474547968, 33.50495501852099]]]}, "properties": {"score": 9.034008282836668, "avg_travel_time_min": 54.722374694767694, "population": 347.7633292, "origin_count": 49, "grid_size_m": 750}}, {"type": "Feature", "geometry": {"type": "Polygon", "coordinates": [[[-7.721412003676691, 33.511718058757246], [-7.721312499591482, 33.51848109133704], [-7.729386683240971, 33.51856418813195], [-7.729485559427835, 33.5118011343696], [-7.721412003676691, 33.511718058757246]]]}, "properties": {"score": 24.323329004670843, "avg_travel_time_min": 45.55252176746622, "population": 872.9439561, "origin_count": 80, "grid_size_m": 750}}, {"type": "Feature", "geometry": {"type": "Polygon", "coordinates": [[[-7.721312499591482, 33.51848109133704], [-7.721212962281855, 33.525244116259536], [-7.729287774039247, 33.52532723424023], [-7.729386683240971, 33.51856418813195], [-7.721312499591482, 33.51848109133704]]]}, "properties": {"score": 43.78590250330982, "avg_travel_time_min": 33.72845835433638, "population": 1378.8471495, "origin_count": 80, "grid_size_m": 750}}, {"type": "Feature", "geometry": {"type": "Polygon", "coordinates": [[[-7.721212962281855, 33.525244116259536], [-7.721113391737316, 33.5320071335239], [-7.729188831812238, 33.532090272693615], [-7.729287774039247, 33.52532723424023], [-7.721212962281855, 33.525244116259536]]]}, "properties": {"score": 60.80850528948159, "avg_travel_time_min": 23.514897036889508, "population": 2996.956186, "origin_count": 80, "grid_size_m": 750}}, {"type": "Feature", "geometry": {"type": "Polygon", "coordinates": [[[-7.721113391737316, 33.5320071335239], [-7.721013787947369, 33.5387701431293], [-7.729089856549511, 33.53885330349127], [-7.729188831812238, 33.532090272693615], [-7.721113391737316, 33.5320071335239]]]}, "properties": {"score": 57.93913138802915, "avg_travel_time_min": 25.23652126569144, "population": 4677.1253400000005, "origin_count": 74, "grid_size_m": 750}}, {"type": "Feature", "geometry": {"type": "Polygon", "coordinates": [[[-7.721013787947369, 33.5387701431293], [-7.720914150901511, 33.54553314507491], [-7.72899084824063, 33.54561632663238], [-7.729089856549511, 33.53885330349127], [-7.721013787947369, 33.5387701431293]]]}, "properties": {"score": 45.340739183605926, "avg_travel_time_min": 32.795556390220995, "population": 3258.041162, "origin_count": 72, "grid_size_m": 750}}, {"type": "Feature", "geometry": {"type": "Polygon", "coordinates": [[[-7.720914150901511, 33.54553314507491], [-7.720814480589234, 33.552296139359875], [-7.728891806875153, 33.552379342116076], [-7.72899084824063, 33.54561632663238], [-7.720914150901511, 33.54553314507491]]]}, "properties": {"score": 25.45767291418405, "avg_travel_time_min": 44.725396134177004, "population": 1197.1068025, "origin_count": 73, "grid_size_m": 750}}, {"type": "Feature", "geometry": {"type": "Polygon", "coordinates": [[[-7.720814480589234, 33.552296139359875], [-7.7207147770000235, 33.55905912598338], [-7.728792732442632, 33.55914234994156], [-7.728891806875153, 33.552379342116076], [-7.720814480589234, 33.552296139359875]]]}, "properties": {"score": 25.762949970383595, "avg_travel_time_min": 44.542229949638184, "population": 1186.5154315, "origin_count": 80, "grid_size_m": 750}}, {"type": "Feature", "geometry": {"type": "Polygon", "coordinates": [[[-7.7207147770000235, 33.55905912598338], [-7.720615040123361, 33.565822104944566], [-7.7286936249326175, 33.56590535010796], [-7.728792732442632, 33.55914234994156], [-7.7207147770000235, 33.55905912598338]]]}, "properties": {"score": 29.781006811955162, "avg_travel_time_min": 42.131395860506835, "population": 1057.9498214999999, "origin_count": 76, "grid_size_m": 750}}, {"type": "Feature", "geometry": {"type": "Polygon", "coordinates": [[[-7.720615040123361, 33.565822104944566], [-7.720515269948724, 33.57258507624263], [-7.728594484334647, 33.572668342614485], [-7.7286936249326175, 33.56590535010796], [-7.720615040123361, 33.565822104944566]]]}, "properties": {"score": 28.320012671929618, "avg_travel_time_min": 43.00799236136213, "population": 37.506022, "origin_count": 4, "grid_size_m": 750}}, {"type": "Feature", "geometry": {"type": "Polygon", "coordinates": [[[-7.713738674903003, 33.48458233553721], [-7.7136386765603495, 33.49134537743418], [-7.721710316690646, 33.49142891508248], [-7.721809687982994, 33.48466585188188], [-7.713738674903003, 33.48458233553721]]]}, "properties": {"score": 3.6202814011293674, "avg_travel_time_min": 57.92936500642498, "population": 126.73620610000003, "origin_count": 22, "grid_size_m": 750}}, {"type": "Feature", "geometry": {"type": "Polygon", "coordinates": [[[-7.7136386765603495, 33.49134537743418], [-7.713538644825903, 33.49810841167397], [-7.7216109122157945, 33.49819197062914], [-7.721710316690646, 33.49142891508248], [-7.7136386765603495, 33.49134537743418]]]}, "properties": {"score": 13.405751466066572, "avg_travel_time_min": 51.95654921198427, "population": 779.4572409, "origin_count": 76, "grid_size_m": 750}}, {"type": "Feature", "geometry": {"type": "Polygon", "coordinates": [[[-7.713538644825903, 33.49810841167397], [-7.713438579689128, 33.504871438255705], [-7.721511474547968, 33.50495501852099], [-7.7216109122157945, 33.49819197062914], [-7.713538644825903, 33.49810841167397]]]}, "properties": {"score": 26.783500526238175, "avg_travel_time_min": 43.92989960314717, "population": 725.5447845, "origin_count": 72, "grid_size_m": 750}}, {"type": "Feature", "geometry": {"type": "Polygon", "coordinates": [[[-7.713438579689128, 33.504871438255705], [-7.71333848113948, 33.511634457178594], [-7.721412003676691, 33.511718058757246], [-7.721511474547968, 33.50495501852099], [-7.713438579689128, 33.504871438255705]]]}, "properties": {"score": 22.133138287604893, "avg_travel_time_min": 46.72011689925817, "population": 1148.9231586999997, "origin_count": 78, "grid_size_m": 750}}, {"type": "Feature", "geometry": {"type": "Polygon", "coordinates": [[[-7.71333848113948, 33.511634457178594], [-7.713238349166413, 33.518397468441755], [-7.721312499591482, 33.51848109133704], [-7.721412003676691, 33.511718058757246], [-7.71333848113948, 33.511634457178594]]]}, "properties": {"score": 10.235484298593565, "avg_travel_time_min": 53.906349774176626, "population": 2048.011704, "origin_count": 83, "grid_size_m": 750}}, {"type": "Feature", "geometry": {"type": "Polygon", "coordinates": [[[-7.713238349166413, 33.518397468441755], [-7.713138183759372, 33.52516047204438], [-7.721212962281855, 33.525244116259536], [-7.721312499591482, 33.51848109133704], [-7.713238349166413, 33.518397468441755]]]}, "properties": {"score": 29.812448254270954, "avg_travel_time_min": 42.112530958082196, "population": 2300.931086, "origin_count": 80, "grid_size_m": 750}}, {"type": "Feature", "geometry": {"type": "Polygon", "coordinates": [[[-7.713138183759372, 33.52516047204438], [-7.713037984907802, 33.53192346798561], [-7.721113391737316, 33.5320071335239], [-7.721212962281855, 33.525244116259536], [-7.713138183759372, 33.52516047204438]]]}, "properties": {"score": 39.34371482291149, "avg_travel_time_min": 36.39377118710335, "population": 2856.786964, "origin_count": 80, "grid_size_m": 750}}, {"type": "Feature", "geometry": {"type": "Polygon", "coordinates": [[[-7.713037984907802, 33.53192346798561], [-7.712937752601138, 33.53868645626462], [-7.721013787947369, 33.5387701431293], [-7.721113391737316, 33.5320071335239], [-7.713037984907802, 33.53192346798561]]]}, "properties": {"score": 46.59082343273676, "avg_travel_time_min": 32.04550599190676, "population": 4366.68512, "origin_count": 80, "grid_size_m": 750}}, {"type": "Feature", "geometry": {"type": "Polygon", "coordinates": [[[-7.712937752601138, 33.53868645626462], [-7.7128374868288105, 33.54544943688058], [-7.720914150901511, 33.54553314507491], [-7.721013787947369, 33.5387701431293], [-7.712937752601138, 33.53868645626462]]]}, "properties": {"score": 42.80081503857826, "avg_travel_time_min": 34.319510692529356, "population": 3131.432881, "origin_count": 80, "grid_size_m": 750}}, {"type": "Feature", "geometry": {"type": "Polygon", "coordinates": [[[-7.7128374868288105, 33.54544943688058], [-7.712737187580245, 33.55221240983264], [-7.720814480589234, 33.552296139359875], [-7.720914150901511, 33.54553314507491], [-7.7128374868288105, 33.54544943688058]]]}, "properties": {"score": 29.362489529556814, "avg_travel_time_min": 42.382506339363786, "population": 2308.837098, "origin_count": 79, "grid_size_m": 750}}, {"type": "Feature", "geometry": {"type": "Polygon", "coordinates": [[[-7.712737187580245, 33.55221240983264], [-7.712636854844864, 33.55897537511998], [-7.7207147770000235, 33.55905912598338], [-7.720814480589234, 33.552296139359875], [-7.712737187580245, 33.55221240983264]]]}, "properties": {"score": 24.280078032139876, "avg_travel_time_min": 45.43195308240448, "population": 879.0479983, "origin_count": 72, "grid_size_m": 750}}, {"type": "Feature", "geometry": {"type": "Polygon", "coordinates": [[[-7.712636854844864, 33.55897537511998], [-7.71253648861208, 33.565738332741745], [-7.720615040123361, 33.565822104944566], [-7.7207147770000235, 33.55905912598338], [-7.712636854844864, 33.55897537511998]]]}, "properties": {"score": 35.92402725239893, "avg_travel_time_min": 38.44558372760028, "population": 1032.5227055, "origin_count": 72, "grid_size_m": 750}}, {"type": "Feature", "geometry": {"type": "Polygon", "coordinates": [[[-7.71253648861208, 33.565738332741745], [-7.712436088871304, 33.57250128269711], [-7.720515269948724, 33.57258507624263], [-7.720615040123361, 33.565822104944566], [-7.71253648861208, 33.565738332741745]]]}, "properties": {"score": 34.12231051001027, "avg_travel_time_min": 39.5266136915004, "population": 513.246985, "origin_count": 41, "grid_size_m": 750}}, {"type": "Feature", "geometry": {"type": "Polygon", "coordinates": [[[-7.706069860935075, 33.45744613534428], [-7.705969369851038, 33.46420918643709], [-7.71403846968549, 33.4642931639115], [-7.71413833456623, 33.45753009139413], [-7.706069860935075, 33.45744613534428]]]}, "properties": {"score": 0.0, "avg_travel_time_min": 115.68168546863586, "population": 21.6315282, "origin_count": 4, "grid_size_m": 750}}, {"type": "Feature", "geometry": {"type": "Polygon", "coordinates": [[[-7.70586884520828, 33.47097222987281], [-7.705768286996221, 33.47773526565058], [-7.713838639864395, 33.47781928598387], [-7.713938571455049, 33.47105622877503], [-7.70586884520828, 33.47097222987281]]]}, "properties": {"score": 0.0, "avg_travel_time_min": 88.21078380458094, "population": 10.787901, "origin_count": 2, "grid_size_m": 750}}, {"type": "Feature", "geometry": {"type": "Polygon", "coordinates": [[[-7.705768286996221, 33.47773526565058], [-7.705667695204273, 33.48449829376956], [-7.713738674903003, 33.48458233553721], [-7.713838639864395, 33.47781928598387], [-7.705768286996221, 33.47773526565058]]]}, "properties": {"score": 0.0, "avg_travel_time_min": 86.98998012982372, "population": 10.5039433, "origin_count": 2, "grid_size_m": 750}}, {"type": "Feature", "geometry": {"type": "Polygon", "coordinates": [[[-7.705667695204273, 33.48449829376956], [-7.705567069821846, 33.49126131422893], [-7.7136386765603495, 33.49134537743418], [-7.713738674903003, 33.48458233553721], [-7.705667695204273, 33.48449829376956]]]}, "properties": {"score": 0.0, "avg_travel_time_min": 62.80083777575775, "population": 36.293654700000005, "origin_count": 6, "grid_size_m": 750}}, {"type": "Feature", "geometry": {"type": "Polygon", "coordinates": [[[-7.705567069821846, 33.49126131422893], [-7.705466410838342, 33.498024327027835], [-7.713538644825903, 33.49810841167397], [-7.7136386765603495, 33.49134537743418], [-7.705567069821846, 33.49126131422893]]]}, "properties": {"score": 3.583901263050191, "avg_travel_time_min": 58.30949746026244, "population": 393.437005, "origin_count": 62, "grid_size_m": 750}}, {"type": "Feature", "geometry": {"type": "Polygon", "coordinates": [[[-7.705466410838342, 33.498024327027835], [-7.705365718243159, 33.50478733216543], [-7.713438579689128, 33.504871438255705], [-7.713538644825903, 33.49810841167397], [-7.705466410838342, 33.498024327027835]]]}, "properties": {"score": 24.371129857124117, "avg_travel_time_min": 45.37732210466856, "population": 975.9136029, "origin_count": 80, "grid_size_m": 750}}, {"type": "Feature", "geometry": {"type": "Polygon", "coordinates": [[[-7.705365718243159, 33.50478733216543], [-7.705264992025687, 33.51155032964089], [-7.71333848113948, 33.511634457178594], [-7.713438579689128, 33.504871438255705], [-7.705365718243159, 33.50478733216543]]]}, "properties": {"score": 32.2005728944897, "avg_travel_time_min": 40.67965652805326, "population": 2547.668801, "origin_count": 80, "grid_size_m": 750}}, {"type": "Feature", "geometry": {"type": "Polygon", "coordinates": [[[-7.705264992025687, 33.51155032964089], [-7.705164232175313, 33.51831331945338], [-7.713238349166413, 33.518397468441755], [-7.71333848113948, 33.511634457178594], [-7.705264992025687, 33.51155032964089]]]}, "properties": {"score": 21.8623002480945, "avg_travel_time_min": 46.88261997577494, "population": 4167.641123, "origin_count": 80, "grid_size_m": 750}}, {"type": "Feature", "geometry": {"type": "Polygon", "coordinates": [[[-7.705164232175313, 33.51831331945338], [-7.705063438681419, 33.52507630160202], [-7.713138183759372, 33.52516047204438], [-7.713238349166413, 33.518397468441755], [-7.705164232175313, 33.51831331945338]]]}, "properties": {"score": 14.952122482754698, "avg_travel_time_min": 51.028726332184796, "population": 1527.312827, "origin_count": 74, "grid_size_m": 750}}, {"type": "Feature", "geometry": {"type": "Polygon", "coordinates": [[[-7.705063438681419, 33.52507630160202], [-7.704962611533381, 33.531839276086025], [-7.713037984907802, 33.53192346798561], [-7.713138183759372, 33.52516047204438], [-7.705063438681419, 33.52507630160202]]]}, "properties": {"score": 29.304938509327187, "avg_travel_time_min": 42.41703694344211, "population": 1531.7546730000001, "origin_count": 75, "grid_size_m": 750}}, {"type": "Feature", "geometry": {"type": "Polygon", "coordinates": [[[-7.704962611533381, 33.531839276086025], [-7.704861750720569, 33.53860224290452], [-7.712937752601138, 33.53868645626462], [-7.713037984907802, 33.53192346798561], [-7.704962611533381, 33.531839276086025]]]}, "properties": {"score": 34.731280963853905, "avg_travel_time_min": 39.161231480402535, "population": 3657.0568109999995, "origin_count": 80, "grid_size_m": 750}}, {"type": "Feature", "geometry": {"type": "Polygon", "coordinates": [[[-7.704861750720569, 33.53860224290452], [-7.704760856232347, 33.54536520205667], [-7.7128374868288105, 33.54544943688058], [-7.712937752601138, 33.53868645626462], [-7.704861750720569, 33.53860224290452]]]}, "properties": {"score": 43.582431380289336, "avg_travel_time_min": 33.85054102107317, "population": 3420.775064, "origin_count": 80, "grid_size_m": 750}}, {"type": "Feature", "geometry": {"type": "Polygon", "coordinates": [[[-7.704760856232347, 33.54536520205667], [-7.704659928058075, 33.552128153541666], [-7.712737187580245, 33.55221240983264], [-7.7128374868288105, 33.54544943688058], [-7.704760856232347, 33.54536520205667]]]}, "properties": {"score": 51.72514386826648, "avg_travel_time_min": 28.964913694934356, "population": 2982.77382, "origin_count": 80, "grid_size_m": 750}}, {"type": "Feature", "geometry": {"type": "Polygon", "coordinates": [[[-7.704659928058075, 33.552128153541666], [-7.704558966187107, 33.55889109735864], [-7.712636854844864, 33.55897537511998], [-7.712737187580245, 33.55221240983264], [-7.704659928058075, 33.552128153541666]]]}, "properties": {"score": 48.87021758951425, "avg_travel_time_min": 30.677869585308382, "population": 1462.6570586, "origin_count": 80, "grid_size_m": 750}}, {"type": "Feature", "geometry": {"type": "Polygon", "coordinates": [[[-7.704558966187107, 33.55889109735864], [-7.704457970608791, 33.56565403350676], [-7.71253648861208, 33.565738332741745], [-7.712636854844864, 33.55897537511998], [-7.704558966187107, 33.55889109735864]]]}, "properties": {"score": 35.49774525783155, "avg_travel_time_min": 38.701353080690765, "population": 1105.763414, "origin_count": 80, "grid_size_m": 750}}, {"type": "Feature", "geometry": {"type": "Polygon", "coordinates": [[[-7.704457970608791, 33.56565403350676], [-7.704356941312473, 33.57241696198521], [-7.712436088871304, 33.57250128269711], [-7.71253648861208, 33.565738332741745], [-7.704457970608791, 33.56565403350676]]]}, "properties": {"score": 40.45862389342105, "avg_travel_time_min": 35.724825737115374, "population": 1680.3423229999999, "origin_count": 74, "grid_size_m": 750}}, {"type": "Feature", "geometry": {"type": "Polygon", "coordinates": [[[-7.704356941312473, 33.57241696198521], [-7.704255878287487, 33.57917988279314], [-7.7123356556119385, 33.57926422498526], [-7.712436088871304, 33.57250128269711], [-7.704356941312473, 33.57241696198521]]]}, "properties": {"score": 35.126363412254186, "avg_travel_time_min": 38.92418194112516, "population": 1044.2153, "origin_count": 51, "grid_size_m": 750}}, {"type": "Feature", "geometry": {"type": "Polygon", "coordinates": [[[-7.704255878287487, 33.57917988279314], [-7.704154781523168, 33.58594279592971], [-7.712235188823382, 33.586027159605315], [-7.7123356556119385, 33.57926422498526], [-7.704255878287487, 33.57917988279314]]]}, "properties": {"score": 40.72063097368822, "avg_travel_time_min": 35.567621655025256, "population": 194.43783, "origin_count": 16, "grid_size_m": 750}}, {"type": "Feature", "geometry": {"type": "Polygon", "coordinates": [[[-7.698001420852065, 33.45736165441448], [-7.697900303575307, 33.46412468394884], [-7.705969369851038, 33.46420918643709], [-7.706069860935075, 33.45744613534428], [-7.698001420852065, 33.45736165441448]]]}, "properties": {"score": 0.0, "avg_travel_time_min": 104.99815398811155, "population": 144.0421245, "origin_count": 24, "grid_size_m": 750}}, {"type": "Feature", "geometry": {"type": "Polygon", "coordinates": [[[-7.697900303575307, 33.46412468394884], [-7.697799152530813, 33.47088770582283], [-7.70586884520828, 33.47097222987281], [-7.705969369851038, 33.46420918643709], [-7.697900303575307, 33.46412468394884]]]}, "properties": {"score": 0.0, "avg_travel_time_min": 99.15480575146353, "population": 179.8232803, "origin_count": 28, "grid_size_m": 750}}, {"type": "Feature", "geometry": {"type": "Polygon", "coordinates": [[[-7.697799152530813, 33.47088770582283], [-7.697697967707935, 33.477650720035584], [-7.705768286996221, 33.47773526565058], [-7.70586884520828, 33.47097222987281], [-7.697799152530813, 33.47088770582283]]]}, "properties": {"score": 0.0, "avg_travel_time_min": 89.42046725998647, "population": 309.47087489999996, "origin_count": 53, "grid_size_m": 750}}, {"type": "Feature", "geometry": {"type": "Polygon", "coordinates": [[[-7.697697967707935, 33.477650720035584], [-7.697596749096023, 33.48441372658627], [-7.705667695204273, 33.48449829376956], [-7.705768286996221, 33.47773526565058], [-7.697697967707935, 33.477650720035584]]]}, "properties": {"score": 0.0, "avg_travel_time_min": 85.51085412138342, "population": 206.7103296, "origin_count": 37, "grid_size_m": 750}}, {"type": "Feature", "geometry": {"type": "Polygon", "coordinates": [[[-7.697596749096023, 33.48441372658627], [-7.697495496684421, 33.49117672547404], [-7.705567069821846, 33.49126131422893], [-7.705667695204273, 33.48449829376956], [-7.697596749096023, 33.48441372658627]]]}, "properties": {"score": 0.0, "avg_travel_time_min": 69.58748473564783, "population": 74.40299099999999, "origin_count": 14, "grid_size_m": 750}}, {"type": "Feature", "geometry": {"type": "Polygon", "coordinates": [[[-7.697495496684421, 33.49117672547404], [-7.69739421046246, 33.49793971669806], [-7.705466410838342, 33.498024327027835], [-7.705567069821846, 33.49126131422893], [-7.697495496684421, 33.49117672547404]]]}, "properties": {"score": 1.9788744074887945, "avg_travel_time_min": 59.98732511970476, "population": 240.7765386, "origin_count": 37, "grid_size_m": 750}}, {"type": "Feature", "geometry": {"type": "Polygon", "coordinates": [[[-7.69739421046246, 33.49793971669806], [-7.697292890419475, 33.504702700257475], [-7.705365718243159, 33.50478733216543], [-7.705466410838342, 33.498024327027835], [-7.69739421046246, 33.49793971669806]]]}, "properties": {"score": 14.93352226494291, "avg_travel_time_min": 51.039886615572144, "population": 700.9727497, "origin_count": 80, "grid_size_m": 750}}, {"type": "Feature", "geometry": {"type": "Polygon", "coordinates": [[[-7.697292890419475, 33.504702700257475], [-7.697191536544793, 33.51146567615148], [-7.705264992025687, 33.51155032964089], [-7.705365718243159, 33.50478733216543], [-7.697292890419475, 33.504702700257475]]]}, "properties": {"score": 32.746392844562735, "avg_travel_time_min": 40.35216438091472, "population": 1055.6398494999999, "origin_count": 80, "grid_size_m": 750}}, {"type": "Feature", "geometry": {"type": "Polygon", "coordinates": [[[-7.697191536544793, 33.51146567615148], [-7.697090148827733, 33.51822864437921], [-7.705164232175313, 33.51831331945338], [-7.705264992025687, 33.51155032964089], [-7.697191536544793, 33.51146567615148]]]}, "properties": {"score": 34.043618232884974, "avg_travel_time_min": 39.57382903832842, "population": 1844.177843, "origin_count": 80, "grid_size_m": 750}}, {"type": "Feature", "geometry": {"type": "Polygon", "coordinates": [[[-7.697090148827733, 33.51822864437921], [-7.696988727257611, 33.52499160493981], [-7.705063438681419, 33.52507630160202], [-7.705164232175313, 33.51831331945338], [-7.697090148827733, 33.51822864437921]]]}, "properties": {"score": 27.597043008254413, "avg_travel_time_min": 43.4417741059205, "population": 2085.0775885, "origin_count": 89, "grid_size_m": 750}}, {"type": "Feature", "geometry": {"type": "Polygon", "coordinates": [[[-7.696988727257611, 33.52499160493981], [-7.696887271823733, 33.53175455783244], [-7.704962611533381, 33.531839276086025], [-7.705063438681419, 33.52507630160202], [-7.696988727257611, 33.52499160493981]]]}, "properties": {"score": 40.9693351965366, "avg_travel_time_min": 35.418398897273285, "population": 2338.7525740000005, "origin_count": 78, "grid_size_m": 750}}, {"type": "Feature", "geometry": {"type": "Polygon", "coordinates": [[[-7.696887271823733, 33.53175455783244], [-7.696785782515408, 33.53851750305629], [-7.704861750720569, 33.53860224290452], [-7.704962611533381, 33.531839276086025], [-7.696887271823733, 33.53175455783244]]]}, "properties": {"score": 47.649716425838335, "avg_travel_time_min": 31.410170022932718, "population": 2825.0799190000002, "origin_count": 72, "grid_size_m": 750}}, {"type": "Feature", "geometry": {"type": "Polygon", "coordinates": [[[-7.696785782515408, 33.53851750305629], [-7.696684259321931, 33.545280440610526], [-7.704760856232347, 33.54536520205667], [-7.704861750720569, 33.53860224290452], [-7.696785782515408, 33.53851750305629]]]}, "properties": {"score": 45.464275152772636, "avg_travel_time_min": 32.72143491755777, "population": 2244.425255, "origin_count": 72, "grid_size_m": 750}}, {"type": "Feature", "geometry": {"type": "Polygon", "coordinates": [[[-7.696684259321931, 33.545280440610526], [-7.6965827022325985, 33.55204337049426], [-7.704659928058075, 33.552128153541666], [-7.704760856232347, 33.54536520205667], [-7.696684259321931, 33.545280440610526]]]}, "properties": {"score": 57.59147790943159, "avg_travel_time_min": 25.44511317788861, "population": 4132.05421, "origin_count": 79, "grid_size_m": 750}}, {"type": "Feature", "geometry": {"type": "Polygon", "coordinates": [[[-7.6965827022325985, 33.55204337049426], [-7.696481111236696, 33.55880629270669], [-7.704558966187107, 33.55889109735864], [-7.704659928058075, 33.552128153541666], [-7.6965827022325985, 33.55204337049426]]]}, "properties": {"score": 63.38013896093035, "avg_travel_time_min": 21.971916766789946, "population": 4082.887167, "origin_count": 80, "grid_size_m": 750}}, {"type": "Feature", "geometry": {"type": "Polygon", "coordinates": [[[-7.696481111236696, 33.55880629270669], [-7.696379486323506, 33.565569207246966], [-7.704457970608791, 33.56565403350676], [-7.704558966187107, 33.55889109735864], [-7.696481111236696, 33.55880629270669]]]}, "properties": {"score": 52.930608765737595, "avg_travel_time_min": 28.241634672487752, "population": 2747.067395, "origin_count": 80, "grid_size_m": 750}}, {"type": "Feature", "geometry": {"type": "Polygon", "coordinates": [[[-7.696379486323506, 33.565569207246966], [-7.696277827482307, 33.57233211411427], [-7.704356941312473, 33.57241696198521], [-7.704457970608791, 33.56565403350676], [-7.696379486323506, 33.565569207246966]]]}, "properties": {"score": 43.164464213742306, "avg_travel_time_min": 34.10132152094867, "population": 2195.63965, "origin_count": 80, "grid_size_m": 750}}, {"type": "Feature", "geometry": {"type": "Polygon", "coordinates": [[[-7.696277827482307, 33.57233211411427], [-7.696176134702369, 33.57909501330775], [-7.704255878287487, 33.57917988279314], [-7.704356941312473, 33.57241696198521], [-7.696277827482307, 33.57233211411427]]]}, "properties": {"score": 38.52417810708874, "avg_travel_time_min": 36.885493040764906, "population": 1886.728605, "origin_count": 82, "grid_size_m": 750}}, {"type": "Feature", "geometry": {"type": "Polygon", "coordinates": [[[-7.696176134702369, 33.57909501330775], [-7.696074407972957, 33.58585790482654], [-7.704154781523168, 33.58594279592971], [-7.704255878287487, 33.57917988279314], [-7.696176134702369, 33.57909501330775]]]}, "properties": {"score": 44.96325819704589, "avg_travel_time_min": 33.022044939055945, "population": 1072.8313354999998, "origin_count": 63, "grid_size_m": 750}}, {"type": "Feature", "geometry": {"type": "Polygon", "coordinates": [[[-7.689933014526147, 33.457276648612094], [-7.689831271067308, 33.46403965645411], [-7.697900303575307, 33.46412468394884], [-7.698001420852065, 33.45736165441448], [-7.689933014526147, 33.457276648612094]]]}, "properties": {"score": 0.0, "avg_travel_time_min": 98.3632475802129, "population": 231.94244559999999, "origin_count": 35, "grid_size_m": 750}}, {"type": "Feature", "geometry": {"type": "Polygon", "coordinates": [[[-7.689831271067308, 33.46403965645411], [-7.689729493631725, 33.47080265663244], [-7.697799152530813, 33.47088770582283], [-7.697900303575307, 33.46412468394884], [-7.689831271067308, 33.46403965645411]]]}, "properties": {"score": 0.0, "avg_travel_time_min": 91.01534258761461, "population": 720.938348, "origin_count": 83, "grid_size_m": 750}}, {"type": "Feature", "geometry": {"type": "Polygon", "coordinates": [[[-7.689729493631725, 33.47080265663244], [-7.689627682208684, 33.47756564914622], [-7.697697967707935, 33.477650720035584], [-7.697799152530813, 33.47088770582283], [-7.689729493631725, 33.47080265663244]]]}, "properties": {"score": 0.0, "avg_travel_time_min": 82.10891456939495, "population": 524.4705078000001, "origin_count": 73, "grid_size_m": 750}}, {"type": "Feature", "geometry": {"type": "Polygon", "coordinates": [[[-7.689627682208684, 33.47756564914622], [-7.689525836787465, 33.48432863399465], [-7.697596749096023, 33.48441372658627], [-7.697697967707935, 33.477650720035584], [-7.689627682208684, 33.47756564914622]]]}, "properties": {"score": 0.0, "avg_travel_time_min": 73.31868961653892, "population": 267.87219239999996, "origin_count": 47, "grid_size_m": 750}}, {"type": "Feature", "geometry": {"type": "Polygon", "coordinates": [[[-7.689525836787465, 33.48432863399465], [-7.689423957357348, 33.491091611176856], [-7.697495496684421, 33.49117672547404], [-7.697596749096023, 33.48441372658627], [-7.689525836787465, 33.48432863399465]]]}, "properties": {"score": 0.0, "avg_travel_time_min": 70.46047818568361, "population": 209.51797960000002, "origin_count": 36, "grid_size_m": 750}}, {"type": "Feature", "geometry": {"type": "Polygon", "coordinates": [[[-7.689423957357348, 33.491091611176856], [-7.689322043907601, 33.49785458069199], [-7.69739421046246, 33.49793971669806], [-7.697495496684421, 33.49117672547404], [-7.689423957357348, 33.491091611176856]]]}, "properties": {"score": 0.0, "avg_travel_time_min": 67.28437099711516, "population": 428.44025460000006, "origin_count": 55, "grid_size_m": 750}}, {"type": "Feature", "geometry": {"type": "Polygon", "coordinates": [[[-7.689322043907601, 33.49785458069199], [-7.689220096427491, 33.50461754253922], [-7.697292890419475, 33.504702700257475], [-7.69739421046246, 33.49793971669806], [-7.689322043907601, 33.49785458069199]]]}, "properties": {"score": 4.419211628356279, "avg_travel_time_min": 57.88428898477124, "population": 581.3633864000001, "origin_count": 72, "grid_size_m": 750}}, {"type": "Feature", "geometry": {"type": "Polygon", "coordinates": [[[-7.689220096427491, 33.50461754253922], [-7.689118114906277, 33.51138049671772], [-7.697191536544793, 33.51146567615148], [-7.697292890419475, 33.504702700257475], [-7.689220096427491, 33.50461754253922]]]}, "properties": {"score": 18.87462220601444, "avg_travel_time_min": 48.67522668032775, "population": 715.4795084, "origin_count": 76, "grid_size_m": 750}}, {"type": "Feature", "geometry": {"type": "Polygon", "coordinates": [[[-7.689118114906277, 33.51138049671772], [-7.689016099333215, 33.51814344322662], [-7.697090148827733, 33.51822864437921], [-7.697191536544793, 33.51146567615148], [-7.689118114906277, 33.51138049671772]]]}, "properties": {"score": 35.12591651647884, "avg_travel_time_min": 38.924450085323066, "population": 1149.436137, "origin_count": 80, "grid_size_m": 750}}, {"type": "Feature", "geometry": {"type": "Polygon", "coordinates": [[[-7.689016099333215, 33.51814344322662], [-7.688914049697552, 33.52490638206509], [-7.696988727257611, 33.52499160493981], [-7.697090148827733, 33.51822864437921], [-7.689016099333215, 33.51814344322662]]]}, "properties": {"score": 38.23210137620837, "avg_travel_time_min": 37.06073914518963, "population": 2609.912742, "origin_count": 80, "grid_size_m": 750}}, {"type": "Feature", "geometry": {"type": "Polygon", "coordinates": [[[-7.688914049697552, 33.52490638206509], [-7.688811965988534, 33.53166931323228], [-7.696887271823733, 33.53175455783244], [-7.696988727257611, 33.52499160493981], [-7.688914049697552, 33.52490638206509]]]}, "properties": {"score": 36.49420940274997, "avg_travel_time_min": 38.103474469437856, "population": 3565.849965, "origin_count": 90, "grid_size_m": 750}}, {"type": "Feature", "geometry": {"type": "Polygon", "coordinates": [[[-7.688811965988534, 33.53166931323228], [-7.688709848195396, 33.53843223672737], [-7.696785782515408, 33.53851750305629], [-7.696887271823733, 33.53175455783244], [-7.688811965988534, 33.53166931323228]]]}, "properties": {"score": 48.7862430148571, "avg_travel_time_min": 30.728254089041744, "population": 2982.461093, "origin_count": 80, "grid_size_m": 750}}, {"type": "Feature", "geometry": {"type": "Polygon", "coordinates": [[[-7.688709848195396, 33.53843223672737], [-7.688607696307373, 33.545195152549496], [-7.696684259321931, 33.545280440610526], [-7.696785782515408, 33.53851750305629], [-7.688709848195396, 33.53843223672737]]]}, "properties": {"score": 53.44815623672752, "avg_travel_time_min": 27.93110632993292, "population": 4539.3693650000005, "origin_count": 80, "grid_size_m": 750}}, {"type": "Feature", "geometry": {"type": "Polygon", "coordinates": [[[-7.688607696307373, 33.545195152549496], [-7.68850551031369, 33.551958060697835], [-7.6965827022325985, 33.55204337049426], [-7.696684259321931, 33.545280440610526], [-7.688607696307373, 33.545195152549496]]]}, "properties": {"score": 57.8363433015413, "avg_travel_time_min": 25.298193845235033, "population": 5603.933751, "origin_count": 73, "grid_size_m": 750}}, {"type": "Feature", "geometry": {"type": "Polygon", "coordinates": [[[-7.68850551031369, 33.551958060697835], [-7.688403290203571, 33.55872096117153], [-7.696481111236696, 33.55880629270669], [-7.6965827022325985, 33.55204337049426], [-7.68850551031369, 33.551958060697835]]]}, "properties": {"score": 66.58768949057209, "avg_travel_time_min": 20.047386456778174, "population": 4875.413332, "origin_count": 72, "grid_size_m": 750}}, {"type": "Feature", "geometry": {"type": "Polygon", "coordinates": [[[-7.688403290203571, 33.55872096117153], [-7.688301035966231, 33.56548385396976], [-7.696379486323506, 33.565569207246966], [-7.696481111236696, 33.55880629270669], [-7.688403290203571, 33.55872096117153]]]}, "properties": {"score": 64.78350184919603, "avg_travel_time_min": 21.1298988083373, "population": 3843.1176309999996, "origin_count": 74, "grid_size_m": 750}}, {"type": "Feature", "geometry": {"type": "Polygon", "coordinates": [[[-7.688301035966231, 33.56548385396976], [-7.688198747590879, 33.57224673909168], [-7.696277827482307, 33.57233211411427], [-7.696379486323506, 33.565569207246966], [-7.688301035966231, 33.56548385396976]]]}, "properties": {"score": 50.73327491576157, "avg_travel_time_min": 29.56003490242179, "population": 2748.3264719999997, "origin_count": 80, "grid_size_m": 750}}, {"type": "Feature", "geometry": {"type": "Polygon", "coordinates": [[[-7.688198747590879, 33.57224673909168], [-7.688096425066721, 33.57900961653645], [-7.696176134702369, 33.57909501330775], [-7.696277827482307, 33.57233211411427], [-7.688198747590879, 33.57224673909168]]]}, "properties": {"score": 48.333714485360694, "avg_travel_time_min": 30.999771349792013, "population": 2155.8935229999997, "origin_count": 80, "grid_size_m": 750}}, {"type": "Feature", "geometry": {"type": "Polygon", "coordinates": [[[-7.688096425066721, 33.57900961653645], [-7.687994068382959, 33.58577248630322], [-7.696074407972957, 33.58585790482654], [-7.696176134702369, 33.57909501330775], [-7.688096425066721, 33.57900961653645]]]}, "properties": {"score": 45.624919603762656, "avg_travel_time_min": 32.62504828963375, "population": 1622.1326159999999, "origin_count": 70, "grid_size_m": 750}}, {"type": "Feature", "geometry": {"type": "Polygon", "coordinates": [[[-7.687994068382959, 33.58577248630322], [-7.687891677528783, 33.59253534839117], [-7.695972647283334, 33.59262078866986], [-7.696074407972957, 33.58585790482654], [-7.687994068382959, 33.58577248630322]]]}, "properties": {"score": 52.46647684013784, "avg_travel_time_min": 28.52011389610302, "population": 67.657328, "origin_count": 4, "grid_size_m": 750}}, {"type": "Feature", "geometry": {"type": "Polygon", "coordinates": [[[-7.681864642166268, 33.4571911179445], [-7.681762272536056, 33.463954103960276], [-7.689831271067308, 33.46403965645411], [-7.689933014526147, 33.457276648612094], [-7.681864642166268, 33.4571911179445]]]}, "properties": {"score": 0.0, "avg_travel_time_min": 93.50599206132127, "population": 61.2660496, "origin_count": 10, "grid_size_m": 750}}, {"type": "Feature", "geometry": {"type": "Polygon", "coordinates": [[[-7.681762272536056, 33.463954103960276], [-7.681659868720095, 33.470717082309044], [-7.689729493631725, 33.47080265663244], [-7.689831271067308, 33.46403965645411], [-7.681762272536056, 33.463954103960276]]]}, "properties": {"score": 0.0, "avg_travel_time_min": 85.40688304845655, "population": 377.3153793000001, "origin_count": 46, "grid_size_m": 750}}, {"type": "Feature", "geometry": {"type": "Polygon", "coordinates": [[[-7.681659868720095, 33.470717082309044], [-7.681557430707605, 33.47748005298992], [-7.689627682208684, 33.47756564914622], [-7.689729493631725, 33.47080265663244], [-7.681659868720095, 33.470717082309044]]]}, "properties": {"score": 0.0, "avg_travel_time_min": 73.71503294050555, "population": 631.5455877999999, "origin_count": 82, "grid_size_m": 750}}, {"type": "Feature", "geometry": {"type": "Polygon", "coordinates": [[[-7.681557430707605, 33.47748005298992], [-7.681454958487806, 33.484243016002125], [-7.689525836787465, 33.48432863399465], [-7.689627682208684, 33.47756564914622], [-7.681557430707605, 33.47748005298992]]]}, "properties": {"score": 0.7921017654636106, "avg_travel_time_min": 62.776719515013006, "population": 745.1064375999999, "origin_count": 83, "grid_size_m": 750}}, {"type": "Feature", "geometry": {"type": "Polygon", "coordinates": [[[-7.681454958487806, 33.484243016002125], [-7.681352452049905, 33.49100597134478], [-7.689423957357348, 33.491091611176856], [-7.689525836787465, 33.48432863399465], [-7.681454958487806, 33.484243016002125]]]}, "properties": {"score": 4.33690698273496, "avg_travel_time_min": 58.21064536777796, "population": 575.4747758999999, "origin_count": 76, "grid_size_m": 750}}, {"type": "Feature", "geometry": {"type": "Polygon", "coordinates": [[[-7.681352452049905, 33.49100597134478], [-7.681249911383105, 33.49776891901705], [-7.689322043907601, 33.49785458069199], [-7.689423957357348, 33.491091611176856], [-7.681352452049905, 33.49100597134478]]]}, "properties": {"score": 2.9564605307633065, "avg_travel_time_min": 59.48995009306668, "population": 833.7241377, "origin_count": 80, "grid_size_m": 750}}, {"type": "Feature", "geometry": {"type": "Polygon", "coordinates": [[[-7.681249911383105, 33.49776891901705], [-7.6811473364766085, 33.50453185901806], [-7.689220096427491, 33.50461754253922], [-7.689322043907601, 33.49785458069199], [-7.681249911383105, 33.49776891901705]]]}, "properties": {"score": 4.141609793931089, "avg_travel_time_min": 57.92461207264586, "population": 789.0469106, "origin_count": 80, "grid_size_m": 750}}, {"type": "Feature", "geometry": {"type": "Polygon", "coordinates": [[[-7.6811473364766085, 33.50453185901806], [-7.68104472731961, 33.511294791347005], [-7.689118114906277, 33.51138049671772], [-7.689220096427491, 33.50461754253922], [-7.6811473364766085, 33.50453185901806]]]}, "properties": {"score": 9.695885377113713, "avg_travel_time_min": 54.18246862400979, "population": 742.0630765999999, "origin_count": 76, "grid_size_m": 750}}, {"type": "Feature", "geometry": {"type": "Polygon", "coordinates": [[[-7.68104472731961, 33.511294791347005], [-7.680942083901297, 33.51805771600303], [-7.689016099333215, 33.51814344322662], [-7.689118114906277, 33.51138049671772], [-7.68104472731961, 33.511294791347005]]]}, "properties": {"score": 24.66690648790316, "avg_travel_time_min": 45.199856167773135, "population": 1501.0190109999999, "origin_count": 72, "grid_size_m": 750}}, {"type": "Feature", "geometry": {"type": "Polygon", "coordinates": [[[-7.680942083901297, 33.51805771600303], [-7.680839406210852, 33.52482063298528], [-7.688914049697552, 33.52490638206509], [-7.689016099333215, 33.51814344322662], [-7.680942083901297, 33.51805771600303]]]}, "properties": {"score": 40.70217955965245, "avg_travel_time_min": 35.578692497634165, "population": 3227.266932, "origin_count": 72, "grid_size_m": 750}}, {"type": "Feature", "geometry": {"type": "Polygon", "coordinates": [[[-7.680839406210852, 33.52482063298528], [-7.680736694237452, 33.531583542292935], [-7.688811965988534, 33.53166931323228], [-7.688914049697552, 33.52490638206509], [-7.680839406210852, 33.52482063298528]]]}, "properties": {"score": 47.13220318713479, "avg_travel_time_min": 31.720677974233073, "population": 4399.127356000002, "origin_count": 79, "grid_size_m": 750}}, {"type": "Feature", "geometry": {"type": "Polygon", "coordinates": [[[-7.680736694237452, 33.531583542292935], [-7.68063394797027, 33.53834644392512], [-7.688709848195396, 33.53843223672737], [-7.688811965988534, 33.53166931323228], [-7.680736694237452, 33.531583542292935]]]}, "properties": {"score": 51.42977129839295, "avg_travel_time_min": 29.142137120644165, "population": 6160.956666, "origin_count": 90, "grid_size_m": 750}}, {"type": "Feature", "geometry": {"type": "Polygon", "coordinates": [[[-7.68063394797027, 33.53834644392512], [-7.680531167398472, 33.54510933788103], [-7.688607696307373, 33.545195152549496], [-7.688709848195396, 33.53843223672737], [-7.68063394797027, 33.53834644392512]]]}, "properties": {"score": 57.98729660498548, "avg_travel_time_min": 25.207621963545165, "population": 6847.6860480000005, "origin_count": 80, "grid_size_m": 750}}, {"type": "Feature", "geometry": {"type": "Polygon", "coordinates": [[[-7.680531167398472, 33.54510933788103], [-7.680428352511219, 33.551872224159794], [-7.68850551031369, 33.551958060697835], [-7.688607696307373, 33.545195152549496], [-7.680531167398472, 33.54510933788103]]]}, "properties": {"score": 59.51913399786, "avg_travel_time_min": 24.28851959586232, "population": 6719.775473, "origin_count": 80, "grid_size_m": 750}}, {"type": "Feature", "geometry": {"type": "Polygon", "coordinates": [[[-7.680428352511219, 33.551872224159794], [-7.680325503297667, 33.55863510276058], [-7.688403290203571, 33.55872096117153], [-7.68850551031369, 33.551958060697835], [-7.680428352511219, 33.551872224159794]]]}, "properties": {"score": 67.40041833034937, "avg_travel_time_min": 19.559749150674058, "population": 6217.879629, "origin_count": 80, "grid_size_m": 750}}, {"type": "Feature", "geometry": {"type": "Polygon", "coordinates": [[[-7.680325503297667, 33.55863510276058], [-7.6802226197469645, 33.56539797368255], [-7.688301035966231, 33.56548385396976], [-7.688403290203571, 33.55872096117153], [-7.680325503297667, 33.55863510276058]]]}, "properties": {"score": 66.29532842991397, "avg_travel_time_min": 20.22280299661682, "population": 4555.626344, "origin_count": 78, "grid_size_m": 750}}, {"type": "Feature", "geometry": {"type": "Polygon", "coordinates": [[[-7.6802226197469645, 33.56539797368255], [-7.680119701848255, 33.57216083692488], [-7.688198747590879, 33.57224673909168], [-7.688301035966231, 33.56548385396976], [-7.6802226197469645, 33.56539797368255]]]}, "properties": {"score": 64.85863332008765, "avg_travel_time_min": 21.0848197870921, "population": 3815.563623, "origin_count": 72, "grid_size_m": 750}}, {"type": "Feature", "geometry": {"type": "Polygon", "coordinates": [[[-7.680119701848255, 33.57216083692488], [-7.68001674959068, 33.5789236924867], [-7.688096425066721, 33.57900961653645], [-7.688198747590879, 33.57224673909168], [-7.680119701848255, 33.57216083692488]]]}, "properties": {"score": 65.02902204448601, "avg_travel_time_min": 20.98258662189425, "population": 2436.22977, "origin_count": 72, "grid_size_m": 750}}, {"type": "Feature", "geometry": {"type": "Polygon", "coordinates": [[[-7.68001674959068, 33.5789236924867], [-7.679913762963372, 33.58568654036718], [-7.687994068382959, 33.58577248630322], [-7.688096425066721, 33.57900961653645], [-7.68001674959068, 33.5789236924867]]]}, "properties": {"score": 54.481215980849484, "avg_travel_time_min": 27.311270453258192, "population": 2036.5917299999996, "origin_count": 78, "grid_size_m": 750}}, {"type": "Feature", "geometry": {"type": "Polygon", "coordinates": [[[-7.679913762963372, 33.58568654036718], [-7.679810741955457, 33.59244938056548], [-7.687891677528783, 33.59253534839117], [-7.687994068382959, 33.58577248630322], [-7.679913762963372, 33.58568654036718]]]}, "properties": {"score": 54.76411686355672, "avg_travel_time_min": 27.1415301642984, "population": 928.7964579999999, "origin_count": 48, "grid_size_m": 750}}, {"type": "Feature", "geometry": {"type": "Polygon", "coordinates": [[[-7.679810741955457, 33.59244938056548], [-7.679707686556057, 33.59921221308077], [-7.687789252493384, 33.59929820279946], [-7.687891677528783, 33.59253534839117], [-7.679810741955457, 33.59244938056548]]]}, "properties": {"score": 52.23224233684461, "avg_travel_time_min": 28.660654352559632, "population": 113.602847, "origin_count": 7, "grid_size_m": 750}}, {"type": "Feature", "geometry": {"type": "Polygon", "coordinates": [[[-7.673590278004991, 33.47063098286005], [-7.67348721341384, 33.47739393157411], [-7.681557430707605, 33.47748005298992], [-7.681659868720095, 33.470717082309044], [-7.673590278004991, 33.47063098286005]]]}, "properties": {"score": 0.0, "avg_travel_time_min": 66.38709098236853, "population": 446.72374849999994, "origin_count": 54, "grid_size_m": 750}}, {"type": "Feature", "geometry": {"type": "Polygon", "coordinates": [[[-7.67348721341384, 33.47739393157411], [-7.673384114406247, 33.48415687261614], [-7.681454958487806, 33.484243016002125], [-7.681557430707605, 33.47748005298992], [-7.67348721341384, 33.47739393157411]]]}, "properties": {"score": 6.31733991829464, "avg_travel_time_min": 56.56539026704299, "population": 1351.7791775, "origin_count": 80, "grid_size_m": 750}}, {"type": "Feature", "geometry": {"type": "Polygon", "coordinates": [[[-7.673384114406247, 33.48415687261614], [-7.673280980971355, 33.49091980598526], [-7.681352452049905, 33.49100597134478], [-7.681454958487806, 33.484243016002125], [-7.673384114406247, 33.48415687261614]]]}, "properties": {"score": 19.941163475890278, "avg_travel_time_min": 48.03530187268311, "population": 1065.9511504999998, "origin_count": 78, "grid_size_m": 750}}, {"type": "Feature", "geometry": {"type": "Polygon", "coordinates": [[[-7.673280980971355, 33.49091980598526], [-7.673177813098304, 33.497682731680655], [-7.681249911383105, 33.49776891901705], [-7.681352452049905, 33.49100597134478], [-7.673280980971355, 33.49091980598526]]]}, "properties": {"score": 16.59848257169893, "avg_travel_time_min": 50.04091048147058, "population": 905.9927064, "origin_count": 80, "grid_size_m": 750}}, {"type": "Feature", "geometry": {"type": "Polygon", "coordinates": [[[-7.673177813098304, 33.497682731680655], [-7.673074610776229, 33.50444564970144], [-7.6811473364766085, 33.50453185901806], [-7.681249911383105, 33.49776891901705], [-7.673177813098304, 33.497682731680655]]]}, "properties": {"score": 25.069626814142772, "avg_travel_time_min": 44.95822400051245, "population": 750.5640372, "origin_count": 80, "grid_size_m": 750}}, {"type": "Feature", "geometry": {"type": "Polygon", "coordinates": [[[-7.673074610776229, 33.50444564970144], [-7.6729713739942556, 33.5112085600468], [-7.68104472731961, 33.511294791347005], [-7.6811473364766085, 33.50453185901806], [-7.673074610776229, 33.50444564970144]]]}, "properties": {"score": 21.33242796890792, "avg_travel_time_min": 47.20054335040233, "population": 2151.3262652, "origin_count": 80, "grid_size_m": 750}}, {"type": "Feature", "geometry": {"type": "Polygon", "coordinates": [[[-7.6729713739942556, 33.5112085600468], [-7.672868102741509, 33.51797146271589], [-7.680942083901297, 33.51805771600303], [-7.68104472731961, 33.511294791347005], [-7.6729713739942556, 33.5112085600468]]]}, "properties": {"score": 25.05585666678688, "avg_travel_time_min": 44.966485930189975, "population": 3180.3337690000003, "origin_count": 80, "grid_size_m": 750}}, {"type": "Feature", "geometry": {"type": "Polygon", "coordinates": [[[-7.672868102741509, 33.51797146271589], [-7.672764797007104, 33.52473435770786], [-7.680839406210852, 33.52482063298528], [-7.680942083901297, 33.51805771600303], [-7.672868102741509, 33.51797146271589]]]}, "properties": {"score": 37.63765988976606, "avg_travel_time_min": 37.41740421127571, "population": 3935.305355, "origin_count": 80, "grid_size_m": 750}}, {"type": "Feature", "geometry": {"type": "Polygon", "coordinates": [[[-7.672764797007104, 33.52473435770786], [-7.672661456780151, 33.53149724502185], [-7.680736694237452, 33.531583542292935], [-7.680839406210852, 33.52482063298528], [-7.672764797007104, 33.52473435770786]]]}, "properties": {"score": 51.58211381660112, "avg_travel_time_min": 29.050731623544152, "population": 4722.59049, "origin_count": 73, "grid_size_m": 750}}, {"type": "Feature", "geometry": {"type": "Polygon", "coordinates": [[[-7.672661456780151, 33.53149724502185], [-7.6725580820497585, 33.538260124657036], [-7.68063394797027, 33.53834644392512], [-7.680736694237452, 33.531583542292935], [-7.672661456780151, 33.53149724502185]]]}, "properties": {"score": 53.678217216028656, "avg_travel_time_min": 27.793069531817174, "population": 5573.723834999999, "origin_count": 73, "grid_size_m": 750}}, {"type": "Feature", "geometry": {"type": "Polygon", "coordinates": [[[-7.6725580820497585, 33.538260124657036], [-7.672454672805027, 33.54502299661258], [-7.680531167398472, 33.54510933788103], [-7.68063394797027, 33.53834644392512], [-7.6725580820497585, 33.538260124657036]]]}, "properties": {"score": 59.99136065562118, "avg_travel_time_min": 24.005183500251725, "population": 7548.509293, "origin_count": 84, "grid_size_m": 750}}, {"type": "Feature", "geometry": {"type": "Polygon", "coordinates": [[[-7.672454672805027, 33.54502299661258], [-7.672351229035046, 33.55178586088761], [-7.680428352511219, 33.551872224159794], [-7.680531167398472, 33.54510933788103], [-7.672454672805027, 33.54502299661258]]]}, "properties": {"score": 63.12122664336603, "avg_travel_time_min": 22.127263837033805, "population": 5412.547132, "origin_count": 80, "grid_size_m": 750}}, {"type": "Feature", "geometry": {"type": "Polygon", "coordinates": [[[-7.672351229035046, 33.55178586088761], [-7.6722477507289115, 33.55854871748132], [-7.680325503297667, 33.55863510276058], [-7.680428352511219, 33.551872224159794], [-7.672351229035046, 33.55178586088761]]]}, "properties": {"score": 62.31517996960471, "avg_travel_time_min": 22.61089225282189, "population": 4538.763334, "origin_count": 80, "grid_size_m": 750}}, {"type": "Feature", "geometry": {"type": "Polygon", "coordinates": [[[-7.6722477507289115, 33.55854871748132], [-7.6721442378757025, 33.56531156639283], [-7.6802226197469645, 33.56539797368255], [-7.680325503297667, 33.55863510276058], [-7.6722477507289115, 33.55854871748132]]]}, "properties": {"score": 64.74216146592134, "avg_travel_time_min": 21.15470339667602, "population": 5704.953934, "origin_count": 80, "grid_size_m": 750}}, {"type": "Feature", "geometry": {"type": "Polygon", "coordinates": [[[-7.6721442378757025, 33.56531156639283], [-7.672040690464498, 33.57207440762132], [-7.680119701848255, 33.57216083692488], [-7.6802226197469645, 33.56539797368255], [-7.6721442378757025, 33.56531156639283]]]}, "properties": {"score": 64.41995058292262, "avg_travel_time_min": 21.348029924845154, "population": 5434.591703, "origin_count": 80, "grid_size_m": 750}}, {"type": "Feature", "geometry": {"type": "Polygon", "coordinates": [[[-7.672040690464498, 33.57207440762132], [-7.671937108484372, 33.578837241165964], [-7.68001674959068, 33.5789236924867], [-7.680119701848255, 33.57216083692488], [-7.672040690464498, 33.57207440762132]]]}, "properties": {"score": 71.12788957918352, "avg_travel_time_min": 17.323266400928038, "population": 2946.9840050000003, "origin_count": 80, "grid_size_m": 750}}, {"type": "Feature", "geometry": {"type": "Polygon", "coordinates": [[[-7.671937108484372, 33.578837241165964], [-7.671833491924389, 33.58560006702588], [-7.679913762963372, 33.58568654036718], [-7.68001674959068, 33.5789236924867], [-7.671937108484372, 33.578837241165964]]]}, "properties": {"score": 73.6319378382329, "avg_travel_time_min": 15.820836823800782, "population": 1944.212177, "origin_count": 74, "grid_size_m": 750}}, {"type": "Feature", "geometry": {"type": "Polygon", "coordinates": [[[-7.671833491924389, 33.58560006702588], [-7.6717298407736125, 33.59236288520027], [-7.679810741955457, 33.59244938056548], [-7.679913762963372, 33.58568654036718], [-7.671833491924389, 33.58560006702588]]]}, "properties": {"score": 58.67906312754611, "avg_travel_time_min": 24.792562104621396, "population": 1544.7026449999998, "origin_count": 72, "grid_size_m": 750}}, {"type": "Feature", "geometry": {"type": "Polygon", "coordinates": [[[-7.6717298407736125, 33.59236288520027], [-7.671626155021095, 33.59912569568825], [-7.679707686556057, 33.59921221308077], [-7.679810741955457, 33.59244938056548], [-7.6717298407736125, 33.59236288520027]]]}, "properties": {"score": 55.90188022052001, "avg_travel_time_min": 26.45887188110935, "population": 1028.698845, "origin_count": 58, "grid_size_m": 750}}, {"type": "Feature", "geometry": {"type": "Polygon", "coordinates": [[[-7.6660386584886515, 33.43672961012484], [-7.6659351402938976, 33.44349257510251], [-7.67400219242209, 33.443579111300195], [-7.674105085093667, 33.43681612423858], [-7.6660386584886515, 33.43672961012484]]]}, "properties": {"score": 0.0, "avg_travel_time_min": 67.45957734020594, "population": 27.5289126, "origin_count": 5, "grid_size_m": 750}}, {"type": "Feature", "geometry": {"type": "Polygon", "coordinates": [[[-7.6659351402938976, 33.44349257510251], [-7.665831587528101, 33.45025553240901], [-7.673899265388265, 33.450342090693994], [-7.67400219242209, 33.443579111300195], [-7.6659351402938976, 33.44349257510251]]]}, "properties": {"score": 0.0, "avg_travel_time_min": 72.50624496297162, "population": 179.16503060000002, "origin_count": 27, "grid_size_m": 750}}, {"type": "Feature", "geometry": {"type": "Polygon", "coordinates": [[[-7.665831587528101, 33.45025553240901], [-7.665728000180365, 33.45701848204347], [-7.673796303981361, 33.45710506241914], [-7.673899265388265, 33.450342090693994], [-7.665831587528101, 33.45025553240901]]]}, "properties": {"score": 0.0, "avg_travel_time_min": 79.06702661490878, "population": 243.297371, "origin_count": 36, "grid_size_m": 750}}, {"type": "Feature", "geometry": {"type": "Polygon", "coordinates": [[[-7.665728000180365, 33.45701848204347], [-7.6656243782397935, 33.463781424005084], [-7.673693308190551, 33.46386802647476], [-7.673796303981361, 33.45710506241914], [-7.665728000180365, 33.45701848204347]]]}, "properties": {"score": 0.0, "avg_travel_time_min": 72.88899205767122, "population": 253.5317857, "origin_count": 32, "grid_size_m": 750}}, {"type": "Feature", "geometry": {"type": "Polygon", "coordinates": [[[-7.6656243782397935, 33.463781424005084], [-7.66552072169548, 33.47054435829296], [-7.673590278004991, 33.47063098286005], [-7.673693308190551, 33.46386802647476], [-7.6656243782397935, 33.463781424005084]]]}, "properties": {"score": 0.0, "avg_travel_time_min": 66.58234354296319, "population": 251.68159200000002, "origin_count": 35, "grid_size_m": 750}}, {"type": "Feature", "geometry": {"type": "Polygon", "coordinates": [[[-7.66552072169548, 33.47054435829296], [-7.665417030536517, 33.477307284906274], [-7.67348721341384, 33.47739393157411], [-7.673590278004991, 33.47063098286005], [-7.66552072169548, 33.47054435829296]]]}, "properties": {"score": 2.9016681209323743, "avg_travel_time_min": 59.32309094953769, "population": 526.3616919, "origin_count": 79, "grid_size_m": 750}}, {"type": "Feature", "geometry": {"type": "Polygon", "coordinates": [[[-7.665417030536517, 33.477307284906274], [-7.665313304751985, 33.48407020384416], [-7.673384114406247, 33.48415687261614], [-7.67348721341384, 33.47739393157411], [-7.665417030536517, 33.477307284906274]]]}, "properties": {"score": 10.250705118397214, "avg_travel_time_min": 53.85319473036314, "population": 746.7324381000001, "origin_count": 80, "grid_size_m": 750}}, {"type": "Feature", "geometry": {"type": "Polygon", "coordinates": [[[-7.665313304751985, 33.48407020384416], [-7.665209544330964, 33.49083311510579], [-7.673280980971355, 33.49091980598526], [-7.673384114406247, 33.48415687261614], [-7.665313304751985, 33.48407020384416]]]}, "properties": {"score": 17.567334816545646, "avg_travel_time_min": 49.459599054046855, "population": 649.8688807000001, "origin_count": 77, "grid_size_m": 750}}, {"type": "Feature", "geometry": {"type": "Polygon", "coordinates": [[[-7.665209544330964, 33.49083311510579], [-7.665105749262528, 33.49759601869031], [-7.673177813098304, 33.497682731680655], [-7.673280980971355, 33.49091980598526], [-7.665209544330964, 33.49083311510579]]]}, "properties": {"score": 22.340009278642505, "avg_travel_time_min": 46.595994360984385, "population": 615.3231133, "origin_count": 72, "grid_size_m": 750}}, {"type": "Feature", "geometry": {"type": "Polygon", "coordinates": [[[-7.665105749262528, 33.49759601869031], [-7.6650019195357455, 33.50435891459686], [-7.673074610776229, 33.50444564970144], [-7.673177813098304, 33.497682731680655], [-7.665105749262528, 33.49759601869031]]]}, "properties": {"score": 37.14326181707896, "avg_travel_time_min": 37.71404276399485, "population": 1742.2007296, "origin_count": 72, "grid_size_m": 750}}, {"type": "Feature", "geometry": {"type": "Polygon", "coordinates": [[[-7.6650019195357455, 33.50435891459686], [-7.664898055139676, 33.51112180282461], [-7.6729713739942556, 33.5112085600468], [-7.673074610776229, 33.50444564970144], [-7.6650019195357455, 33.50435891459686]]]}, "properties": {"score": 43.06159836064263, "avg_travel_time_min": 34.16304107299388, "population": 4197.658745, "origin_count": 80, "grid_size_m": 750}}, {"type": "Feature", "geometry": {"type": "Polygon", "coordinates": [[[-7.664898055139676, 33.51112180282461], [-7.664794156063378, 33.51788468337271], [-7.672868102741509, 33.51797146271589], [-7.6729713739942556, 33.5112085600468], [-7.664898055139676, 33.51112180282461]]]}, "properties": {"score": 42.455456487959914, "avg_travel_time_min": 34.52672612950612, "population": 5527.989946000001, "origin_count": 80, "grid_size_m": 750}}, {"type": "Feature", "geometry": {"type": "Polygon", "coordinates": [[[-7.664794156063378, 33.51788468337271], [-7.664690222295901, 33.52464755624031], [-7.672764797007104, 33.52473435770786], [-7.672868102741509, 33.51797146271589], [-7.664794156063378, 33.51788468337271]]]}, "properties": {"score": 50.985886776117525, "avg_travel_time_min": 29.40846799413713, "population": 5924.233885, "origin_count": 80, "grid_size_m": 750}}, {"type": "Feature", "geometry": {"type": "Polygon", "coordinates": [[[-7.664690222295901, 33.52464755624031], [-7.6645862538262906, 33.53141042142656], [-7.672661456780151, 33.53149724502185], [-7.672764797007104, 33.52473435770786], [-7.664690222295901, 33.52464755624031]]]}, "properties": {"score": 49.242584978432916, "avg_travel_time_min": 30.4544489234852, "population": 6987.439266, "origin_count": 80, "grid_size_m": 750}}, {"type": "Feature", "geometry": {"type": "Polygon", "coordinates": [[[-7.6645862538262906, 33.53141042142656], [-7.664482250643586, 33.53817327893062], [-7.6725580820497585, 33.538260124657036], [-7.672661456780151, 33.53149724502185], [-7.6645862538262906, 33.53141042142656]]]}, "properties": {"score": 59.64534566356379, "avg_travel_time_min": 24.212792681887635, "population": 6605.651315, "origin_count": 80, "grid_size_m": 750}}, {"type": "Feature", "geometry": {"type": "Polygon", "coordinates": [[[-7.664482250643586, 33.53817327893062], [-7.664378212736824, 33.54493612875165], [-7.672454672805027, 33.54502299661258], [-7.6725580820497585, 33.538260124657036], [-7.664482250643586, 33.53817327893062]]]}, "properties": {"score": 64.15123821130565, "avg_travel_time_min": 21.509257317645705, "population": 6204.592675000001, "origin_count": 79, "grid_size_m": 750}}, {"type": "Feature", "geometry": {"type": "Polygon", "coordinates": [[[-7.664378212736824, 33.54493612875165], [-7.66427414009503, 33.55169897088881], [-7.672351229035046, 33.55178586088761], [-7.672454672805027, 33.54502299661258], [-7.664378212736824, 33.54493612875165]]]}, "properties": {"score": 69.91289364142507, "avg_travel_time_min": 18.052263924960148, "population": 4004.8068499999995, "origin_count": 79, "grid_size_m": 750}}, {"type": "Feature", "geometry": {"type": "Polygon", "coordinates": [[[-7.66427414009503, 33.55169897088881], [-7.664170032707228, 33.558461805341246], [-7.6722477507289115, 33.55854871748132], [-7.672351229035046, 33.55178586088761], [-7.66427414009503, 33.55169897088881]]]}, "properties": {"score": 70.73766943824474, "avg_travel_time_min": 17.55739836874562, "population": 3772.511124, "origin_count": 72, "grid_size_m": 750}}, {"type": "Feature", "geometry": {"type": "Polygon", "coordinates": [[[-7.664170032707228, 33.558461805341246], [-7.664065890562434, 33.5652246321081], [-7.6721442378757025, 33.56531156639283], [-7.6722477507289115, 33.55854871748132], [-7.664170032707228, 33.558461805341246]]]}, "properties": {"score": 71.47076207670322, "avg_travel_time_min": 17.117542612897996, "population": 4921.317349999999, "origin_count": 80, "grid_size_m": 750}}, {"type": "Feature", "geometry": {"type": "Polygon", "coordinates": [[[-7.664065890562434, 33.5652246321081], [-7.6639617136496625, 33.57198745118856], [-7.672040690464498, 33.57207440762132], [-7.6721442378757025, 33.56531156639283], [-7.664065890562434, 33.5652246321081]]]}, "properties": {"score": 73.81469465655037, "avg_travel_time_min": 15.711183000227644, "population": 5303.587586, "origin_count": 80, "grid_size_m": 750}}, {"type": "Feature", "geometry": {"type": "Polygon", "coordinates": [[[-7.6639617136496625, 33.57198745118856], [-7.663857501957917, 33.578750262581785], [-7.671937108484372, 33.578837241165964], [-7.672040690464498, 33.57207440762132], [-7.6639617136496625, 33.57198745118856]]]}, "properties": {"score": 68.59803138788554, "avg_travel_time_min": 18.841181486137593, "population": 3468.2660859999996, "origin_count": 80, "grid_size_m": 750}}, {"type": "Feature", "geometry": {"type": "Polygon", "coordinates": [[[-7.663857501957917, 33.578750262581785], [-7.6637532554762, 33.585513066286886], [-7.671833491924389, 33.58560006702588], [-7.671937108484372, 33.578837241165964], [-7.663857501957917, 33.578750262581785]]]}, "properties": {"score": 67.80742784573621, "avg_travel_time_min": 19.315543414002963, "population": 1913.5347000000002, "origin_count": 80, "grid_size_m": 750}}, {"type": "Feature", "geometry": {"type": "Polygon", "coordinates": [[[-7.6637532554762, 33.585513066286886], [-7.663648974193506, 33.59227586230306], [-7.6717298407736125, 33.59236288520027], [-7.671833491924389, 33.58560006702588], [-7.6637532554762, 33.585513066286886]]]}, "properties": {"score": 55.84722453075105, "avg_travel_time_min": 26.491665386135228, "population": 2146.1283179999996, "origin_count": 80, "grid_size_m": 750}}, {"type": "Feature", "geometry": {"type": "Polygon", "coordinates": [[[-7.663648974193506, 33.59227586230306], [-7.663544658098822, 33.59903865062945], [-7.671626155021095, 33.59912569568825], [-7.6717298407736125, 33.59236288520027], [-7.663648974193506, 33.59227586230306]]]}, "properties": {"score": 58.54076450802627, "avg_travel_time_min": 24.875541160114917, "population": 1490.877323, "origin_count": 73, "grid_size_m": 750}}, {"type": "Feature", "geometry": {"type": "Polygon", "coordinates": [[[-7.663544658098822, 33.59903865062945], [-7.663440307181135, 33.60580143126523], [-7.671522434655891, 33.60588849848902], [-7.671626155021095, 33.59912569568825], [-7.663544658098822, 33.59903865062945]]]}, "properties": {"score": 59.40093069591365, "avg_travel_time_min": 24.359441354042254, "population": 35.053070000000005, "origin_count": 2, "grid_size_m": 750}}, {"type": "Feature", "geometry": {"type": "Polygon", "coordinates": [[[-7.6580763753819525, 33.42987962113626], [-7.6579722664437915, 33.43664257156986], [-7.6660386584886515, 33.43672961012484], [-7.666142142123249, 33.429966637476845], [-7.6580763753819525, 33.42987962113626]]]}, "properties": {"score": 0.0, "avg_travel_time_min": 64.14272427417674, "population": 36.4004851, "origin_count": 5, "grid_size_m": 750}}, {"type": "Feature", "geometry": {"type": "Polygon", "coordinates": [[[-7.6579722664437915, 33.43664257156986], [-7.65786812273675, 33.44340551432977], [-7.6659351402938976, 33.44349257510251], [-7.6660386584886515, 33.43672961012484], [-7.6579722664437915, 33.43664257156986]]]}, "properties": {"score": 1.1989708255088403, "avg_travel_time_min": 60.22862015419965, "population": 610.9569306, "origin_count": 67, "grid_size_m": 750}}, {"type": "Feature", "geometry": {"type": "Polygon", "coordinates": [[[-7.65786812273675, 33.44340551432977], [-7.657763944249875, 33.450168449415116], [-7.665831587528101, 33.45025553240901], [-7.6659351402938976, 33.44349257510251], [-7.65786812273675, 33.44340551432977]]]}, "properties": {"score": 0.0, "avg_travel_time_min": 68.68307687405357, "population": 910.7408617, "origin_count": 80, "grid_size_m": 750}}, {"type": "Feature", "geometry": {"type": "Polygon", "coordinates": [[[-7.657763944249875, 33.450168449415116], [-7.657659730972204, 33.456931376825054], [-7.665728000180365, 33.45701848204347], [-7.665831587528101, 33.45025553240901], [-7.657763944249875, 33.450168449415116]]]}, "properties": {"score": 0.0, "avg_travel_time_min": 71.82911061237922, "population": 797.3845417, "origin_count": 72, "grid_size_m": 750}}, {"type": "Feature", "geometry": {"type": "Polygon", "coordinates": [[[-7.657659730972204, 33.456931376825054], [-7.657555482892777, 33.463694296558735], [-7.6656243782397935, 33.463781424005084], [-7.665728000180365, 33.45701848204347], [-7.657659730972204, 33.456931376825054]]]}, "properties": {"score": 0.0, "avg_travel_time_min": 65.75961165217824, "population": 1300.62212, "origin_count": 72, "grid_size_m": 750}}, {"type": "Feature", "geometry": {"type": "Polygon", "coordinates": [[[-7.657555482892777, 33.463694296558735], [-7.6574512000006205, 33.470457208615315], [-7.66552072169548, 33.47054435829296], [-7.6656243782397935, 33.463781424005084], [-7.657555482892777, 33.463694296558735]]]}, "properties": {"score": 2.516252480726059, "avg_travel_time_min": 59.686514631116694, "population": 1083.6715055, "origin_count": 76, "grid_size_m": 750}}, {"type": "Feature", "geometry": {"type": "Polygon", "coordinates": [[[-7.6574512000006205, 33.470457208615315], [-7.657346882284758, 33.477220112993926], [-7.665417030536517, 33.477307284906274], [-7.66552072169548, 33.47054435829296], [-7.6574512000006205, 33.470457208615315]]]}, "properties": {"score": 10.433702970985955, "avg_travel_time_min": 53.73977806954068, "population": 796.0126875999999, "origin_count": 80, "grid_size_m": 750}}, {"type": "Feature", "geometry": {"type": "Polygon", "coordinates": [[[-7.657346882284758, 33.477220112993926], [-7.6572425297342095, 33.48398300969375], [-7.665313304751985, 33.48407020384416], [-7.665417030536517, 33.477307284906274], [-7.657346882284758, 33.477220112993926]]]}, "properties": {"score": 14.170638350194661, "avg_travel_time_min": 51.49761702419877, "population": 551.9284675, "origin_count": 66, "grid_size_m": 750}}, {"type": "Feature", "geometry": {"type": "Polygon", "coordinates": [[[-7.6572425297342095, 33.48398300969375], [-7.657138142337987, 33.49074589871391], [-7.665209544330964, 33.49083311510579], [-7.665313304751985, 33.48407020384416], [-7.6572425297342095, 33.48398300969375]]]}, "properties": {"score": 6.783167178953758, "avg_travel_time_min": 56.53333271093282, "population": 292.5871138, "origin_count": 52, "grid_size_m": 750}}, {"type": "Feature", "geometry": {"type": "Polygon", "coordinates": [[[-7.657138142337987, 33.49074589871391], [-7.657033720085099, 33.497508780053565], [-7.665105749262528, 33.49759601869031], [-7.665209544330964, 33.49083311510579], [-7.657138142337987, 33.49074589871391]]]}, "properties": {"score": 30.499362171295516, "avg_travel_time_min": 41.700382751912066, "population": 1538.6897363, "origin_count": 90, "grid_size_m": 750}}, {"type": "Feature", "geometry": {"type": "Polygon", "coordinates": [[[-7.657033720085099, 33.497508780053565], [-7.656929262964546, 33.50427165371187], [-7.6650019195357455, 33.50435891459686], [-7.665105749262528, 33.49759601869031], [-7.657033720085099, 33.497508780053565]]]}, "properties": {"score": 49.59900158476961, "avg_travel_time_min": 30.24059901009216, "population": 4559.838599000001, "origin_count": 80, "grid_size_m": 750}}, {"type": "Feature", "geometry": {"type": "Polygon", "coordinates": [[[-7.656929262964546, 33.50427165371187], [-7.656824770965326, 33.511034519687975], [-7.664898055139676, 33.51112180282461], [-7.6650019195357455, 33.50435891459686], [-7.656929262964546, 33.50427165371187]]]}, "properties": {"score": 62.09495551171977, "avg_travel_time_min": 22.74302670471291, "population": 4837.7138620000005, "origin_count": 72, "grid_size_m": 750}}, {"type": "Feature", "geometry": {"type": "Polygon", "coordinates": [[[-7.656824770965326, 33.511034519687975], [-7.656720244076425, 33.51779737798103], [-7.664794156063378, 33.51788468337271], [-7.664898055139676, 33.51112180282461], [-7.656824770965326, 33.511034519687975]]]}, "properties": {"score": 58.46894848958844, "avg_travel_time_min": 24.918630821200946, "population": 4439.550537, "origin_count": 72, "grid_size_m": 750}}, {"type": "Feature", "geometry": {"type": "Polygon", "coordinates": [[[-7.656720244076425, 33.51779737798103], [-7.65661568228683, 33.52456022859018], [-7.664690222295901, 33.52464755624031], [-7.664794156063378, 33.51788468337271], [-7.656720244076425, 33.51779737798103]]]}, "properties": {"score": 60.65056572700388, "avg_travel_time_min": 23.609660641184558, "population": 6207.64922, "origin_count": 76, "grid_size_m": 750}}, {"type": "Feature", "geometry": {"type": "Polygon", "coordinates": [[[-7.65661568228683, 33.52456022859018], [-7.656511085585523, 33.531323071514606], [-7.6645862538262906, 33.53141042142656], [-7.664690222295901, 33.52464755624031], [-7.65661568228683, 33.52456022859018]]]}, "properties": {"score": 50.236352934573254, "avg_travel_time_min": 29.85818808592515, "population": 5453.550093, "origin_count": 80, "grid_size_m": 750}}, {"type": "Feature", "geometry": {"type": "Polygon", "coordinates": [[[-7.656511085585523, 33.531323071514606], [-7.656406453961473, 33.53808590675344], [-7.664482250643586, 33.53817327893062], [-7.6645862538262906, 33.53141042142656], [-7.656511085585523, 33.531323071514606]]]}, "properties": {"score": 46.64770773087355, "avg_travel_time_min": 32.01137528706237, "population": 4413.353977999999, "origin_count": 80, "grid_size_m": 750}}, {"type": "Feature", "geometry": {"type": "Polygon", "coordinates": [[[-7.656406453961473, 33.53808590675344], [-7.6563017874036525, 33.54484873430583], [-7.664378212736824, 33.54493612875165], [-7.664482250643586, 33.53817327893062], [-7.656406453961473, 33.53808590675344]]]}, "properties": {"score": 53.52704909096653, "avg_travel_time_min": 27.883770465003934, "population": 4892.405459, "origin_count": 80, "grid_size_m": 750}}, {"type": "Feature", "geometry": {"type": "Polygon", "coordinates": [[[-7.6563017874036525, 33.54484873430583], [-7.65619708590102, 33.551611554170954], [-7.66427414009503, 33.55169897088881], [-7.664378212736824, 33.54493612875165], [-7.6563017874036525, 33.54484873430583]]]}, "properties": {"score": 55.78305840446607, "avg_travel_time_min": 26.53016509721256, "population": 4296.820299999999, "origin_count": 84, "grid_size_m": 750}}, {"type": "Feature", "geometry": {"type": "Polygon", "coordinates": [[[-7.65619708590102, 33.551611554170954], [-7.656092349442535, 33.558374366347934], [-7.664170032707228, 33.558461805341246], [-7.66427414009503, 33.55169897088881], [-7.65619708590102, 33.551611554170954]]]}, "properties": {"score": 60.89953147466167, "avg_travel_time_min": 23.460281015094267, "population": 3571.065582, "origin_count": 86, "grid_size_m": 750}}, {"type": "Feature", "geometry": {"type": "Polygon", "coordinates": [[[-7.656092349442535, 33.558374366347934], [-7.655987578017146, 33.56513717083595], [-7.664065890562434, 33.5652246321081], [-7.664170032707228, 33.558461805341246], [-7.656092349442535, 33.558374366347934]]]}, "properties": {"score": 61.790925472857715, "avg_travel_time_min": 22.92544461822972, "population": 3515.20456, "origin_count": 72, "grid_size_m": 750}}, {"type": "Feature", "geometry": {"type": "Polygon", "coordinates": [[[-7.655987578017146, 33.56513717083595], [-7.655882771613799, 33.57189996763416], [-7.6639617136496625, 33.57198745118856], [-7.664065890562434, 33.5652246321081], [-7.655987578017146, 33.56513717083595]]]}, "properties": {"score": 74.61630159516041, "avg_travel_time_min": 15.230219213321199, "population": 3986.996285, "origin_count": 72, "grid_size_m": 750}}, {"type": "Feature", "geometry": {"type": "Polygon", "coordinates": [[[-7.655882771613799, 33.57189996763416], [-7.6557779302214355, 33.57866275674171], [-7.663857501957917, 33.578750262581785], [-7.6639617136496625, 33.57198745118856], [-7.655882771613799, 33.57189996763416]]]}, "properties": {"score": 69.98633718508782, "avg_travel_time_min": 18.00819785522724, "population": 4215.281977, "origin_count": 76, "grid_size_m": 750}}, {"type": "Feature", "geometry": {"type": "Polygon", "coordinates": [[[-7.6557779302214355, 33.57866275674171], [-7.655673053828989, 33.585425538157736], [-7.6637532554762, 33.585513066286886], [-7.663857501957917, 33.578750262581785], [-7.6557779302214355, 33.57866275674171]]]}, "properties": {"score": 71.13564657960343, "avg_travel_time_min": 17.318612039174994, "population": 1799.9246430000003, "origin_count": 80, "grid_size_m": 750}}, {"type": "Feature", "geometry": {"type": "Polygon", "coordinates": [[[-7.655673053828989, 33.585425538157736], [-7.655568142425386, 33.59218831188144], [-7.663648974193506, 33.59227586230306], [-7.6637532554762, 33.585513066286886], [-7.655673053828989, 33.585425538157736]]]}, "properties": {"score": 63.465082863909366, "avg_travel_time_min": 21.920950042636512, "population": 1747.7500369999998, "origin_count": 80, "grid_size_m": 750}}, {"type": "Feature", "geometry": {"type": "Polygon", "coordinates": [[[-7.655568142425386, 33.59218831188144], [-7.655463195999553, 33.59895107791194], [-7.663544658098822, 33.59903865062945], [-7.663648974193506, 33.59227586230306], [-7.655568142425386, 33.59218831188144]]]}, "properties": {"score": 68.3686442669227, "avg_travel_time_min": 18.978813430005587, "population": 1936.09302, "origin_count": 80, "grid_size_m": 750}}, {"type": "Feature", "geometry": {"type": "Polygon", "coordinates": [[[-7.655463195999553, 33.59895107791194], [-7.655358214540404, 33.605713836248405], [-7.663440307181135, 33.60580143126523], [-7.663544658098822, 33.59903865062945], [-7.655463195999553, 33.59895107791194]]]}, "properties": {"score": 69.73344564324731, "avg_travel_time_min": 18.159932720919805, "population": 1115.181762, "origin_count": 60, "grid_size_m": 750}}, {"type": "Feature", "geometry": {"type": "Polygon", "coordinates": [[[-7.655358214540404, 33.605713836248405], [-7.655253198036852, 33.61247658688999], [-7.66333592142942, 33.612564204209534], [-7.663440307181135, 33.60580143126523], [-7.655358214540404, 33.605713836248405]]]}, "properties": {"score": 60.86655384929293, "avg_travel_time_min": 23.48006723100329, "population": 200.265587, "origin_count": 12, "grid_size_m": 750}}, {"type": "Feature", "geometry": {"type": "Polygon", "coordinates": [[[-7.650115342662777, 33.42302914473416], [-7.650010643398587, 33.42979208049582], [-7.6580763753819525, 33.42987962113626], [-7.658180449562181, 33.42311666302981], [-7.650115342662777, 33.42302914473416]]]}, "properties": {"score": 0.0, "avg_travel_time_min": 74.318924, "population": 5.8983326, "origin_count": 1, "grid_size_m": 750}}, {"type": "Feature", "geometry": {"type": "Polygon", "coordinates": [[[-7.650010643398587, 33.42979208049582], [-7.649905909167811, 33.43655500858123], [-7.6579722664437915, 33.43664257156986], [-7.6580763753819525, 33.42987962113626], [-7.650010643398587, 33.42979208049582]]]}, "properties": {"score": 0.0, "avg_travel_time_min": 68.6932816363565, "population": 263.87469500000003, "origin_count": 35, "grid_size_m": 750}}, {"type": "Feature", "geometry": {"type": "Polygon", "coordinates": [[[-7.649905909167811, 33.43655500858123], [-7.649801139959436, 33.443317928989536], [-7.65786812273675, 33.44340551432977], [-7.6579722664437915, 33.43664257156986], [-7.649905909167811, 33.43655500858123]]]}, "properties": {"score": 0.011062789625976472, "avg_travel_time_min": 63.56189156756415, "population": 1624.164474, "origin_count": 88, "grid_size_m": 750}}, {"type": "Feature", "geometry": {"type": "Polygon", "coordinates": [[[-7.649801139959436, 33.443317928989536], [-7.6496963357624415, 33.45008084171989], [-7.657763944249875, 33.450168449415116], [-7.65786812273675, 33.44340551432977], [-7.649801139959436, 33.443317928989536]]]}, "properties": {"score": 0.01613313476836556, "avg_travel_time_min": 64.61295616200799, "population": 1282.1283629999998, "origin_count": 82, "grid_size_m": 750}}, {"type": "Feature", "geometry": {"type": "Polygon", "coordinates": [[[-7.6496963357624415, 33.45008084171989], [-7.649591496565801, 33.456843746771426], [-7.657659730972204, 33.456931376825054], [-7.657763944249875, 33.450168449415116], [-7.6496963357624415, 33.45008084171989]]]}, "properties": {"score": 1.122305156024369, "avg_travel_time_min": 61.371609248430715, "population": 1785.0966724999998, "origin_count": 80, "grid_size_m": 750}}, {"type": "Feature", "geometry": {"type": "Polygon", "coordinates": [[[-7.649591496565801, 33.456843746771426], [-7.649486622358488, 33.463606644143304], [-7.657555482892777, 33.463694296558735], [-7.657659730972204, 33.456931376825054], [-7.649591496565801, 33.456843746771426]]]}, "properties": {"score": 3.608822869350478, "avg_travel_time_min": 58.118640290687026, "population": 2542.028558, "origin_count": 80, "grid_size_m": 750}}, {"type": "Feature", "geometry": {"type": "Polygon", "coordinates": [[[-7.649486622358488, 33.463606644143304], [-7.649381713129462, 33.47036953383468], [-7.6574512000006205, 33.470457208615315], [-7.657555482892777, 33.463694296558735], [-7.649486622358488, 33.463606644143304]]]}, "properties": {"score": 6.320939279662017, "avg_travel_time_min": 56.21816621704162, "population": 1033.2074198, "origin_count": 76, "grid_size_m": 750}}, {"type": "Feature", "geometry": {"type": "Polygon", "coordinates": [[[-7.649381713129462, 33.47036953383468], [-7.6492767688676855, 33.47713241584468], [-7.657346882284758, 33.477220112993926], [-7.6574512000006205, 33.470457208615315], [-7.649381713129462, 33.47036953383468]]]}, "properties": {"score": 3.085153519812823, "avg_travel_time_min": 58.36903317608149, "population": 620.2549031000001, "origin_count": 72, "grid_size_m": 750}}, {"type": "Feature", "geometry": {"type": "Polygon", "coordinates": [[[-7.6492767688676855, 33.47713241584468], [-7.649171789562108, 33.48389529017246], [-7.6572425297342095, 33.48398300969375], [-7.657346882284758, 33.477220112993926], [-7.6492767688676855, 33.47713241584468]]]}, "properties": {"score": 1.6397320862213902, "avg_travel_time_min": 59.72970687373924, "population": 596.805214, "origin_count": 72, "grid_size_m": 750}}, {"type": "Feature", "geometry": {"type": "Polygon", "coordinates": [[[-7.649171789562108, 33.48389529017246], [-7.649066775201676, 33.4906581568172], [-7.657138142337987, 33.49074589871391], [-7.6572425297342095, 33.48398300969375], [-7.649171789562108, 33.48389529017246]]]}, "properties": {"score": 0.5201543419417529, "avg_travel_time_min": 63.365067238356474, "population": 221.29625419999994, "origin_count": 37, "grid_size_m": 750}}, {"type": "Feature", "geometry": {"type": "Polygon", "coordinates": [[[-7.649066775201676, 33.4906581568172], [-7.648961725775334, 33.497421015778], [-7.657033720085099, 33.497508780053565], [-7.657138142337987, 33.49074589871391], [-7.649066775201676, 33.4906581568172]]]}, "properties": {"score": 28.83263325587164, "avg_travel_time_min": 42.73969499670502, "population": 873.2665902, "origin_count": 69, "grid_size_m": 750}}, {"type": "Feature", "geometry": {"type": "Polygon", "coordinates": [[[-7.648961725775334, 33.497421015778], [-7.648856641272015, 33.50418386705404], [-7.656929262964546, 33.50427165371187], [-7.657033720085099, 33.497508780053565], [-7.648961725775334, 33.497421015778]]]}, "properties": {"score": 49.24791372577582, "avg_travel_time_min": 30.451251886867148, "population": 3402.9271780000004, "origin_count": 89, "grid_size_m": 750}}, {"type": "Feature", "geometry": {"type": "Polygon", "coordinates": [[[-7.648856641272015, 33.50418386705404], [-7.64875152168065, 33.510946710644475], [-7.656824770965326, 33.511034519687975], [-7.656929262964546, 33.50427165371187], [-7.648856641272015, 33.50418386705404]]]}, "properties": {"score": 61.99222965501136, "avg_travel_time_min": 22.804662103392968, "population": 4137.348657, "origin_count": 80, "grid_size_m": 750}}, {"type": "Feature", "geometry": {"type": "Polygon", "coordinates": [[[-7.64875152168065, 33.510946710644475], [-7.648646366990163, 33.517709546548446], [-7.656720244076425, 33.51779737798103], [-7.656824770965326, 33.511034519687975], [-7.64875152168065, 33.510946710644475]]]}, "properties": {"score": 66.91544870255002, "avg_travel_time_min": 19.85073061908401, "population": 5663.073988, "origin_count": 80, "grid_size_m": 750}}, {"type": "Feature", "geometry": {"type": "Polygon", "coordinates": [[[-7.648646366990163, 33.517709546548446], [-7.6485411771894745, 33.524472374765104], [-7.65661568228683, 33.52456022859018], [-7.656720244076425, 33.51779737798103], [-7.648646366990163, 33.517709546548446]]]}, "properties": {"score": 73.50533354812846, "avg_travel_time_min": 15.896800070632352, "population": 7808.040528000001, "origin_count": 76, "grid_size_m": 750}}, {"type": "Feature", "geometry": {"type": "Polygon", "coordinates": [[[-7.6485411771894745, 33.524472374765104], [-7.648435952267495, 33.53123519529359], [-7.656511085585523, 33.531323071514606], [-7.65661568228683, 33.52456022859018], [-7.6485411771894745, 33.524472374765104]]]}, "properties": {"score": 66.52971017707083, "avg_travel_time_min": 20.082173829728806, "population": 4935.4114119999995, "origin_count": 72, "grid_size_m": 750}}, {"type": "Feature", "geometry": {"type": "Polygon", "coordinates": [[[-7.648435952267495, 33.53123519529359], [-7.648330692213133, 33.53799800813307], [-7.656406453961473, 33.53808590675344], [-7.656511085585523, 33.531323071514606], [-7.648435952267495, 33.53123519529359]]]}, "properties": {"score": 57.0084170100371, "avg_travel_time_min": 25.794950022992918, "population": 4103.527112, "origin_count": 72, "grid_size_m": 750}}, {"type": "Feature", "geometry": {"type": "Polygon", "coordinates": [[[-7.648330692213133, 33.53799800813307], [-7.64822539701529, 33.5447608132827], [-7.6563017874036525, 33.54484873430583], [-7.656406453961473, 33.53808590675344], [-7.648330692213133, 33.53799800813307]]]}, "properties": {"score": 56.91563707199096, "avg_travel_time_min": 25.850617740692975, "population": 4159.406788, "origin_count": 80, "grid_size_m": 750}}, {"type": "Feature", "geometry": {"type": "Polygon", "coordinates": [[[-7.64822539701529, 33.5447608132827], [-7.648120066662863, 33.55152361074162], [-7.65619708590102, 33.551611554170954], [-7.6563017874036525, 33.54484873430583], [-7.64822539701529, 33.5447608132827]]]}, "properties": {"score": 57.29542692700286, "avg_travel_time_min": 25.622743880399874, "population": 4253.413722, "origin_count": 80, "grid_size_m": 750}}, {"type": "Feature", "geometry": {"type": "Polygon", "coordinates": [[[-7.648120066662863, 33.55152361074162], [-7.648014701144743, 33.558286400509004], [-7.656092349442535, 33.558374366347934], [-7.65619708590102, 33.551611554170954], [-7.648120066662863, 33.55152361074162]]]}, "properties": {"score": 57.00566382552189, "avg_travel_time_min": 25.796601503376568, "population": 3845.5886569999993, "origin_count": 85, "grid_size_m": 750}}, {"type": "Feature", "geometry": {"type": "Polygon", "coordinates": [[[-7.648014701144743, 33.558286400509004], [-7.647909300449813, 33.56504918258398], [-7.655987578017146, 33.56513717083595], [-7.656092349442535, 33.558374366347934], [-7.648014701144743, 33.558286400509004]]]}, "properties": {"score": 60.603978369600185, "avg_travel_time_min": 23.637613017080756, "population": 3995.6347490000003, "origin_count": 85, "grid_size_m": 750}}, {"type": "Feature", "geometry": {"type": "Polygon", "coordinates": [[[-7.647909300449813, 33.56504918258398], [-7.647803864566953, 33.571811956965725], [-7.655882771613799, 33.57189996763416], [-7.655987578017146, 33.56513717083595], [-7.647909300449813, 33.56504918258398]]]}, "properties": {"score": 64.96648061981814, "avg_travel_time_min": 21.02011167675827, "population": 4865.863109999999, "origin_count": 80, "grid_size_m": 750}}, {"type": "Feature", "geometry": {"type": "Polygon", "coordinates": [[[-7.647803864566953, 33.571811956965725], [-7.647698393485036, 33.578574723653375], [-7.6557779302214355, 33.57866275674171], [-7.655882771613799, 33.57189996763416], [-7.647803864566953, 33.571811956965725]]]}, "properties": {"score": 66.09317581389047, "avg_travel_time_min": 20.344094384122297, "population": 5001.6351939999995, "origin_count": 76, "grid_size_m": 750}}, {"type": "Feature", "geometry": {"type": "Polygon", "coordinates": [[[-7.647698393485036, 33.578574723653375], [-7.647592887192931, 33.58533748264608], [-7.655673053828989, 33.585425538157736], [-7.6557779302214355, 33.57866275674171], [-7.647698393485036, 33.578574723653375]]]}, "properties": {"score": 73.9520213892583, "avg_travel_time_min": 15.628786702620399, "population": 1822.25345, "origin_count": 72, "grid_size_m": 750}}, {"type": "Feature", "geometry": {"type": "Polygon", "coordinates": [[[-7.647592887192931, 33.58533748264608], [-7.647487345679499, 33.59210023394303], [-7.655568142425386, 33.59218831188144], [-7.655673053828989, 33.585425538157736], [-7.647592887192931, 33.58533748264608]]]}, "properties": {"score": 69.58911816369417, "avg_travel_time_min": 18.246529446943452, "population": 1849.981032, "origin_count": 73, "grid_size_m": 750}}, {"type": "Feature", "geometry": {"type": "Polygon", "coordinates": [[[-7.647487345679499, 33.59210023394303], [-7.647381768933597, 33.598862977543334], [-7.655463195999553, 33.59895107791194], [-7.655568142425386, 33.59218831188144], [-7.647487345679499, 33.59210023394303]]]}, "properties": {"score": 74.36294671417356, "avg_travel_time_min": 15.382232290547897, "population": 1857.6209399999998, "origin_count": 80, "grid_size_m": 750}}, {"type": "Feature", "geometry": {"type": "Polygon", "coordinates": [[[-7.647381768933597, 33.598862977543334], [-7.647276156944074, 33.60562571344618], [-7.655358214540404, 33.605713836248405], [-7.655463195999553, 33.59895107791194], [-7.647381768933597, 33.598862977543334]]]}, "properties": {"score": 63.56191059198088, "avg_travel_time_min": 21.862853594417818, "population": 1522.9097, "origin_count": 80, "grid_size_m": 750}}, {"type": "Feature", "geometry": {"type": "Polygon", "coordinates": [[[-7.647276156944074, 33.60562571344618], [-7.64717050969978, 33.612388441650715], [-7.655253198036852, 33.61247658688999], [-7.655358214540404, 33.605713836248405], [-7.647276156944074, 33.60562571344618]]]}, "properties": {"score": 61.01912282141553, "avg_travel_time_min": 23.388526402650577, "population": 953.34505, "origin_count": 57, "grid_size_m": 750}}, {"type": "Feature", "geometry": {"type": "Polygon", "coordinates": [[[-7.64717050969978, 33.612388441650715], [-7.647064827189549, 33.619151162156086], [-7.655148146477802, 33.61923932983587], [-7.655253198036852, 33.61247658688999], [-7.64717050969978, 33.612388441650715]]]}, "properties": {"score": 49.24227453128251, "avg_travel_time_min": 30.45463483137596, "population": 48.03566, "origin_count": 4, "grid_size_m": 750}}, {"type": "Feature", "geometry": {"type": "Polygon", "coordinates": [[[-7.642050270718951, 33.422941102280035], [-7.641944946381807, 33.429704015563125], [-7.650010643398587, 33.42979208049582], [-7.650115342662777, 33.42302914473416], [-7.642050270718951, 33.422941102280035]]]}, "properties": {"score": 0.0, "avg_travel_time_min": 66.93769378533217, "population": 120.8300859, "origin_count": 10, "grid_size_m": 750}}, {"type": "Feature", "geometry": {"type": "Polygon", "coordinates": [[[-7.641944946381807, 33.429704015563125], [-7.641839586869429, 33.436466921166534], [-7.649905909167811, 33.43655500858123], [-7.650010643398587, 33.42979208049582], [-7.641944946381807, 33.429704015563125]]]}, "properties": {"score": 0.24007721224297696, "avg_travel_time_min": 63.460312711847585, "population": 999.6191257999999, "origin_count": 73, "grid_size_m": 750}}, {"type": "Feature", "geometry": {"type": "Polygon", "coordinates": [[[-7.641839586869429, 33.436466921166534], [-7.64173419217074, 33.44322981908943], [-7.649801139959436, 33.443317928989536], [-7.649905909167811, 33.43655500858123], [-7.641839586869429, 33.436466921166534]]]}, "properties": {"score": 4.472899565315107, "avg_travel_time_min": 57.56745151910697, "population": 1873.527489, "origin_count": 72, "grid_size_m": 750}}, {"type": "Feature", "geometry": {"type": "Polygon", "coordinates": [[[-7.64173419217074, 33.44322981908943], [-7.6416287622746495, 33.44999270933093], [-7.6496963357624415, 33.45008084171989], [-7.649801139959436, 33.443317928989536], [-7.64173419217074, 33.44322981908943]]]}, "properties": {"score": 5.820776491936611, "avg_travel_time_min": 56.51945408961964, "population": 2097.491445, "origin_count": 83, "grid_size_m": 750}}, {"type": "Feature", "geometry": {"type": "Polygon", "coordinates": [[[-7.6416287622746495, 33.44999270933093], [-7.641523297170071, 33.45675559189021], [-7.649591496565801, 33.456843746771426], [-7.6496963357624415, 33.45008084171989], [-7.6416287622746495, 33.44999270933093]]]}, "properties": {"score": 11.56996320016697, "avg_travel_time_min": 53.05802198727967, "population": 2316.391757, "origin_count": 81, "grid_size_m": 750}}, {"type": "Feature", "geometry": {"type": "Polygon", "coordinates": [[[-7.641523297170071, 33.45675559189021], [-7.641417796845908, 33.46351846676641], [-7.649486622358488, 33.463606644143304], [-7.649591496565801, 33.456843746771426], [-7.641523297170071, 33.45675559189021]]]}, "properties": {"score": 12.098026014848603, "avg_travel_time_min": 52.741184359707525, "population": 2092.130734, "origin_count": 80, "grid_size_m": 750}}, {"type": "Feature", "geometry": {"type": "Polygon", "coordinates": [[[-7.641417796845908, 33.46351846676641], [-7.6413122612910565, 33.470281333958674], [-7.649381713129462, 33.47036953383468], [-7.649486622358488, 33.463606644143304], [-7.641417796845908, 33.46351846676641]]]}, "properties": {"score": 13.158329969905521, "avg_travel_time_min": 52.10571542634623, "population": 1637.252323, "origin_count": 80, "grid_size_m": 750}}, {"type": "Feature", "geometry": {"type": "Polygon", "coordinates": [[[-7.6413122612910565, 33.470281333958674], [-7.641206690494412, 33.47704419346612], [-7.6492767688676855, 33.47713241584468], [-7.649381713129462, 33.47036953383468], [-7.6413122612910565, 33.470281333958674]]]}, "properties": {"score": 15.7126390974823, "avg_travel_time_min": 50.57241643831041, "population": 1241.5456460999999, "origin_count": 80, "grid_size_m": 750}}, {"type": "Feature", "geometry": {"type": "Polygon", "coordinates": [[[-7.641206690494412, 33.47704419346612], [-7.641101084444857, 33.48380704528795], [-7.649171789562108, 33.48389529017246], [-7.6492767688676855, 33.47713241584468], [-7.641206690494412, 33.47704419346612]]]}, "properties": {"score": 15.242784155452846, "avg_travel_time_min": 50.854329498687775, "population": 1052.851634, "origin_count": 80, "grid_size_m": 750}}, {"type": "Feature", "geometry": {"type": "Polygon", "coordinates": [[[-7.641101084444857, 33.48380704528795], [-7.640995443131276, 33.490569889423284], [-7.649066775201676, 33.4906581568172], [-7.649171789562108, 33.48389529017246], [-7.641101084444857, 33.48380704528795]]]}, "properties": {"score": 14.766629926879668, "avg_travel_time_min": 51.140022025590525, "population": 415.0689116, "origin_count": 55, "grid_size_m": 750}}, {"type": "Feature", "geometry": {"type": "Polygon", "coordinates": [[[-7.640995443131276, 33.490569889423284], [-7.640889766542545, 33.49733272587126], [-7.648961725775334, 33.497421015778], [-7.649066775201676, 33.4906581568172], [-7.640995443131276, 33.490569889423284]]]}, "properties": {"score": 14.814166706701677, "avg_travel_time_min": 51.111500000197736, "population": 850.8229878, "origin_count": 64, "grid_size_m": 750}}, {"type": "Feature", "geometry": {"type": "Polygon", "coordinates": [[[-7.640889766542545, 33.49733272587126], [-7.640784054667529, 33.50409555463103], [-7.648856641272015, 33.50418386705404], [-7.648961725775334, 33.497421015778], [-7.640889766542545, 33.49733272587126]]]}, "properties": {"score": 30.465486625924488, "avg_travel_time_min": 41.72070785468823, "population": 1549.097913, "origin_count": 77, "grid_size_m": 750}}, {"type": "Feature", "geometry": {"type": "Polygon", "coordinates": [[[-7.640784054667529, 33.50409555463103], [-7.640678307495096, 33.51085837570175], [-7.64875152168065, 33.510946710644475], [-7.648856641272015, 33.50418386705404], [-7.640784054667529, 33.50409555463103]]]}, "properties": {"score": 45.26791555002459, "avg_travel_time_min": 32.83925071250645, "population": 2473.458637, "origin_count": 88, "grid_size_m": 750}}, {"type": "Feature", "geometry": {"type": "Polygon", "coordinates": [[[-7.640678307495096, 33.51085837570175], [-7.640572525014105, 33.5176211890826], [-7.648646366990163, 33.517709546548446], [-7.64875152168065, 33.510946710644475], [-7.640678307495096, 33.51085837570175]]]}, "properties": {"score": 59.048471942250636, "avg_travel_time_min": 24.57091697170132, "population": 3602.166851, "origin_count": 80, "grid_size_m": 750}}, {"type": "Feature", "geometry": {"type": "Polygon", "coordinates": [[[-7.640572525014105, 33.5176211890826], [-7.640466707213406, 33.52438399477268], [-7.6485411771894745, 33.524472374765104], [-7.648646366990163, 33.517709546548446], [-7.640572525014105, 33.5176211890826]]]}, "properties": {"score": 58.8597376479461, "avg_travel_time_min": 24.684157332416692, "population": 7034.809991, "origin_count": 80, "grid_size_m": 750}}, {"type": "Feature", "geometry": {"type": "Polygon", "coordinates": [[[-7.640466707213406, 33.52438399477268], [-7.640360854081849, 33.53114679277115], [-7.648435952267495, 33.53123519529359], [-7.6485411771894745, 33.524472374765104], [-7.640466707213406, 33.52438399477268]]]}, "properties": {"score": 59.63842883677891, "avg_travel_time_min": 24.2169430096684, "population": 8248.097228999999, "origin_count": 80, "grid_size_m": 750}}, {"type": "Feature", "geometry": {"type": "Polygon", "coordinates": [[[-7.640360854081849, 33.53114679277115], [-7.640254965608271, 33.53790958307719], [-7.648330692213133, 33.53799800813307], [-7.648435952267495, 33.53123519529359], [-7.640360854081849, 33.53114679277115]]]}, "properties": {"score": 61.20320257917342, "avg_travel_time_min": 23.278078766788333, "population": 7117.241189, "origin_count": 80, "grid_size_m": 750}}, {"type": "Feature", "geometry": {"type": "Polygon", "coordinates": [[[-7.640254965608271, 33.53790958307719], [-7.640149041781512, 33.54467236568992], [-7.64822539701529, 33.5447608132827], [-7.648330692213133, 33.53799800813307], [-7.640254965608271, 33.53790958307719]]]}, "properties": {"score": 58.56997287549495, "avg_travel_time_min": 24.858016286214877, "population": 5415.96854, "origin_count": 72, "grid_size_m": 750}}, {"type": "Feature", "geometry": {"type": "Polygon", "coordinates": [[[-7.640149041781512, 33.54467236568992], [-7.640043082590401, 33.55143514060851], [-7.648120066662863, 33.55152361074162], [-7.64822539701529, 33.5447608132827], [-7.640149041781512, 33.54467236568992]]]}, "properties": {"score": 54.053894939795875, "avg_travel_time_min": 27.56766309857715, "population": 4284.696937, "origin_count": 72, "grid_size_m": 750}}, {"type": "Feature", "geometry": {"type": "Polygon", "coordinates": [[[-7.640043082590401, 33.55143514060851], [-7.63993708802376, 33.55819790783211], [-7.648014701144743, 33.558286400509004], [-7.648120066662863, 33.55152361074162], [-7.640043082590401, 33.55143514060851]]]}, "properties": {"score": 63.02610119979771, "avg_travel_time_min": 22.18433919781263, "population": 5198.5742279999995, "origin_count": 76, "grid_size_m": 750}}, {"type": "Feature", "geometry": {"type": "Polygon", "coordinates": [[[-7.63993708802376, 33.55819790783211], [-7.639831058070408, 33.564960667359856], [-7.647909300449813, 33.56504918258398], [-7.648014701144743, 33.558286400509004], [-7.63993708802376, 33.55819790783211]]]}, "properties": {"score": 69.37569421572037, "avg_travel_time_min": 18.374583328366914, "population": 5660.212415999999, "origin_count": 85, "grid_size_m": 750}}, {"type": "Feature", "geometry": {"type": "Polygon", "coordinates": [[[-7.639831058070408, 33.564960667359856], [-7.63972499271916, 33.57172341919092], [-7.647803864566953, 33.571811956965725], [-7.647909300449813, 33.56504918258398], [-7.639831058070408, 33.564960667359856]]]}, "properties": {"score": 73.81216068901438, "avg_travel_time_min": 15.712703712376728, "population": 6319.47299, "origin_count": 85, "grid_size_m": 750}}, {"type": "Feature", "geometry": {"type": "Polygon", "coordinates": [[[-7.63972499271916, 33.57172341919092], [-7.639618891958824, 33.57848616332444], [-7.647698393485036, 33.578574723653375], [-7.647803864566953, 33.571811956965725], [-7.63972499271916, 33.57172341919092]]]}, "properties": {"score": 69.83380357907816, "avg_travel_time_min": 18.099718083506193, "population": 5651.665664, "origin_count": 80, "grid_size_m": 750}}, {"type": "Feature", "geometry": {"type": "Polygon", "coordinates": [[[-7.639618891958824, 33.57848616332444], [-7.639512755778199, 33.58524889975958], [-7.647592887192931, 33.58533748264608], [-7.647698393485036, 33.578574723653375], [-7.639618891958824, 33.57848616332444]]]}, "properties": {"score": 74.20156412257452, "avg_travel_time_min": 15.479061439535064, "population": 3433.464149, "origin_count": 80, "grid_size_m": 750}}, {"type": "Feature", "geometry": {"type": "Polygon", "coordinates": [[[-7.639512755778199, 33.58524889975958], [-7.639406584166079, 33.5920116284955], [-7.647487345679499, 33.59210023394303], [-7.647592887192931, 33.58533748264608], [-7.639512755778199, 33.58524889975958]]]}, "properties": {"score": 71.75276933779308, "avg_travel_time_min": 16.94833856868396, "population": 2704.683958, "origin_count": 79, "grid_size_m": 750}}, {"type": "Feature", "geometry": {"type": "Polygon", "coordinates": [[[-7.639406584166079, 33.5920116284955], [-7.63930037711126, 33.59877434953133], [-7.647381768933597, 33.598862977543334], [-7.647487345679499, 33.59210023394303], [-7.639406584166079, 33.5920116284955]]]}, "properties": {"score": 68.74309774281397, "avg_travel_time_min": 18.754141167305256, "population": 1563.414771, "origin_count": 72, "grid_size_m": 750}}, {"type": "Feature", "geometry": {"type": "Polygon", "coordinates": [[[-7.63930037711126, 33.59877434953133], [-7.63919413460252, 33.60553706286624], [-7.647276156944074, 33.60562571344618], [-7.647381768933597, 33.598862977543334], [-7.63930037711126, 33.59877434953133]]]}, "properties": {"score": 67.48955401849011, "avg_travel_time_min": 19.506267533463653, "population": 1152.8162654999999, "origin_count": 58, "grid_size_m": 750}}, {"type": "Feature", "geometry": {"type": "Polygon", "coordinates": [[[-7.634091147965568, 33.4160896373221], [-7.633985233939282, 33.42285253567509], [-7.642050270718951, 33.422941102280035], [-7.642155559891932, 33.416178181318145], [-7.634091147965568, 33.4160896373221]]]}, "properties": {"score": 0.0, "avg_travel_time_min": 67.58997602305762, "population": 23.1423891, "origin_count": 3, "grid_size_m": 750}}, {"type": "Feature", "geometry": {"type": "Polygon", "coordinates": [[[-7.633985233939282, 33.42285253567509], [-7.63387928454026, 33.42961542634582], [-7.641944946381807, 33.429704015563125], [-7.642050270718951, 33.422941102280035], [-7.633985233939282, 33.42285253567509]]]}, "properties": {"score": 0.0, "avg_travel_time_min": 66.00664996851444, "population": 928.9214290000001, "origin_count": 45, "grid_size_m": 750}}, {"type": "Feature", "geometry": {"type": "Polygon", "coordinates": [[[-7.63387928454026, 33.42961542634582], [-7.63377329975736, 33.43637830933344], [-7.641839586869429, 33.436466921166534], [-7.641944946381807, 33.429704015563125], [-7.63387928454026, 33.42961542634582]]]}, "properties": {"score": 0.9834570179757965, "avg_travel_time_min": 60.76486734720341, "population": 1681.066769, "origin_count": 80, "grid_size_m": 750}}, {"type": "Feature", "geometry": {"type": "Polygon", "coordinates": [[[-7.63377329975736, 33.43637830933344], [-7.63366727957944, 33.44314118463709], [-7.64173419217074, 33.44322981908943], [-7.641839586869429, 33.436466921166534], [-7.63377329975736, 33.43637830933344]]]}, "properties": {"score": 1.3606868881071141, "avg_travel_time_min": 61.27599451617215, "population": 1701.855542, "origin_count": 80, "grid_size_m": 750}}, {"type": "Feature", "geometry": {"type": "Polygon", "coordinates": [[[-7.63366727957944, 33.44314118463709], [-7.633561223995348, 33.449904052255924], [-7.6416287622746495, 33.44999270933093], [-7.64173419217074, 33.44322981908943], [-7.63366727957944, 33.44314118463709]]]}, "properties": {"score": 2.462468726185679, "avg_travel_time_min": 59.717874650762106, "population": 1163.412549, "origin_count": 78, "grid_size_m": 750}}, {"type": "Feature", "geometry": {"type": "Polygon", "coordinates": [[[-7.633561223995348, 33.449904052255924], [-7.633455132993927, 33.456666912189085], [-7.641523297170071, 33.45675559189021], [-7.6416287622746495, 33.44999270933093], [-7.633561223995348, 33.449904052255924]]]}, "properties": {"score": 10.281249580503436, "avg_travel_time_min": 53.84941068278156, "population": 1551.3382144999998, "origin_count": 81, "grid_size_m": 750}}, {"type": "Feature", "geometry": {"type": "Polygon", "coordinates": [[[-7.633455132993927, 33.456666912189085], [-7.633349006564015, 33.463429764435716], [-7.641417796845908, 33.46351846676641], [-7.641523297170071, 33.45675559189021], [-7.633455132993927, 33.456666912189085]]]}, "properties": {"score": 16.299875910605707, "avg_travel_time_min": 50.2200744287558, "population": 1086.0780869999999, "origin_count": 72, "grid_size_m": 750}}, {"type": "Feature", "geometry": {"type": "Polygon", "coordinates": [[[-7.633349006564015, 33.463429764435716], [-7.633242844694447, 33.47019260899495], [-7.6413122612910565, 33.470281333958674], [-7.641417796845908, 33.46351846676641], [-7.633349006564015, 33.463429764435716]]]}, "properties": {"score": 21.657925951827337, "avg_travel_time_min": 47.00524451222022, "population": 1542.3267859999999, "origin_count": 79, "grid_size_m": 750}}, {"type": "Feature", "geometry": {"type": "Polygon", "coordinates": [[[-7.633242844694447, 33.47019260899495], [-7.633136647374045, 33.47695544586595], [-7.641206690494412, 33.47704419346612], [-7.6413122612910565, 33.470281333958674], [-7.633242844694447, 33.47019260899495]]]}, "properties": {"score": 24.864319398074798, "avg_travel_time_min": 45.081408319977285, "population": 1391.8694974999999, "origin_count": 80, "grid_size_m": 750}}, {"type": "Feature", "geometry": {"type": "Polygon", "coordinates": [[[-7.633136647374045, 33.47695544586595], [-7.633030414591634, 33.48371827504786], [-7.641101084444857, 33.48380704528795], [-7.641206690494412, 33.47704419346612], [-7.633136647374045, 33.47695544586595]]]}, "properties": {"score": 26.822131633875028, "avg_travel_time_min": 43.90672107823226, "population": 1612.553011, "origin_count": 80, "grid_size_m": 750}}, {"type": "Feature", "geometry": {"type": "Polygon", "coordinates": [[[-7.633030414591634, 33.48371827504786], [-7.632924146336028, 33.49048109653983], [-7.640995443131276, 33.490569889423284], [-7.641101084444857, 33.48380704528795], [-7.633030414591634, 33.48371827504786]]]}, "properties": {"score": 32.31105736550904, "avg_travel_time_min": 40.61336538932962, "population": 1509.484492, "origin_count": 80, "grid_size_m": 750}}, {"type": "Feature", "geometry": {"type": "Polygon", "coordinates": [[[-7.632924146336028, 33.49048109653983], [-7.632817842596035, 33.49724391034099], [-7.640889766542545, 33.49733272587126], [-7.640995443131276, 33.490569889423284], [-7.632924146336028, 33.49048109653983]]]}, "properties": {"score": 27.738270851001644, "avg_travel_time_min": 43.35703732059052, "population": 3055.6776910000003, "origin_count": 80, "grid_size_m": 750}}, {"type": "Feature", "geometry": {"type": "Polygon", "coordinates": [[[-7.632817842596035, 33.49724391034099], [-7.6327115033604604, 33.504006716450505], [-7.640784054667529, 33.50409555463103], [-7.640889766542545, 33.49733272587126], [-7.632817842596035, 33.49724391034099]]]}, "properties": {"score": 32.10521317116688, "avg_travel_time_min": 40.736872189734946, "population": 3389.6205089999994, "origin_count": 77, "grid_size_m": 750}}, {"type": "Feature", "geometry": {"type": "Polygon", "coordinates": [[[-7.6327115033604604, 33.504006716450505], [-7.632605128618102, 33.51076951486751], [-7.640678307495096, 33.51085837570175], [-7.640784054667529, 33.50409555463103], [-7.6327115033604604, 33.504006716450505]]]}, "properties": {"score": 42.591956027502285, "avg_travel_time_min": 34.44482658532832, "population": 2656.3708260000003, "origin_count": 74, "grid_size_m": 750}}, {"type": "Feature", "geometry": {"type": "Polygon", "coordinates": [[[-7.632605128618102, 33.51076951486751], [-7.632498718357751, 33.51753230559116], [-7.640572525014105, 33.5176211890826], [-7.640678307495096, 33.51085837570175], [-7.632605128618102, 33.51076951486751]]]}, "properties": {"score": 51.70238352508818, "avg_travel_time_min": 28.97856976481884, "population": 3630.5644209999996, "origin_count": 80, "grid_size_m": 750}}, {"type": "Feature", "geometry": {"type": "Polygon", "coordinates": [[[-7.632498718357751, 33.51753230559116], [-7.632392272568198, 33.52429508862062], [-7.640466707213406, 33.52438399477268], [-7.640572525014105, 33.5176211890826], [-7.632498718357751, 33.51753230559116]]]}, "properties": {"score": 45.07969029102313, "avg_travel_time_min": 32.95218578565688, "population": 4266.205734, "origin_count": 80, "grid_size_m": 750}}, {"type": "Feature", "geometry": {"type": "Polygon", "coordinates": [[[-7.632392272568198, 33.52429508862062], [-7.632285791238219, 33.53105786395499], [-7.640360854081849, 33.53114679277115], [-7.640466707213406, 33.52438399477268], [-7.632392272568198, 33.52429508862062]]]}, "properties": {"score": 44.9014030608771, "avg_travel_time_min": 33.05915824275887, "population": 6012.968176, "origin_count": 80, "grid_size_m": 750}}, {"type": "Feature", "geometry": {"type": "Polygon", "coordinates": [[[-7.632285791238219, 33.53105786395499], [-7.632179274356592, 33.53782063159347], [-7.640254965608271, 33.53790958307719], [-7.640360854081849, 33.53114679277115], [-7.632285791238219, 33.53105786395499]]]}, "properties": {"score": 52.25212985916308, "avg_travel_time_min": 28.648722060075286, "population": 6584.634905000001, "origin_count": 80, "grid_size_m": 750}}, {"type": "Feature", "geometry": {"type": "Polygon", "coordinates": [[[-7.632179274356592, 33.53782063159347], [-7.632072721912085, 33.544583391535184], [-7.640149041781512, 33.54467236568992], [-7.640254965608271, 33.53790958307719], [-7.632179274356592, 33.53782063159347]]]}, "properties": {"score": 64.89575013686905, "avg_travel_time_min": 21.062550030417807, "population": 6613.430952000001, "origin_count": 80, "grid_size_m": 750}}, {"type": "Feature", "geometry": {"type": "Polygon", "coordinates": [[[-7.632072721912085, 33.544583391535184], [-7.631966133893464, 33.55134614377929], [-7.640043082590401, 33.55143514060851], [-7.640149041781512, 33.54467236568992], [-7.632072721912085, 33.544583391535184]]]}, "properties": {"score": 67.55469367198324, "avg_travel_time_min": 19.467184075963026, "population": 7035.298573, "origin_count": 80, "grid_size_m": 750}}, {"type": "Feature", "geometry": {"type": "Polygon", "coordinates": [[[-7.631966133893464, 33.55134614377929], [-7.631859510289484, 33.558108888324945], [-7.63993708802376, 33.55819790783211], [-7.640043082590401, 33.55143514060851], [-7.631966133893464, 33.55134614377929]]]}, "properties": {"score": 69.20335113273815, "avg_travel_time_min": 18.477988738340915, "population": 6064.323613, "origin_count": 76, "grid_size_m": 750}}, {"type": "Feature", "geometry": {"type": "Polygon", "coordinates": [[[-7.631859510289484, 33.558108888324945], [-7.631752851088901, 33.56487162517127], [-7.639831058070408, 33.564960667359856], [-7.63993708802376, 33.55819790783211], [-7.631859510289484, 33.558108888324945]]]}, "properties": {"score": 73.54838005623762, "avg_travel_time_min": 15.870972063504766, "population": 5027.6730769999995, "origin_count": 72, "grid_size_m": 750}}, {"type": "Feature", "geometry": {"type": "Polygon", "coordinates": [[[-7.631752851088901, 33.56487162517127], [-7.631646156280459, 33.57163435431746], [-7.63972499271916, 33.57172341919092], [-7.639831058070408, 33.564960667359856], [-7.631752851088901, 33.56487162517127]]]}, "properties": {"score": 71.98011368957444, "avg_travel_time_min": 16.811931919388908, "population": 5859.952542999999, "origin_count": 79, "grid_size_m": 750}}, {"type": "Feature", "geometry": {"type": "Polygon", "coordinates": [[[-7.631646156280459, 33.57163435431746], [-7.6315394258529, 33.57839707576263], [-7.639618891958824, 33.57848616332444], [-7.63972499271916, 33.57172341919092], [-7.631646156280459, 33.57163435431746]]]}, "properties": {"score": 72.23046000583189, "avg_travel_time_min": 16.66172404909216, "population": 6320.550966000001, "origin_count": 84, "grid_size_m": 750}}, {"type": "Feature", "geometry": {"type": "Polygon", "coordinates": [[[-7.6315394258529, 33.57839707576263], [-7.6314326597949576, 33.585159789505944], [-7.639512755778199, 33.58524889975958], [-7.639618891958824, 33.57848616332444], [-7.6315394258529, 33.57839707576263]]]}, "properties": {"score": 71.88565901001189, "avg_travel_time_min": 16.868604674007937, "population": 4683.0453179999995, "origin_count": 80, "grid_size_m": 750}}, {"type": "Feature", "geometry": {"type": "Polygon", "coordinates": [[[-7.6314326597949576, 33.585159789505944], [-7.631325858095363, 33.59192249554656], [-7.639406584166079, 33.5920116284955], [-7.639512755778199, 33.58524889975958], [-7.6314326597949576, 33.585159789505944]]]}, "properties": {"score": 73.21772473334022, "avg_travel_time_min": 16.06936530693987, "population": 3175.7676479999996, "origin_count": 79, "grid_size_m": 750}}, {"type": "Feature", "geometry": {"type": "Polygon", "coordinates": [[[-7.631325858095363, 33.59192249554656], [-7.63121902074284, 33.598685193883625], [-7.63930037711126, 33.59877434953133], [-7.639406584166079, 33.5920116284955], [-7.631325858095363, 33.59192249554656]]]}, "properties": {"score": 70.7826427277419, "avg_travel_time_min": 17.53041449036585, "population": 2995.116978, "origin_count": 80, "grid_size_m": 750}}, {"type": "Feature", "geometry": {"type": "Polygon", "coordinates": [[[-7.63121902074284, 33.598685193883625], [-7.631112147726104, 33.605447884516295], [-7.63919413460252, 33.60553706286624], [-7.63930037711126, 33.59877434953133], [-7.63121902074284, 33.598685193883625]]]}, "properties": {"score": 72.97075621856024, "avg_travel_time_min": 16.217545983871187, "population": 1785.8341249999999, "origin_count": 75, "grid_size_m": 750}}, {"type": "Feature", "geometry": {"type": "Polygon", "coordinates": [[[-7.631112147726104, 33.605447884516295], [-7.631005239033869, 33.61221056744371], [-7.639087856628641, 33.61229976849937], [-7.63919413460252, 33.60553706286624], [-7.631112147726104, 33.605447884516295]]]}, "properties": {"score": 67.31275993481722, "avg_travel_time_min": 19.612344055386682, "population": 296.7851205, "origin_count": 20, "grid_size_m": 750}}, {"type": "Feature", "geometry": {"type": "Polygon", "coordinates": [[[-7.626026771400807, 33.41600056931671], [-7.625920232532352, 33.42276344492701], [-7.633985233939282, 33.42285253567509], [-7.634091147965568, 33.4160896373221], [-7.626026771400807, 33.41600056931671]]]}, "properties": {"score": 0.0, "avg_travel_time_min": 70.76614501824912, "population": 30.649698, "origin_count": 3, "grid_size_m": 750}}, {"type": "Feature", "geometry": {"type": "Polygon", "coordinates": [[[-7.625920232532352, 33.42276344492701], [-7.625813658082588, 33.4295263128516], [-7.63387928454026, 33.42961542634582], [-7.633985233939282, 33.42285253567509], [-7.625920232532352, 33.42276344492701]]]}, "properties": {"score": 0.0, "avg_travel_time_min": 74.14409340682725, "population": 1110.3118013, "origin_count": 73, "grid_size_m": 750}}, {"type": "Feature", "geometry": {"type": "Polygon", "coordinates": [[[-7.625813658082588, 33.4295263128516], [-7.625707048040312, 33.43628917308963], [-7.63377329975736, 33.43637830933344], [-7.63387928454026, 33.42961542634582], [-7.625813658082588, 33.4295263128516]]]}, "properties": {"score": 0.0, "avg_travel_time_min": 71.69491517938842, "population": 1200.0336820000002, "origin_count": 79, "grid_size_m": 750}}, {"type": "Feature", "geometry": {"type": "Polygon", "coordinates": [[[-7.625707048040312, 33.43628917308963], [-7.625600402394312, 33.443052025640235], [-7.63366727957944, 33.44314118463709], [-7.63377329975736, 33.43637830933344], [-7.625707048040312, 33.43628917308963]]]}, "properties": {"score": 0.0, "avg_travel_time_min": 73.51344425180123, "population": 842.7204748000001, "origin_count": 78, "grid_size_m": 750}}, {"type": "Feature", "geometry": {"type": "Polygon", "coordinates": [[[-7.625600402394312, 33.443052025640235], [-7.625493721133372, 33.44981487050255], [-7.633561223995348, 33.449904052255924], [-7.63366727957944, 33.44314118463709], [-7.625600402394312, 33.443052025640235]]]}, "properties": {"score": 0.0, "avg_travel_time_min": 69.09664301458908, "population": 639.6614598000001, "origin_count": 70, "grid_size_m": 750}}, {"type": "Feature", "geometry": {"type": "Polygon", "coordinates": [[[-7.625493721133372, 33.44981487050255], [-7.625387004246271, 33.45657770767573], [-7.633455132993927, 33.456666912189085], [-7.633561223995348, 33.449904052255924], [-7.625493721133372, 33.44981487050255]]]}, "properties": {"score": 0.09135142552623149, "avg_travel_time_min": 64.58905879527295, "population": 862.8283077, "origin_count": 80, "grid_size_m": 750}}, {"type": "Feature", "geometry": {"type": "Polygon", "coordinates": [[[-7.625387004246271, 33.45657770767573], [-7.6252802517217795, 33.46334053715891], [-7.633349006564015, 33.463429764435716], [-7.633455132993927, 33.456666912189085], [-7.625387004246271, 33.45657770767573]]]}, "properties": {"score": 2.206817141529398, "avg_travel_time_min": 60.295851392992134, "population": 825.2013064, "origin_count": 88, "grid_size_m": 750}}, {"type": "Feature", "geometry": {"type": "Polygon", "coordinates": [[[-7.6252802517217795, 33.46334053715891], [-7.6251734635486645, 33.47010335895124], [-7.633242844694447, 33.47019260899495], [-7.633349006564015, 33.463429764435716], [-7.6252802517217795, 33.46334053715891]]]}, "properties": {"score": 6.872661521236648, "avg_travel_time_min": 56.005528955402966, "population": 690.7594572000002, "origin_count": 71, "grid_size_m": 750}}, {"type": "Feature", "geometry": {"type": "Polygon", "coordinates": [[[-7.6251734635486645, 33.47010335895124], [-7.62506663971569, 33.47686617305186], [-7.633136647374045, 33.47695544586595], [-7.633242844694447, 33.47019260899495], [-7.6251734635486645, 33.47010335895124]]]}, "properties": {"score": 11.973564015203873, "avg_travel_time_min": 52.81586163735951, "population": 700.3796098, "origin_count": 72, "grid_size_m": 750}}, {"type": "Feature", "geometry": {"type": "Polygon", "coordinates": [[[-7.62506663971569, 33.47686617305186], [-7.624959780211605, 33.48362897945993], [-7.633030414591634, 33.48371827504786], [-7.633136647374045, 33.47695544586595], [-7.62506663971569, 33.47686617305186]]]}, "properties": {"score": 18.344659131122885, "avg_travel_time_min": 48.99320442850255, "population": 1177.2289345000002, "origin_count": 75, "grid_size_m": 750}}, {"type": "Feature", "geometry": {"type": "Polygon", "coordinates": [[[-7.624959780211605, 33.48362897945993], [-7.624852885025162, 33.490391778174576], [-7.632924146336028, 33.49048109653983], [-7.633030414591634, 33.48371827504786], [-7.624959780211605, 33.48362897945993]]]}, "properties": {"score": 27.03831977645905, "avg_travel_time_min": 43.777007966961385, "population": 1678.6721935, "origin_count": 80, "grid_size_m": 750}}, {"type": "Feature", "geometry": {"type": "Polygon", "coordinates": [[[-7.624852885025162, 33.490391778174576], [-7.624745954145107, 33.49715456919494], [-7.632817842596035, 33.49724391034099], [-7.632924146336028, 33.49048109653983], [-7.624852885025162, 33.490391778174576]]]}, "properties": {"score": 38.180474968090834, "avg_travel_time_min": 37.09171487179756, "population": 2565.5156558999997, "origin_count": 80, "grid_size_m": 750}}, {"type": "Feature", "geometry": {"type": "Polygon", "coordinates": [[[-7.624745954145107, 33.49715456919494], [-7.624638987560175, 33.50391735252019], [-7.6327115033604604, 33.504006716450505], [-7.632817842596035, 33.49724391034099], [-7.624745954145107, 33.49715456919494]]]}, "properties": {"score": 39.87470017646117, "avg_travel_time_min": 36.07517981287269, "population": 4281.903356, "origin_count": 80, "grid_size_m": 750}}, {"type": "Feature", "geometry": {"type": "Polygon", "coordinates": [[[-7.624638987560175, 33.50391735252019], [-7.624531985259098, 33.51068012814945], [-7.632605128618102, 33.51076951486751], [-7.6327115033604604, 33.504006716450505], [-7.624638987560175, 33.50391735252019]]]}, "properties": {"score": 44.60939835273568, "avg_travel_time_min": 33.23436104960365, "population": 4165.31028, "origin_count": 80, "grid_size_m": 750}}, {"type": "Feature", "geometry": {"type": "Polygon", "coordinates": [[[-7.624531985259098, 33.51068012814945], [-7.624424947230604, 33.5174428960819], [-7.632498718357751, 33.51753230559116], [-7.632605128618102, 33.51076951486751], [-7.624531985259098, 33.51068012814945]]]}, "properties": {"score": 47.90294707423099, "avg_travel_time_min": 31.258231869408917, "population": 4439.946569000002, "origin_count": 83, "grid_size_m": 750}}, {"type": "Feature", "geometry": {"type": "Polygon", "coordinates": [[[-7.624424947230604, 33.5174428960819], [-7.624317873463411, 33.52420565631664], [-7.632392272568198, 33.52429508862062], [-7.632498718357751, 33.51753230559116], [-7.624424947230604, 33.5174428960819]]]}, "properties": {"score": 39.705050801516045, "avg_travel_time_min": 36.176969474323386, "population": 3695.44152, "origin_count": 78, "grid_size_m": 750}}, {"type": "Feature", "geometry": {"type": "Polygon", "coordinates": [[[-7.624317873463411, 33.52420565631664], [-7.624210763946237, 33.53096840885284], [-7.632285791238219, 33.53105786395499], [-7.632392272568198, 33.52429508862062], [-7.624317873463411, 33.52420565631664]]]}, "properties": {"score": 37.32024670927356, "avg_travel_time_min": 37.6078520485243, "population": 3943.7166239999997, "origin_count": 72, "grid_size_m": 750}}, {"type": "Feature", "geometry": {"type": "Polygon", "coordinates": [[[-7.624210763946237, 33.53096840885284], [-7.624103618667791, 33.53773115368966], [-7.632179274356592, 33.53782063159347], [-7.632285791238219, 33.53105786395499], [-7.624210763946237, 33.53096840885284]]]}, "properties": {"score": 50.29857906223071, "avg_travel_time_min": 29.820852549470445, "population": 7731.307544, "origin_count": 77, "grid_size_m": 750}}, {"type": "Feature", "geometry": {"type": "Polygon", "coordinates": [[[-7.624103618667791, 33.53773115368966], [-7.623996437616773, 33.54449389082624], [-7.632072721912085, 33.544583391535184], [-7.632179274356592, 33.53782063159347], [-7.624103618667791, 33.53773115368966]]]}, "properties": {"score": 63.44489930512089, "avg_travel_time_min": 21.933060589022816, "population": 8607.541654, "origin_count": 80, "grid_size_m": 750}}, {"type": "Feature", "geometry": {"type": "Polygon", "coordinates": [[[-7.623996437616773, 33.54449389082624], [-7.623889220781884, 33.551256620261725], [-7.631966133893464, 33.55134614377929], [-7.632072721912085, 33.544583391535184], [-7.623996437616773, 33.54449389082624]]]}, "properties": {"score": 73.32022681321425, "avg_travel_time_min": 16.00786345204496, "population": 8217.480168, "origin_count": 80, "grid_size_m": 750}}, {"type": "Feature", "geometry": {"type": "Polygon", "coordinates": [[[-7.623889220781884, 33.551256620261725], [-7.623781968151814, 33.558019341995255], [-7.631859510289484, 33.558108888324945], [-7.631966133893464, 33.55134614377929], [-7.623889220781884, 33.551256620261725]]]}, "properties": {"score": 70.00899427298047, "avg_travel_time_min": 17.994603315130064, "population": 7309.730733, "origin_count": 80, "grid_size_m": 750}}, {"type": "Feature", "geometry": {"type": "Polygon", "coordinates": [[[-7.623781968151814, 33.558019341995255], [-7.6236746797152515, 33.564782056026], [-7.631752851088901, 33.56487162517127], [-7.631859510289484, 33.558108888324945], [-7.623781968151814, 33.558019341995255]]]}, "properties": {"score": 74.33693493446383, "avg_travel_time_min": 15.397839113265846, "population": 5965.651381, "origin_count": 80, "grid_size_m": 750}}, {"type": "Feature", "geometry": {"type": "Polygon", "coordinates": [[[-7.6236746797152515, 33.564782056026], [-7.6235673554608745, 33.57154476235309], [-7.631646156280459, 33.57163435431746], [-7.631752851088901, 33.56487162517127], [-7.6236746797152515, 33.564782056026]]]}, "properties": {"score": 72.8021175822711, "avg_travel_time_min": 16.31872901886389, "population": 5913.378566, "origin_count": 79, "grid_size_m": 750}}, {"type": "Feature", "geometry": {"type": "Polygon", "coordinates": [[[-7.6235673554608745, 33.57154476235309], [-7.623459995377356, 33.578307460975694], [-7.6315394258529, 33.57839707576263], [-7.631646156280459, 33.57163435431746], [-7.6235673554608745, 33.57154476235309]]]}, "properties": {"score": 68.46141817503411, "avg_travel_time_min": 18.92314886875721, "population": 5114.681761, "origin_count": 79, "grid_size_m": 750}}, {"type": "Feature", "geometry": {"type": "Polygon", "coordinates": [[[-7.623459995377356, 33.578307460975694], [-7.623352599453369, 33.585070151892936], [-7.6314326597949576, 33.585159789505944], [-7.6315394258529, 33.57839707576263], [-7.623459995377356, 33.578307460975694]]]}, "properties": {"score": 69.7899312046183, "avg_travel_time_min": 18.126041320561324, "population": 4156.6345200000005, "origin_count": 74, "grid_size_m": 750}}, {"type": "Feature", "geometry": {"type": "Polygon", "coordinates": [[[-7.623352599453369, 33.585070151892936], [-7.623245167677576, 33.591832835103986], [-7.631325858095363, 33.59192249554656], [-7.6314326597949576, 33.585159789505944], [-7.623352599453369, 33.585070151892936]]]}, "properties": {"score": 71.11952747356773, "avg_travel_time_min": 17.32828349992485, "population": 2319.8800080000005, "origin_count": 79, "grid_size_m": 750}}, {"type": "Feature", "geometry": {"type": "Polygon", "coordinates": [[[-7.623245167677576, 33.591832835103986], [-7.62313770003863, 33.598595510608], [-7.63121902074284, 33.598685193883625], [-7.631325858095363, 33.59192249554656], [-7.623245167677576, 33.591832835103986]]]}, "properties": {"score": 71.90332509538467, "avg_travel_time_min": 16.858005007098896, "population": 2957.7259910000002, "origin_count": 80, "grid_size_m": 750}}, {"type": "Feature", "geometry": {"type": "Polygon", "coordinates": [[[-7.62313770003863, 33.598595510608], [-7.623030196525186, 33.60535817840411], [-7.631112147726104, 33.605447884516295], [-7.63121902074284, 33.598685193883625], [-7.62313770003863, 33.598595510608]]]}, "properties": {"score": 64.2940141324835, "avg_travel_time_min": 21.423591707556945, "population": 2431.377986, "origin_count": 80, "grid_size_m": 750}}, {"type": "Feature", "geometry": {"type": "Polygon", "coordinates": [[[-7.623030196525186, 33.60535817840411], [-7.622922657125891, 33.612120838491485], [-7.631005239033869, 33.61221056744371], [-7.631112147726104, 33.605447884516295], [-7.623030196525186, 33.60535817840411]]]}, "properties": {"score": 61.48706485701859, "avg_travel_time_min": 23.107761459323346, "population": 841.2648055, "origin_count": 47, "grid_size_m": 750}}, {"type": "Feature", "geometry": {"type": "Polygon", "coordinates": [[[-7.617855266706727, 33.42267383004353], [-7.617748067217429, 33.42943667508821], [-7.625813658082588, 33.4295263128516], [-7.625920232532352, 33.42276344492701], [-7.617855266706727, 33.42267383004353]]]}, "properties": {"score": 0.0, "avg_travel_time_min": 84.18919305552643, "population": 543.3010634999999, "origin_count": 52, "grid_size_m": 750}}, {"type": "Feature", "geometry": {"type": "Polygon", "coordinates": [[[-7.617748067217429, 33.42943667508821], [-7.617640831926986, 33.43619951244285], [-7.625707048040312, 33.43628917308963], [-7.625813658082588, 33.4295263128516], [-7.617748067217429, 33.42943667508821]]]}, "properties": {"score": 0.0, "avg_travel_time_min": 83.29923767223137, "population": 718.8578816, "origin_count": 72, "grid_size_m": 750}}, {"type": "Feature", "geometry": {"type": "Polygon", "coordinates": [[[-7.617640831926986, 33.43619951244285], [-7.617533560824124, 33.442962342106604], [-7.625600402394312, 33.443052025640235], [-7.625707048040312, 33.43628917308963], [-7.617640831926986, 33.43619951244285]]]}, "properties": {"score": 0.0, "avg_travel_time_min": 84.33945219239158, "population": 384.65829049999996, "origin_count": 51, "grid_size_m": 750}}, {"type": "Feature", "geometry": {"type": "Polygon", "coordinates": [[[-7.617426253897558, 33.449725164078565], [-7.617318911136003, 33.456487978357906], [-7.625387004246271, 33.45657770767573], [-7.625493721133372, 33.44981487050255], [-7.617426253897558, 33.449725164078565]]]}, "properties": {"score": 0.0, "avg_travel_time_min": 74.1743815560449, "population": 88.93680789999999, "origin_count": 16, "grid_size_m": 750}}, {"type": "Feature", "geometry": {"type": "Polygon", "coordinates": [[[-7.617318911136003, 33.456487978357906], [-7.617211532528167, 33.463250784943774], [-7.6252802517217795, 33.46334053715891], [-7.625387004246271, 33.45657770767573], [-7.617318911136003, 33.456487978357906]]]}, "properties": {"score": 0.0, "avg_travel_time_min": 65.34300746937804, "population": 127.999459, "origin_count": 23, "grid_size_m": 750}}, {"type": "Feature", "geometry": {"type": "Polygon", "coordinates": [[[-7.617211532528167, 33.463250784943774], [-7.617104118062746, 33.4700135838353], [-7.6251734635486645, 33.47010335895124], [-7.6252802517217795, 33.46334053715891], [-7.617211532528167, 33.463250784943774]]]}, "properties": {"score": 7.102499851273454, "avg_travel_time_min": 56.17984919257575, "population": 434.999624, "origin_count": 73, "grid_size_m": 750}}, {"type": "Feature", "geometry": {"type": "Polygon", "coordinates": [[[-7.617104118062746, 33.4700135838353], [-7.616996667728437, 33.476776375031626], [-7.62506663971569, 33.47686617305186], [-7.6251734635486645, 33.47010335895124], [-7.617104118062746, 33.4700135838353]]]}, "properties": {"score": 20.098910524252496, "avg_travel_time_min": 47.940653727599575, "population": 706.8213594, "origin_count": 78, "grid_size_m": 750}}, {"type": "Feature", "geometry": {"type": "Polygon", "coordinates": [[[-7.616996667728437, 33.476776375031626], [-7.616889181513932, 33.483539158531904], [-7.624959780211605, 33.48362897945993], [-7.62506663971569, 33.47686617305186], [-7.616996667728437, 33.476776375031626]]]}, "properties": {"score": 17.97348148193049, "avg_travel_time_min": 49.21591106555897, "population": 1332.7327739999998, "origin_count": 77, "grid_size_m": 750}}, {"type": "Feature", "geometry": {"type": "Polygon", "coordinates": [[[-7.616889181513932, 33.483539158531904], [-7.616781659407912, 33.49030193433528], [-7.624852885025162, 33.490391778174576], [-7.624959780211605, 33.48362897945993], [-7.616889181513932, 33.483539158531904]]]}, "properties": {"score": 17.08013301230004, "avg_travel_time_min": 49.751920182878585, "population": 1127.1603105, "origin_count": 72, "grid_size_m": 750}}, {"type": "Feature", "geometry": {"type": "Polygon", "coordinates": [[[-7.616781659407912, 33.49030193433528], [-7.616674101399054, 33.49706470244088], [-7.624745954145107, 33.49715456919494], [-7.624852885025162, 33.490391778174576], [-7.616781659407912, 33.49030193433528]]]}, "properties": {"score": 25.19717034621018, "avg_travel_time_min": 44.88169768670198, "population": 1122.3304838, "origin_count": 72, "grid_size_m": 750}}, {"type": "Feature", "geometry": {"type": "Polygon", "coordinates": [[[-7.616674101399054, 33.49706470244088], [-7.6165665074760325, 33.50382746284785], [-7.624638987560175, 33.50391735252019], [-7.624745954145107, 33.49715456919494], [-7.616674101399054, 33.49706470244088]]]}, "properties": {"score": 25.463028903514193, "avg_travel_time_min": 44.72218260682302, "population": 2180.710389, "origin_count": 79, "grid_size_m": 750}}, {"type": "Feature", "geometry": {"type": "Polygon", "coordinates": [[[-7.6165665074760325, 33.50382746284785], [-7.616458877627509, 33.51059021555537], [-7.624531985259098, 33.51068012814945], [-7.624638987560175, 33.50391735252019], [-7.6165665074760325, 33.50382746284785]]]}, "properties": {"score": 25.404243359170877, "avg_travel_time_min": 44.757454004099614, "population": 2396.378501, "origin_count": 80, "grid_size_m": 750}}, {"type": "Feature", "geometry": {"type": "Polygon", "coordinates": [[[-7.616458877627509, 33.51059021555537], [-7.616351211842151, 33.51735296056255], [-7.624424947230604, 33.5174428960819], [-7.624531985259098, 33.51068012814945], [-7.616458877627509, 33.51059021555537]]]}, "properties": {"score": 31.547552930432435, "avg_travel_time_min": 41.071468201814504, "population": 2516.248702, "origin_count": 80, "grid_size_m": 750}}, {"type": "Feature", "geometry": {"type": "Polygon", "coordinates": [[[-7.616351211842151, 33.51735296056255], [-7.616243510108606, 33.524115697868545], [-7.624317873463411, 33.52420565631664], [-7.624424947230604, 33.5174428960819], [-7.616351211842151, 33.51735296056255]]]}, "properties": {"score": 45.57176973163282, "avg_travel_time_min": 32.656937948589515, "population": 3320.469343, "origin_count": 85, "grid_size_m": 750}}, {"type": "Feature", "geometry": {"type": "Polygon", "coordinates": [[[-7.616243510108606, 33.524115697868545], [-7.616135772415529, 33.53087842747248], [-7.624210763946237, 33.53096840885284], [-7.624317873463411, 33.52420565631664], [-7.616243510108606, 33.524115697868545]]]}, "properties": {"score": 54.781579218331636, "avg_travel_time_min": 27.1310524959205, "population": 6664.761151000001, "origin_count": 85, "grid_size_m": 750}}, {"type": "Feature", "geometry": {"type": "Polygon", "coordinates": [[[-7.616135772415529, 33.53087842747248], [-7.616027998751556, 33.53764114937355], [-7.624103618667791, 33.53773115368966], [-7.624210763946237, 33.53096840885284], [-7.616135772415529, 33.53087842747248]]]}, "properties": {"score": 58.57365411479909, "avg_travel_time_min": 24.85580740534189, "population": 9710.753061999998, "origin_count": 75, "grid_size_m": 750}}, {"type": "Feature", "geometry": {"type": "Polygon", "coordinates": [[[-7.616027998751556, 33.53764114937355], [-7.615920189105331, 33.54440386357087], [-7.623996437616773, 33.54449389082624], [-7.624103618667791, 33.53773115368966], [-7.616027998751556, 33.53764114937355]]]}, "properties": {"score": 63.170022659238654, "avg_travel_time_min": 22.097986334217726, "population": 6855.188017, "origin_count": 72, "grid_size_m": 750}}, {"type": "Feature", "geometry": {"type": "Polygon", "coordinates": [[[-7.615920189105331, 33.54440386357087], [-7.615812343465483, 33.551166570063586], [-7.623889220781884, 33.551256620261725], [-7.623996437616773, 33.54449389082624], [-7.615920189105331, 33.54440386357087]]]}, "properties": {"score": 72.45355094630709, "avg_travel_time_min": 16.527869965159482, "population": 7150.25902, "origin_count": 74, "grid_size_m": 750}}, {"type": "Feature", "geometry": {"type": "Polygon", "coordinates": [[[-7.615812343465483, 33.551166570063586], [-7.615704461820637, 33.55792926885085], [-7.623781968151814, 33.558019341995255], [-7.623889220781884, 33.551256620261725], [-7.615812343465483, 33.551166570063586]]]}, "properties": {"score": 66.37353894614127, "avg_travel_time_min": 20.175876797746326, "population": 7228.718523, "origin_count": 80, "grid_size_m": 750}}, {"type": "Feature", "geometry": {"type": "Polygon", "coordinates": [[[-7.615704461820637, 33.55792926885085], [-7.615596544159414, 33.5646919599318], [-7.6236746797152515, 33.564782056026], [-7.623781968151814, 33.558019341995255], [-7.615704461820637, 33.55792926885085]]]}, "properties": {"score": 72.98566504589043, "avg_travel_time_min": 16.20860112224526, "population": 6005.266825999999, "origin_count": 80, "grid_size_m": 750}}, {"type": "Feature", "geometry": {"type": "Polygon", "coordinates": [[[-7.615596544159414, 33.5646919599318], [-7.6154885904704255, 33.57145464330561], [-7.6235673554608745, 33.57154476235309], [-7.6236746797152515, 33.564782056026], [-7.615596544159414, 33.5646919599318]]]}, "properties": {"score": 72.7889500578361, "avg_travel_time_min": 16.326629836079054, "population": 5015.727148, "origin_count": 80, "grid_size_m": 750}}, {"type": "Feature", "geometry": {"type": "Polygon", "coordinates": [[[-7.6154885904704255, 33.57145464330561], [-7.615380600742283, 33.57821731897142], [-7.623459995377356, 33.578307460975694], [-7.6235673554608745, 33.57154476235309], [-7.6154885904704255, 33.57145464330561]]]}, "properties": {"score": 74.02169623036394, "avg_travel_time_min": 15.586982171710922, "population": 4531.2286, "origin_count": 80, "grid_size_m": 750}}, {"type": "Feature", "geometry": {"type": "Polygon", "coordinates": [[[-7.615380600742283, 33.57821731897142], [-7.615272574963587, 33.584979986928346], [-7.623352599453369, 33.585070151892936], [-7.623459995377356, 33.578307460975694], [-7.615380600742283, 33.57821731897142]]]}, "properties": {"score": 71.09648352613902, "avg_travel_time_min": 17.3421096914195, "population": 4983.427762, "origin_count": 88, "grid_size_m": 750}}, {"type": "Feature", "geometry": {"type": "Polygon", "coordinates": [[[-7.615272574963587, 33.584979986928346], [-7.615164513122935, 33.59174264717559], [-7.623245167677576, 33.591832835103986], [-7.623352599453369, 33.585070151892936], [-7.615272574963587, 33.584979986928346]]]}, "properties": {"score": 72.3748029817824, "avg_travel_time_min": 16.575118293907746, "population": 2394.08785, "origin_count": 75, "grid_size_m": 750}}, {"type": "Feature", "geometry": {"type": "Polygon", "coordinates": [[[-7.615164513122935, 33.59174264717559], [-7.615056415208918, 33.59850529971226], [-7.62313770003863, 33.598595510608], [-7.623245167677576, 33.591832835103986], [-7.615164513122935, 33.59174264717559]]]}, "properties": {"score": 69.25888557642094, "avg_travel_time_min": 18.444668498419514, "population": 2782.0624589999998, "origin_count": 72, "grid_size_m": 750}}, {"type": "Feature", "geometry": {"type": "Polygon", "coordinates": [[[-7.615056415208918, 33.59850529971226], [-7.614948281210121, 33.605267944537516], [-7.623030196525186, 33.60535817840411], [-7.62313770003863, 33.598595510608], [-7.615056415208918, 33.59850529971226]]]}, "properties": {"score": 58.055852739898334, "avg_travel_time_min": 25.166488286645517, "population": 2003.7823429999999, "origin_count": 76, "grid_size_m": 750}}, {"type": "Feature", "geometry": {"type": "Polygon", "coordinates": [[[-7.614948281210121, 33.605267944537516], [-7.614840111115121, 33.61203058165051], [-7.622922657125891, 33.612120838491485], [-7.623030196525186, 33.60535817840411], [-7.614948281210121, 33.605267944537516]]]}, "properties": {"score": 56.57270569523315, "avg_travel_time_min": 26.056376508759595, "population": 375.20402249999995, "origin_count": 24, "grid_size_m": 750}}, {"type": "Feature", "geometry": {"type": "Polygon", "coordinates": [[[-7.609790336670975, 33.422583691032415], [-7.6096825121534115, 33.42934651306343], [-7.617748067217429, 33.42943667508821], [-7.617855266706727, 33.42267383004353], [-7.609790336670975, 33.422583691032415]]]}, "properties": {"score": 0.0, "avg_travel_time_min": 92.27813855655415, "population": 58.4697894, "origin_count": 10, "grid_size_m": 750}}, {"type": "Feature", "geometry": {"type": "Polygon", "coordinates": [[[-7.6096825121534115, 33.42934651306343], [-7.609574651626078, 33.436109327400914], [-7.617640831926986, 33.43619951244285], [-7.617748067217429, 33.42943667508821], [-7.6096825121534115, 33.42934651306343]]]}, "properties": {"score": 0.0, "avg_travel_time_min": 91.05842031476291, "population": 101.4796137, "origin_count": 17, "grid_size_m": 750}}, {"type": "Feature", "geometry": {"type": "Polygon", "coordinates": [[[-7.609574651626078, 33.436109327400914], [-7.609466755077635, 33.44287213404397], [-7.617533560824124, 33.442962342106604], [-7.617640831926986, 33.43619951244285], [-7.609574651626078, 33.436109327400914]]]}, "properties": {"score": 0.0, "avg_travel_time_min": 92.01177160934509, "population": 33.2238549, "origin_count": 6, "grid_size_m": 750}}, {"type": "Feature", "geometry": {"type": "Polygon", "coordinates": [[[-7.609250853872019, 33.45639772424343], [-7.609142849192134, 33.4631605077981], [-7.617211532528167, 33.463250784943774], [-7.617318911136003, 33.456487978357906], [-7.609250853872019, 33.45639772424343]]]}, "properties": {"score": 0.0, "avg_travel_time_min": 61.11359984088335, "population": 32.5751557, "origin_count": 5, "grid_size_m": 750}}, {"type": "Feature", "geometry": {"type": "Polygon", "coordinates": [[[-7.609142849192134, 33.4631605077981], [-7.6090348084457125, 33.46992328365492], [-7.617104118062746, 33.4700135838353], [-7.617211532528167, 33.463250784943774], [-7.609142849192134, 33.4631605077981]]]}, "properties": {"score": 11.333511005508267, "avg_travel_time_min": 53.199893507880276, "population": 612.9325286000001, "origin_count": 70, "grid_size_m": 750}}, {"type": "Feature", "geometry": {"type": "Polygon", "coordinates": [[[-7.6090348084457125, 33.46992328365492], [-7.608926731621386, 33.47668605181304], [-7.616996667728437, 33.476776375031626], [-7.617104118062746, 33.4700135838353], [-7.6090348084457125, 33.46992328365492]]]}, "properties": {"score": 25.634515476830327, "avg_travel_time_min": 44.61929063087686, "population": 968.5972944999999, "origin_count": 89, "grid_size_m": 750}}, {"type": "Feature", "geometry": {"type": "Polygon", "coordinates": [[[-7.608926731621386, 33.47668605181304], [-7.608818618707773, 33.48344881227161], [-7.616889181513932, 33.483539158531904], [-7.616996667728437, 33.476776375031626], [-7.608926731621386, 33.47668605181304]]]}, "properties": {"score": 19.968699723288346, "avg_travel_time_min": 48.01878018125363, "population": 606.5834411000001, "origin_count": 80, "grid_size_m": 750}}, {"type": "Feature", "geometry": {"type": "Polygon", "coordinates": [[[-7.608818618707773, 33.48344881227161], [-7.608710469693497, 33.49021156502974], [-7.616781659407912, 33.49030193433528], [-7.616889181513932, 33.483539158531904], [-7.608818618707773, 33.48344881227161]]]}, "properties": {"score": 36.33879655577906, "avg_travel_time_min": 38.196721941445865, "population": 1153.7871593000002, "origin_count": 80, "grid_size_m": 750}}, {"type": "Feature", "geometry": {"type": "Polygon", "coordinates": [[[-7.608710469693497, 33.49021156502974], [-7.608602284567165, 33.4969743100866], [-7.616674101399054, 33.49706470244088], [-7.616781659407912, 33.49030193433528], [-7.608710469693497, 33.49021156502974]]]}, "properties": {"score": 38.5172767091895, "avg_travel_time_min": 36.889633980167844, "population": 1637.504027, "origin_count": 80, "grid_size_m": 750}}, {"type": "Feature", "geometry": {"type": "Polygon", "coordinates": [[[-7.608602284567165, 33.4969743100866], [-7.608494063317386, 33.50373704744133], [-7.6165665074760325, 33.50382746284785], [-7.616674101399054, 33.49706470244088], [-7.608602284567165, 33.4969743100866]]]}, "properties": {"score": 30.39077453658041, "avg_travel_time_min": 41.76553521824841, "population": 1499.5165940000002, "origin_count": 73, "grid_size_m": 750}}, {"type": "Feature", "geometry": {"type": "Polygon", "coordinates": [[[-7.608494063317386, 33.50373704744133], [-7.608385805932761, 33.51049977709307], [-7.616458877627509, 33.51059021555537], [-7.6165665074760325, 33.50382746284785], [-7.608494063317386, 33.50373704744133]]]}, "properties": {"score": 15.551070422315075, "avg_travel_time_min": 50.66935783044208, "population": 1657.8038889999998, "origin_count": 72, "grid_size_m": 750}}, {"type": "Feature", "geometry": {"type": "Polygon", "coordinates": [[[-7.608385805932761, 33.51049977709307], [-7.60827751240188, 33.51726249904096], [-7.616351211842151, 33.51735296056255], [-7.616458877627509, 33.51059021555537], [-7.608385805932761, 33.51049977709307]]]}, "properties": {"score": 27.100638925725395, "avg_travel_time_min": 43.739616604832065, "population": 1489.3561465000002, "origin_count": 76, "grid_size_m": 750}}, {"type": "Feature", "geometry": {"type": "Polygon", "coordinates": [[[-7.60827751240188, 33.51726249904096], [-7.608169182713335, 33.52402521328413], [-7.616243510108606, 33.524115697868545], [-7.616351211842151, 33.51735296056255], [-7.60827751240188, 33.51726249904096]]]}, "properties": {"score": 45.30076496922109, "avg_travel_time_min": 32.81954096475192, "population": 2209.520759, "origin_count": 80, "grid_size_m": 750}}, {"type": "Feature", "geometry": {"type": "Polygon", "coordinates": [[[-7.608169182713335, 33.52402521328413], [-7.608060816855709, 33.53078791982175], [-7.616135772415529, 33.53087842747248], [-7.616243510108606, 33.524115697868545], [-7.608169182713335, 33.52402521328413]]]}, "properties": {"score": 51.69419620304345, "avg_travel_time_min": 28.983482318485738, "population": 6895.364104, "origin_count": 85, "grid_size_m": 750}}, {"type": "Feature", "geometry": {"type": "Polygon", "coordinates": [[[-7.608060816855709, 33.53078791982175], [-7.607952414817578, 33.537550618652965], [-7.616027998751556, 33.53764114937355], [-7.616135772415529, 33.53087842747248], [-7.608060816855709, 33.53078791982175]]]}, "properties": {"score": 54.06683300948399, "avg_travel_time_min": 27.55990027216919, "population": 13123.213318999999, "origin_count": 85, "grid_size_m": 750}}, {"type": "Feature", "geometry": {"type": "Polygon", "coordinates": [[[-7.607952414817578, 33.537550618652965], [-7.607843976587512, 33.5443133097769], [-7.615920189105331, 33.54440386357087], [-7.616027998751556, 33.53764114937355], [-7.607952414817578, 33.537550618652965]]]}, "properties": {"score": 54.27401739671415, "avg_travel_time_min": 27.435589613455544, "population": 8190.20914, "origin_count": 80, "grid_size_m": 750}}, {"type": "Feature", "geometry": {"type": "Polygon", "coordinates": [[[-7.607843976587512, 33.5443133097769], [-7.607735502154078, 33.55107599319272], [-7.615812343465483, 33.551166570063586], [-7.615920189105331, 33.54440386357087], [-7.607843976587512, 33.5443133097769]]]}, "properties": {"score": 66.25658061923896, "avg_travel_time_min": 20.24605143180041, "population": 5381.337878999999, "origin_count": 78, "grid_size_m": 750}}, {"type": "Feature", "geometry": {"type": "Polygon", "coordinates": [[[-7.607735502154078, 33.55107599319272], [-7.607626991505836, 33.55783866889956], [-7.615704461820637, 33.55792926885085], [-7.615812343465483, 33.551166570063586], [-7.607735502154078, 33.55107599319272]]]}, "properties": {"score": 68.40466094404525, "avg_travel_time_min": 18.957203170171514, "population": 5481.769818, "origin_count": 72, "grid_size_m": 750}}, {"type": "Feature", "geometry": {"type": "Polygon", "coordinates": [[[-7.607626991505836, 33.55783866889956], [-7.607518444631339, 33.56460133689656], [-7.615596544159414, 33.5646919599318], [-7.615704461820637, 33.55792926885085], [-7.607626991505836, 33.55783866889956]]]}, "properties": {"score": 70.0601564679189, "avg_travel_time_min": 17.963906068696968, "population": 4589.391105999999, "origin_count": 72, "grid_size_m": 750}}, {"type": "Feature", "geometry": {"type": "Polygon", "coordinates": [[[-7.607518444631339, 33.56460133689656], [-7.607409861519132, 33.571363997182885], [-7.6154885904704255, 33.57145464330561], [-7.615596544159414, 33.5646919599318], [-7.607518444631339, 33.56460133689656]]]}, "properties": {"score": 70.45411922952907, "avg_travel_time_min": 17.727528685815784, "population": 4590.468364, "origin_count": 79, "grid_size_m": 750}}, {"type": "Feature", "geometry": {"type": "Polygon", "coordinates": [[[-7.607409861519132, 33.571363997182885], [-7.607301242157761, 33.57812664975767], [-7.615380600742283, 33.57821731897142], [-7.6154885904704255, 33.57145464330561], [-7.607409861519132, 33.571363997182885]]]}, "properties": {"score": 68.88476577369597, "avg_travel_time_min": 18.669140717884883, "population": 4707.112768, "origin_count": 80, "grid_size_m": 750}}, {"type": "Feature", "geometry": {"type": "Polygon", "coordinates": [[[-7.607301242157761, 33.57812664975767], [-7.60719258653576, 33.58488929462005], [-7.615272574963587, 33.584979986928346], [-7.615380600742283, 33.57821731897142], [-7.607301242157761, 33.57812664975767]]]}, "properties": {"score": 68.42700365916744, "avg_travel_time_min": 18.943797926025077, "population": 4855.793573999999, "origin_count": 80, "grid_size_m": 750}}, {"type": "Feature", "geometry": {"type": "Polygon", "coordinates": [[[-7.60719258653576, 33.58488929462005], [-7.60708389464166, 33.5916519317692], [-7.615164513122935, 33.59174264717559], [-7.615272574963587, 33.584979986928346], [-7.60719258653576, 33.58488929462005]]]}, "properties": {"score": 67.52485757783555, "avg_travel_time_min": 19.48508517860307, "population": 4306.2065, "origin_count": 88, "grid_size_m": 750}}, {"type": "Feature", "geometry": {"type": "Polygon", "coordinates": [[[-7.60708389464166, 33.5916519317692], [-7.606975166463986, 33.59841456120425], [-7.615056415208918, 33.59850529971226], [-7.615164513122935, 33.59174264717559], [-7.60708389464166, 33.5916519317692]]]}, "properties": {"score": 60.424489428362676, "avg_travel_time_min": 23.74530607363855, "population": 3883.596115, "origin_count": 82, "grid_size_m": 750}}, {"type": "Feature", "geometry": {"type": "Polygon", "coordinates": [[[-7.606975166463986, 33.59841456120425], [-7.6068664019912555, 33.60517718292435], [-7.614948281210121, 33.605267944537516], [-7.615056415208918, 33.59850529971226], [-7.606975166463986, 33.59841456120425]]]}, "properties": {"score": 52.1783922391768, "avg_travel_time_min": 28.69296457393932, "population": 3362.4651850000005, "origin_count": 69, "grid_size_m": 750}}, {"type": "Feature", "geometry": {"type": "Polygon", "coordinates": [[[-7.6068664019912555, 33.60517718292435], [-7.606757601211981, 33.61193979692865], [-7.614840111115121, 33.61203058165051], [-7.614948281210121, 33.605267944537516], [-7.6068664019912555, 33.60517718292435]]]}, "properties": {"score": 40.16100786702762, "avg_travel_time_min": 35.903395025095165, "population": 1081.848218, "origin_count": 31, "grid_size_m": 750}}, {"type": "Feature", "geometry": {"type": "Polygon", "coordinates": [[[-7.606757601211981, 33.61193979692865], [-7.60664876411467, 33.61870240321632], [-7.614731904912496, 33.618793211050416], [-7.614840111115121, 33.61203058165051], [-7.606757601211981, 33.61193979692865]]]}, "properties": {"score": 26.40943090778292, "avg_travel_time_min": 44.15434191021469, "population": 77.8757155, "origin_count": 7, "grid_size_m": 750}}, {"type": "Feature", "geometry": {"type": "Polygon", "coordinates": [[[-7.601182832663206, 33.4563069453401], [-7.6010742019226365, 33.463069705729716], [-7.609142849192134, 33.4631605077981], [-7.609250853872019, 33.45639772424343], [-7.601182832663206, 33.4563069453401]]]}, "properties": {"score": 0.6309549319056822, "avg_travel_time_min": 60.825647303330044, "population": 255.20573189999996, "origin_count": 36, "grid_size_m": 750}}, {"type": "Feature", "geometry": {"type": "Polygon", "coordinates": [[[-7.6010742019226365, 33.463069705729716], [-7.600965534906586, 33.46983245841797], [-7.6090348084457125, 33.46992328365492], [-7.609142849192134, 33.4631605077981], [-7.6010742019226365, 33.463069705729716]]]}, "properties": {"score": 13.490189888226293, "avg_travel_time_min": 51.905886204340625, "population": 729.7060968999999, "origin_count": 72, "grid_size_m": 750}}, {"type": "Feature", "geometry": {"type": "Polygon", "coordinates": [[[-7.600965534906586, 33.46983245841797], [-7.600856831603614, 33.47659520340397], [-7.608926731621386, 33.47668605181304], [-7.6090348084457125, 33.46992328365492], [-7.600965534906586, 33.46983245841797]]]}, "properties": {"score": 29.95129837072674, "avg_travel_time_min": 42.02922091024338, "population": 1020.5665065000001, "origin_count": 74, "grid_size_m": 750}}, {"type": "Feature", "geometry": {"type": "Polygon", "coordinates": [[[-7.600856831603614, 33.47659520340397], [-7.600748092002281, 33.48335794068688], [-7.608818618707773, 33.48344881227161], [-7.608926731621386, 33.47668605181304], [-7.600856831603614, 33.47659520340397]]]}, "properties": {"score": 36.69441679298883, "avg_travel_time_min": 37.98334979813151, "population": 1020.2065534, "origin_count": 86, "grid_size_m": 750}}, {"type": "Feature", "geometry": {"type": "Polygon", "coordinates": [[[-7.600748092002281, 33.48335794068688], [-7.600639316091135, 33.490120670265846], [-7.608710469693497, 33.49021156502974], [-7.608818618707773, 33.48344881227161], [-7.600748092002281, 33.48335794068688]]]}, "properties": {"score": 46.80548688190392, "avg_travel_time_min": 31.91670785561954, "population": 1466.056086, "origin_count": 80, "grid_size_m": 750}}, {"type": "Feature", "geometry": {"type": "Polygon", "coordinates": [[[-7.600639316091135, 33.490120670265846], [-7.600530503858724, 33.49688339213999], [-7.608602284567165, 33.4969743100866], [-7.608710469693497, 33.49021156502974], [-7.600639316091135, 33.490120670265846]]]}, "properties": {"score": 39.43594164752002, "avg_travel_time_min": 36.33843531841073, "population": 1842.111876, "origin_count": 80, "grid_size_m": 750}}, {"type": "Feature", "geometry": {"type": "Polygon", "coordinates": [[[-7.600530503858724, 33.49688339213999], [-7.600421655293589, 33.50364610630846], [-7.608494063317386, 33.50373704744133], [-7.608602284567165, 33.4969743100866], [-7.600530503858724, 33.49688339213999]]]}, "properties": {"score": 32.709003418584324, "avg_travel_time_min": 40.374597910784665, "population": 1437.2333683000002, "origin_count": 80, "grid_size_m": 750}}, {"type": "Feature", "geometry": {"type": "Polygon", "coordinates": [[[-7.600421655293589, 33.50364610630846], [-7.600312770384261, 33.51040881277042], [-7.608385805932761, 33.51049977709307], [-7.608494063317386, 33.50373704744133], [-7.600421655293589, 33.50364610630846]]]}, "properties": {"score": 15.997995572315354, "avg_travel_time_min": 50.40120263854173, "population": 1511.3955760000001, "origin_count": 80, "grid_size_m": 750}}, {"type": "Feature", "geometry": {"type": "Polygon", "coordinates": [[[-7.600312770384261, 33.51040881277042], [-7.600203849119274, 33.517171511524985], [-7.60827751240188, 33.51726249904096], [-7.608385805932761, 33.51049977709307], [-7.600312770384261, 33.51040881277042]]]}, "properties": {"score": 20.81267032770017, "avg_travel_time_min": 47.51239777730549, "population": 1490.0944980000002, "origin_count": 76, "grid_size_m": 750}}, {"type": "Feature", "geometry": {"type": "Polygon", "coordinates": [[[-7.600203849119274, 33.517171511524985], [-7.600094891487146, 33.523934202571304], [-7.608169182713335, 33.52402521328413], [-7.60827751240188, 33.51726249904096], [-7.600203849119274, 33.517171511524985]]]}, "properties": {"score": 34.074437169999634, "avg_travel_time_min": 39.555337930707005, "population": 1800.227309, "origin_count": 72, "grid_size_m": 750}}, {"type": "Feature", "geometry": {"type": "Polygon", "coordinates": [[[-7.600094891487146, 33.523934202571304], [-7.599985897476394, 33.53069688590851], [-7.608060816855709, 33.53078791982175], [-7.608169182713335, 33.52402521328413], [-7.600094891487146, 33.523934202571304]]]}, "properties": {"score": 45.690905004658106, "avg_travel_time_min": 32.58545682813869, "population": 3216.5028270000007, "origin_count": 73, "grid_size_m": 750}}, {"type": "Feature", "geometry": {"type": "Polygon", "coordinates": [[[-7.599985897476394, 33.53069688590851], [-7.5998768670755315, 33.537459561535776], [-7.607952414817578, 33.537550618652965], [-7.608060816855709, 33.53078791982175], [-7.599985897476394, 33.53069688590851]]]}, "properties": {"score": 58.526012892122935, "avg_travel_time_min": 24.88439213284652, "population": 11484.648599999999, "origin_count": 85, "grid_size_m": 750}}, {"type": "Feature", "geometry": {"type": "Polygon", "coordinates": [[[-7.5998768670755315, 33.537459561535776], [-7.599767800273061, 33.54422222945223], [-7.607843976587512, 33.5443133097769], [-7.607952414817578, 33.537550618652965], [-7.5998768670755315, 33.537459561535776]]]}, "properties": {"score": 65.91872262902322, "avg_travel_time_min": 20.448766693564664, "population": 14285.04748, "origin_count": 85, "grid_size_m": 750}}, {"type": "Feature", "geometry": {"type": "Polygon", "coordinates": [[[-7.599767800273061, 33.54422222945223], [-7.599658697057483, 33.550984889657], [-7.607735502154078, 33.55107599319272], [-7.607843976587512, 33.5443133097769], [-7.599767800273061, 33.54422222945223]]]}, "properties": {"score": 73.10239120877306, "avg_travel_time_min": 16.13856508428333, "population": 9052.372531, "origin_count": 80, "grid_size_m": 750}}, {"type": "Feature", "geometry": {"type": "Polygon", "coordinates": [[[-7.599658697057483, 33.550984889657], [-7.599549557417289, 33.55774754214926], [-7.607626991505836, 33.55783866889956], [-7.607735502154078, 33.55107599319272], [-7.599658697057483, 33.550984889657]]]}, "properties": {"score": 72.62345152558488, "avg_travel_time_min": 16.42592937744191, "population": 7339.03443, "origin_count": 80, "grid_size_m": 750}}, {"type": "Feature", "geometry": {"type": "Polygon", "coordinates": [[[-7.599549557417289, 33.55774754214926], [-7.599440381340969, 33.564510186928125], [-7.607518444631339, 33.56460133689656], [-7.607626991505836, 33.55783866889956], [-7.599549557417289, 33.55774754214926]]]}, "properties": {"score": 68.15297516942648, "avg_travel_time_min": 19.10821441573369, "population": 6043.199653999999, "origin_count": 80, "grid_size_m": 750}}, {"type": "Feature", "geometry": {"type": "Polygon", "coordinates": [[[-7.599440381340969, 33.564510186928125], [-7.599331168817003, 33.57127282399277], [-7.607409861519132, 33.571363997182885], [-7.607518444631339, 33.56460133689656], [-7.599440381340969, 33.564510186928125]]]}, "properties": {"score": 64.23567089554031, "avg_travel_time_min": 21.45859739363748, "population": 4883.013781, "origin_count": 73, "grid_size_m": 750}}, {"type": "Feature", "geometry": {"type": "Polygon", "coordinates": [[[-7.599331168817003, 33.57127282399277], [-7.599221919833869, 33.578035453342316], [-7.607301242157761, 33.57812664975767], [-7.607409861519132, 33.571363997182885], [-7.599331168817003, 33.57127282399277]]]}, "properties": {"score": 60.2089470462796, "avg_travel_time_min": 23.87463158673867, "population": 4333.132091000001, "origin_count": 72, "grid_size_m": 750}}, {"type": "Feature", "geometry": {"type": "Polygon", "coordinates": [[[-7.599221919833869, 33.578035453342316], [-7.599112634380032, 33.58479807497592], [-7.60719258653576, 33.58488929462005], [-7.607301242157761, 33.57812664975767], [-7.599221919833869, 33.578035453342316]]]}, "properties": {"score": 63.42006175894936, "avg_travel_time_min": 21.947962900746443, "population": 4961.395372, "origin_count": 76, "grid_size_m": 750}}, {"type": "Feature", "geometry": {"type": "Polygon", "coordinates": [[[-7.599112634380032, 33.58479807497592], [-7.599003312443959, 33.591560688892734], [-7.60708389464166, 33.5916519317692], [-7.60719258653576, 33.58488929462005], [-7.599112634380032, 33.58479807497592]]]}, "properties": {"score": 69.3210056947939, "avg_travel_time_min": 18.407396442193495, "population": 6813.623356, "origin_count": 80, "grid_size_m": 750}}, {"type": "Feature", "geometry": {"type": "Polygon", "coordinates": [[[-7.599003312443959, 33.591560688892734], [-7.598893954014109, 33.59832329509188], [-7.606975166463986, 33.59841456120425], [-7.60708389464166, 33.5916519317692], [-7.599003312443959, 33.591560688892734]]]}, "properties": {"score": 64.32820450824268, "avg_travel_time_min": 21.403077140391613, "population": 11779.386869, "origin_count": 89, "grid_size_m": 750}}, {"type": "Feature", "geometry": {"type": "Polygon", "coordinates": [[[-7.598893954014109, 33.59832329509188], [-7.598784559078933, 33.605085893572536], [-7.6068664019912555, 33.60517718292435], [-7.606975166463986, 33.59841456120425], [-7.598893954014109, 33.59832329509188]]]}, "properties": {"score": 51.812656371848846, "avg_travel_time_min": 28.91240632152291, "population": 5162.131813, "origin_count": 70, "grid_size_m": 750}}, {"type": "Feature", "geometry": {"type": "Polygon", "coordinates": [[[-7.598784559078933, 33.605085893572536], [-7.598675127626875, 33.61184848433383], [-7.606757601211981, 33.61193979692865], [-7.6068664019912555, 33.60517718292435], [-7.598784559078933, 33.605085893572536]]]}, "properties": {"score": 34.62417111207024, "avg_travel_time_min": 39.225497312019186, "population": 876.0344660000001, "origin_count": 20, "grid_size_m": 750}}, {"type": "Feature", "geometry": {"type": "Polygon", "coordinates": [[[-7.598675127626875, 33.61184848433383], [-7.598565659646381, 33.61861106737492], [-7.60664876411467, 33.61870240321632], [-7.606757601211981, 33.61193979692865], [-7.598675127626875, 33.61184848433383]]]}, "properties": {"score": 15.477237704319725, "avg_travel_time_min": 50.71365732319976, "population": 128.101783, "origin_count": 13, "grid_size_m": 750}}, {"type": "Feature", "geometry": {"type": "Polygon", "coordinates": [[[-7.593114847718442, 33.456215641655845], [-7.593005590928623, 33.46297837874654], [-7.6010742019226365, 33.463069705729716], [-7.601182832663206, 33.4563069453401], [-7.593114847718442, 33.456215641655845]]]}, "properties": {"score": 1.0235465482498391, "avg_travel_time_min": 60.07329402418318, "population": 200.9515642, "origin_count": 30, "grid_size_m": 750}}, {"type": "Feature", "geometry": {"type": "Polygon", "coordinates": [[[-7.593005590928623, 33.46297837874654], [-7.592896297654378, 33.46974110813232], [-7.600965534906586, 33.46983245841797], [-7.6010742019226365, 33.463069705729716], [-7.593005590928623, 33.46297837874654]]]}, "properties": {"score": 13.951389998052841, "avg_travel_time_min": 51.62916597520719, "population": 654.5280406999999, "origin_count": 73, "grid_size_m": 750}}, {"type": "Feature", "geometry": {"type": "Polygon", "coordinates": [[[-7.592896297654378, 33.46974110813232], [-7.592786967884205, 33.47650382981229], [-7.600856831603614, 33.47659520340397], [-7.600965534906586, 33.46983245841797], [-7.592896297654378, 33.46974110813232]]]}, "properties": {"score": 29.280060160181726, "avg_travel_time_min": 42.43196394882377, "population": 708.7209949999999, "origin_count": 80, "grid_size_m": 750}}, {"type": "Feature", "geometry": {"type": "Polygon", "coordinates": [[[-7.592786967884205, 33.47650382981229], [-7.592677601606597, 33.48326654378563], [-7.600748092002281, 33.48335794068688], [-7.600856831603614, 33.47659520340397], [-7.592786967884205, 33.47650382981229]]]}, "properties": {"score": 36.62736566954055, "avg_travel_time_min": 38.0235804480181, "population": 1191.564424, "origin_count": 76, "grid_size_m": 750}}, {"type": "Feature", "geometry": {"type": "Polygon", "coordinates": [[[-7.592677601606597, 33.48326654378563], [-7.592568198810036, 33.49002925005146], [-7.600639316091135, 33.490120670265846], [-7.600748092002281, 33.48335794068688], [-7.592677601606597, 33.48326654378563]]]}, "properties": {"score": 45.67866717153791, "avg_travel_time_min": 32.59279963898586, "population": 1245.5719240000003, "origin_count": 79, "grid_size_m": 750}}, {"type": "Feature", "geometry": {"type": "Polygon", "coordinates": [[[-7.592568198810036, 33.49002925005146], [-7.592458759483006, 33.49679194860894], [-7.600530503858724, 33.49688339213999], [-7.600639316091135, 33.490120670265846], [-7.592568198810036, 33.49002925005146]]]}, "properties": {"score": 32.34130424407606, "avg_travel_time_min": 40.59521743989432, "population": 1022.6721335000001, "origin_count": 75, "grid_size_m": 750}}, {"type": "Feature", "geometry": {"type": "Polygon", "coordinates": [[[-7.592458759483006, 33.49679194860894], [-7.592349283613981, 33.50355463945718], [-7.600421655293589, 33.50364610630846], [-7.600530503858724, 33.49688339213999], [-7.592458759483006, 33.49679194860894]]]}, "properties": {"score": 20.203356713180536, "avg_travel_time_min": 47.87798608436387, "population": 319.4683444, "origin_count": 41, "grid_size_m": 750}}, {"type": "Feature", "geometry": {"type": "Polygon", "coordinates": [[[-7.592349283613981, 33.50355463945718], [-7.592239771191425, 33.510317322595334], [-7.600312770384261, 33.51040881277042], [-7.600421655293589, 33.50364610630846], [-7.592349283613981, 33.50355463945718]]]}, "properties": {"score": 20.410171174136895, "avg_travel_time_min": 47.75389723066381, "population": 1489.1991779999998, "origin_count": 80, "grid_size_m": 750}}, {"type": "Feature", "geometry": {"type": "Polygon", "coordinates": [[[-7.592239771191425, 33.510317322595334], [-7.592130222203806, 33.517079998022545], [-7.600203849119274, 33.517171511524985], [-7.600312770384261, 33.51040881277042], [-7.592239771191425, 33.510317322595334]]]}, "properties": {"score": 35.23354928790619, "avg_travel_time_min": 38.85987028110601, "population": 2606.491329, "origin_count": 80, "grid_size_m": 750}}, {"type": "Feature", "geometry": {"type": "Polygon", "coordinates": [[[-7.592130222203806, 33.517079998022545], [-7.592020636639577, 33.52384266573795], [-7.600094891487146, 33.523934202571304], [-7.600203849119274, 33.517171511524985], [-7.592130222203806, 33.517079998022545]]]}, "properties": {"score": 41.330915311377446, "avg_travel_time_min": 35.20145063094661, "population": 1831.528867, "origin_count": 80, "grid_size_m": 750}}, {"type": "Feature", "geometry": {"type": "Polygon", "coordinates": [[[-7.592020636639577, 33.52384266573795], [-7.591911014487191, 33.53060532574069], [-7.599985897476394, 33.53069688590851], [-7.600094891487146, 33.523934202571304], [-7.592020636639577, 33.52384266573795]]]}, "properties": {"score": 51.69800124809761, "avg_travel_time_min": 28.981199225250368, "population": 3524.87381, "origin_count": 79, "grid_size_m": 750}}, {"type": "Feature", "geometry": {"type": "Polygon", "coordinates": [[[-7.591911014487191, 33.53060532574069], [-7.5918013557350905, 33.53736797802992], [-7.5998768670755315, 33.537459561535776], [-7.599985897476394, 33.53069688590851], [-7.591911014487191, 33.53060532574069]]]}, "properties": {"score": 59.57127704507921, "avg_travel_time_min": 24.25723394352464, "population": 10037.79422, "origin_count": 72, "grid_size_m": 750}}, {"type": "Feature", "geometry": {"type": "Polygon", "coordinates": [[[-7.5918013557350905, 33.53736797802992], [-7.591691660371717, 33.54413062260477], [-7.599767800273061, 33.54422222945223], [-7.5998768670755315, 33.537459561535776], [-7.5918013557350905, 33.53736797802992]]]}, "properties": {"score": 71.22672728307741, "avg_travel_time_min": 17.263963551249383, "population": 14969.0348, "origin_count": 78, "grid_size_m": 750}}, {"type": "Feature", "geometry": {"type": "Polygon", "coordinates": [[[-7.591691660371717, 33.54413062260477], [-7.5915819283855, 33.550893259464374], [-7.599658697057483, 33.550984889657], [-7.599767800273061, 33.54422222945223], [-7.591691660371717, 33.54413062260477]]]}, "properties": {"score": 70.3996659492677, "avg_travel_time_min": 17.760200034671374, "population": 11332.218057, "origin_count": 82, "grid_size_m": 750}}, {"type": "Feature", "geometry": {"type": "Polygon", "coordinates": [[[-7.5915819283855, 33.550893259464374], [-7.591472159764869, 33.55765588860789], [-7.599549557417289, 33.55774754214926], [-7.599658697057483, 33.550984889657], [-7.5915819283855, 33.550893259464374]]]}, "properties": {"score": 65.796715239364, "avg_travel_time_min": 20.521970987645435, "population": 7852.523175, "origin_count": 80, "grid_size_m": 750}}, {"type": "Feature", "geometry": {"type": "Polygon", "coordinates": [[[-7.591472159764869, 33.55765588860789], [-7.591362354498245, 33.564418510034464], [-7.599440381340969, 33.564510186928125], [-7.599549557417289, 33.55774754214926], [-7.591472159764869, 33.55765588860789]]]}, "properties": {"score": 62.812027047170176, "avg_travel_time_min": 22.312783643542133, "population": 6717.733236, "origin_count": 80, "grid_size_m": 750}}, {"type": "Feature", "geometry": {"type": "Polygon", "coordinates": [[[-7.591362354498245, 33.564418510034464], [-7.5912525125740435, 33.57118112374323], [-7.599331168817003, 33.57127282399277], [-7.599440381340969, 33.564510186928125], [-7.591362354498245, 33.564418510034464]]]}, "properties": {"score": 57.69834910954701, "avg_travel_time_min": 25.380990441462114, "population": 5886.648725999999, "origin_count": 80, "grid_size_m": 750}}, {"type": "Feature", "geometry": {"type": "Polygon", "coordinates": [[[-7.5912525125740435, 33.57118112374323], [-7.591142633980673, 33.577943729733335], [-7.599221919833869, 33.578035453342316], [-7.599331168817003, 33.57127282399277], [-7.5912525125740435, 33.57118112374323]]]}, "properties": {"score": 58.269911660658074, "avg_travel_time_min": 25.038053194500804, "population": 5477.324489, "origin_count": 80, "grid_size_m": 750}}, {"type": "Feature", "geometry": {"type": "Polygon", "coordinates": [[[-7.591142633980673, 33.577943729733335], [-7.591032718706538, 33.58470632800392], [-7.599112634380032, 33.58479807497592], [-7.599221919833869, 33.578035453342316], [-7.591142633980673, 33.577943729733335]]]}, "properties": {"score": 69.81453375980487, "avg_travel_time_min": 18.111279857702907, "population": 5009.691928, "origin_count": 76, "grid_size_m": 750}}, {"type": "Feature", "geometry": {"type": "Polygon", "coordinates": [[[-7.591032718706538, 33.58470632800392], [-7.590922766740036, 33.59146891855413], [-7.599003312443959, 33.591560688892734], [-7.599112634380032, 33.58479807497592], [-7.591032718706538, 33.58470632800392]]]}, "properties": {"score": 71.98302876899339, "avg_travel_time_min": 16.810182924022396, "population": 7890.557834, "origin_count": 72, "grid_size_m": 750}}, {"type": "Feature", "geometry": {"type": "Polygon", "coordinates": [[[-7.590922766740036, 33.59146891855413], [-7.590812778069558, 33.59823150138311], [-7.598893954014109, 33.59832329509188], [-7.599003312443959, 33.591560688892734], [-7.590922766740036, 33.59146891855413]]]}, "properties": {"score": 64.34491242613136, "avg_travel_time_min": 21.393052209696783, "population": 9733.01531, "origin_count": 73, "grid_size_m": 750}}, {"type": "Feature", "geometry": {"type": "Polygon", "coordinates": [[[-7.590812778069558, 33.59823150138311], [-7.590702752683489, 33.604994076490016], [-7.598784559078933, 33.605085893572536], [-7.598893954014109, 33.59832329509188], [-7.590812778069558, 33.59823150138311]]]}, "properties": {"score": 53.32022879733543, "avg_travel_time_min": 28.007862598631352, "population": 4084.942976, "origin_count": 58, "grid_size_m": 750}}, {"type": "Feature", "geometry": {"type": "Polygon", "coordinates": [[[-7.590702752683489, 33.604994076490016], [-7.59059269057021, 33.611756643873974], [-7.598675127626875, 33.61184848433383], [-7.598784559078933, 33.605085893572536], [-7.590702752683489, 33.604994076490016]]]}, "properties": {"score": 34.58107768487777, "avg_travel_time_min": 39.25135328230199, "population": 1896.8496929999997, "origin_count": 44, "grid_size_m": 750}}, {"type": "Feature", "geometry": {"type": "Polygon", "coordinates": [[[-7.59059269057021, 33.611756643873974], [-7.590482591718094, 33.618519203534156], [-7.598565659646381, 33.61861106737492], [-7.598675127626875, 33.61184848433383], [-7.59059269057021, 33.611756643873974]]]}, "properties": {"score": 1.939795054322077, "avg_travel_time_min": 58.83612311082672, "population": 45.862171000000004, "origin_count": 2, "grid_size_m": 750}}, {"type": "Feature", "geometry": {"type": "Polygon", "coordinates": [[[-7.590482591718094, 33.618519203534156], [-7.59037245611551, 33.6252817554697], [-7.598456155125879, 33.62537364269495], [-7.598565659646381, 33.61861106737492], [-7.590482591718094, 33.618519203534156]]]}, "properties": {"score": 0.4622481001175678, "avg_travel_time_min": 60.31015136554424, "population": 86.50792650000001, "origin_count": 7, "grid_size_m": 750}}, {"type": "Feature", "geometry": {"type": "Polygon", "coordinates": [[[-7.586581412493796, 33.36144501308043], [-7.586472042161928, 33.368207834566405], [-7.594531871126263, 33.36829935872148], [-7.594640618338593, 33.36153651385252], [-7.586581412493796, 33.36144501308043]]]}, "properties": {"score": 0.0, "avg_travel_time_min": 145.8602, "population": 5.257428, "origin_count": 1, "grid_size_m": 750}}, {"type": "Feature", "geometry": {"type": "Polygon", "coordinates": [[[-7.586472042161928, 33.368207834566405], [-7.586362635298034, 33.374970648356005], [-7.5944230875899255, 33.37506219589762], [-7.594531871126263, 33.36829935872148], [-7.586472042161928, 33.368207834566405]]]}, "properties": {"score": 0.0, "avg_travel_time_min": 159.21300698157327, "population": 106.5478622, "origin_count": 18, "grid_size_m": 750}}, {"type": "Feature", "geometry": {"type": "Polygon", "coordinates": [[[-7.586362635298034, 33.374970648356005], [-7.586253191890631, 33.38173345444837], [-7.594314267718162, 33.381825025380074], [-7.5944230875899255, 33.37506219589762], [-7.586362635298034, 33.374970648356005]]]}, "properties": {"score": 0.0, "avg_travel_time_min": 157.36023850875878, "population": 129.8498673, "origin_count": 20, "grid_size_m": 750}}, {"type": "Feature", "geometry": {"type": "Polygon", "coordinates": [[[-7.586253191890631, 33.38173345444837], [-7.586143711928223, 33.388496252842636], [-7.594205411499545, 33.38858784716796], [-7.594314267718162, 33.381825025380074], [-7.586253191890631, 33.38173345444837]]]}, "properties": {"score": 0.0, "avg_travel_time_min": 146.25925, "population": 5.193466, "origin_count": 1, "grid_size_m": 750}}, {"type": "Feature", "geometry": {"type": "Polygon", "coordinates": [[[-7.584937016419034, 33.4628865268565], [-7.584827096898097, 33.469649232805914], [-7.592896297654378, 33.46974110813232], [-7.593005590928623, 33.46297837874654], [-7.584937016419034, 33.4628865268565]]]}, "properties": {"score": 2.5026512, "avg_travel_time_min": 58.49841, "population": 5.0511956, "origin_count": 1, "grid_size_m": 750}}, {"type": "Feature", "geometry": {"type": "Polygon", "coordinates": [[[-7.584827096898097, 33.469649232805914], [-7.5847171406722325, 33.47641193104596], [-7.592786967884205, 33.47650382981229], [-7.592896297654378, 33.46974110813232], [-7.584827096898097, 33.469649232805914]]]}, "properties": {"score": 26.158842630546726, "avg_travel_time_min": 44.30469420500033, "population": 154.2555811, "origin_count": 24, "grid_size_m": 750}}, {"type": "Feature", "geometry": {"type": "Polygon", "coordinates": [[[-7.5847171406722325, 33.47641193104596], [-7.584607147729862, 33.483174621575806], [-7.592677601606597, 33.48326654378563], [-7.592786967884205, 33.47650382981229], [-7.5847171406722325, 33.47641193104596]]]}, "properties": {"score": 38.780080776048365, "avg_travel_time_min": 36.73195154399156, "population": 940.0073268, "origin_count": 79, "grid_size_m": 750}}, {"type": "Feature", "geometry": {"type": "Polygon", "coordinates": [[[-7.584607147729862, 33.483174621575806], [-7.584497118059408, 33.48993730439456], [-7.592568198810036, 33.49002925005146], [-7.592677601606597, 33.48326654378563], [-7.584607147729862, 33.483174621575806]]]}, "properties": {"score": 36.032349680374814, "avg_travel_time_min": 38.380590271833505, "population": 1537.314469, "origin_count": 83, "grid_size_m": 750}}, {"type": "Feature", "geometry": {"type": "Polygon", "coordinates": [[[-7.584497118059408, 33.48993730439456], [-7.5843870516492835, 33.49669997950139], [-7.592458759483006, 33.49679194860894], [-7.592568198810036, 33.49002925005146], [-7.584497118059408, 33.48993730439456]]]}, "properties": {"score": 21.654237435740082, "avg_travel_time_min": 47.00745762958732, "population": 820.3753739000001, "origin_count": 77, "grid_size_m": 750}}, {"type": "Feature", "geometry": {"type": "Polygon", "coordinates": [[[-7.5843870516492835, 33.49669997950139], [-7.584276948487898, 33.50346264689541], [-7.592349283613981, 33.50355463945718], [-7.592458759483006, 33.49679194860894], [-7.5843870516492835, 33.49669997950139]]]}, "properties": {"score": 14.977344426160558, "avg_travel_time_min": 51.01359302941774, "population": 18.3458804, "origin_count": 3, "grid_size_m": 750}}, {"type": "Feature", "geometry": {"type": "Polygon", "coordinates": [[[-7.584276948487898, 33.50346264689541], [-7.584166808563654, 33.51022530657576], [-7.592239771191425, 33.510317322595334], [-7.592349283613981, 33.50355463945718], [-7.584276948487898, 33.50346264689541]]]}, "properties": {"score": 18.738871909659046, "avg_travel_time_min": 48.756676897185336, "population": 951.6911425, "origin_count": 58, "grid_size_m": 750}}, {"type": "Feature", "geometry": {"type": "Polygon", "coordinates": [[[-7.584166808563654, 33.51022530657576], [-7.584056631864947, 33.5169879585416], [-7.592130222203806, 33.517079998022545], [-7.592239771191425, 33.510317322595334], [-7.584166808563654, 33.51022530657576]]]}, "properties": {"score": 29.843474773315503, "avg_travel_time_min": 42.0939149926984, "population": 2715.363099, "origin_count": 80, "grid_size_m": 750}}, {"type": "Feature", "geometry": {"type": "Polygon", "coordinates": [[[-7.584056631864947, 33.5169879585416], [-7.583946418380167, 33.52375060279204], [-7.592020636639577, 33.52384266573795], [-7.592130222203806, 33.517079998022545], [-7.584056631864947, 33.5169879585416]]]}, "properties": {"score": 34.3866076696741, "avg_travel_time_min": 39.36803569521247, "population": 2024.9275819999998, "origin_count": 80, "grid_size_m": 750}}, {"type": "Feature", "geometry": {"type": "Polygon", "coordinates": [[[-7.583946418380167, 33.52375060279204], [-7.5838361680977, 33.530513239326254], [-7.591911014487191, 33.53060532574069], [-7.592020636639577, 33.52384266573795], [-7.583946418380167, 33.52375060279204]]]}, "properties": {"score": 46.40798136345966, "avg_travel_time_min": 32.155211096005985, "population": 4151.434575, "origin_count": 80, "grid_size_m": 750}}, {"type": "Feature", "geometry": {"type": "Polygon", "coordinates": [[[-7.5838361680977, 33.530513239326254], [-7.5837258810059245, 33.53727586814334], [-7.5918013557350905, 33.53736797802992], [-7.591911014487191, 33.53060532574069], [-7.5838361680977, 33.530513239326254]]]}, "properties": {"score": 57.47426203949897, "avg_travel_time_min": 25.515442584884305, "population": 10085.10683, "origin_count": 80, "grid_size_m": 750}}, {"type": "Feature", "geometry": {"type": "Polygon", "coordinates": [[[-7.5837258810059245, 33.53727586814334], [-7.583615557093212, 33.54403848924249], [-7.591691660371717, 33.54413062260477], [-7.5918013557350905, 33.53736797802992], [-7.5837258810059245, 33.53727586814334]]]}, "properties": {"score": 66.72251683703772, "avg_travel_time_min": 19.966489808136934, "population": 16399.776420000002, "origin_count": 80, "grid_size_m": 750}}, {"type": "Feature", "geometry": {"type": "Polygon", "coordinates": [[[-7.583615557093212, 33.54403848924249], [-7.5835051963479305, 33.550801102622806], [-7.5915819283855, 33.550893259464374], [-7.591691660371717, 33.54413062260477], [-7.583615557093212, 33.54403848924249]]]}, "properties": {"score": 71.26853053030133, "avg_travel_time_min": 17.238881823266958, "population": 13852.761464, "origin_count": 80, "grid_size_m": 750}}, {"type": "Feature", "geometry": {"type": "Polygon", "coordinates": [[[-7.5835051963479305, 33.550801102622806], [-7.583394798758443, 33.55756370828344], [-7.591472159764869, 33.55765588860789], [-7.5915819283855, 33.550893259464374], [-7.5835051963479305, 33.550801102622806]]]}, "properties": {"score": 68.7367914955489, "avg_travel_time_min": 18.75792492732893, "population": 8642.258681, "origin_count": 75, "grid_size_m": 750}}, {"type": "Feature", "geometry": {"type": "Polygon", "coordinates": [[[-7.583394798758443, 33.55756370828344], [-7.583284364313099, 33.564326306223535], [-7.591362354498245, 33.564418510034464], [-7.591472159764869, 33.55765588860789], [-7.583394798758443, 33.55756370828344]]]}, "properties": {"score": 59.28572618870527, "avg_travel_time_min": 24.42856433367919, "population": 6936.231309999999, "origin_count": 76, "grid_size_m": 750}}, {"type": "Feature", "geometry": {"type": "Polygon", "coordinates": [[[-7.583284364313099, 33.564326306223535], [-7.583173893000252, 33.57108889644224], [-7.5912525125740435, 33.57118112374323], [-7.591362354498245, 33.564418510034464], [-7.583284364313099, 33.564326306223535]]]}, "properties": {"score": 59.73827791909204, "avg_travel_time_min": 24.157033036160495, "population": 6718.758542, "origin_count": 80, "grid_size_m": 750}}, {"type": "Feature", "geometry": {"type": "Polygon", "coordinates": [[[-7.583173893000252, 33.57108889644224], [-7.583063384808244, 33.57785147893868], [-7.591142633980673, 33.577943729733335], [-7.5912525125740435, 33.57118112374323], [-7.583173893000252, 33.57108889644224]]]}, "properties": {"score": 60.30826003979097, "avg_travel_time_min": 23.815043915998004, "population": 5326.434789, "origin_count": 80, "grid_size_m": 750}}, {"type": "Feature", "geometry": {"type": "Polygon", "coordinates": [[[-7.583063384808244, 33.57785147893868], [-7.582952839725412, 33.58461405371201], [-7.591032718706538, 33.58470632800392], [-7.591142633980673, 33.577943729733335], [-7.583063384808244, 33.57785147893868]]]}, "properties": {"score": 58.90333883046768, "avg_travel_time_min": 24.657996717865547, "population": 4461.025293000001, "origin_count": 80, "grid_size_m": 750}}, {"type": "Feature", "geometry": {"type": "Polygon", "coordinates": [[[-7.582952839725412, 33.58461405371201], [-7.582842257740087, 33.59137662076139], [-7.590922766740036, 33.59146891855413], [-7.591032718706538, 33.58470632800392], [-7.582952839725412, 33.58461405371201]]]}, "properties": {"score": 66.40738053315341, "avg_travel_time_min": 20.15557207040685, "population": 9495.146688, "origin_count": 80, "grid_size_m": 750}}, {"type": "Feature", "geometry": {"type": "Polygon", "coordinates": [[[-7.582842257740087, 33.59137662076139], [-7.5827316388405945, 33.59813918008592], [-7.590812778069558, 33.59823150138311], [-7.590922766740036, 33.59146891855413], [-7.582842257740087, 33.59137662076139]]]}, "properties": {"score": 67.24134876278664, "avg_travel_time_min": 19.655190636724317, "population": 10902.330446, "origin_count": 79, "grid_size_m": 750}}, {"type": "Feature", "geometry": {"type": "Polygon", "coordinates": [[[-7.5827316388405945, 33.59813918008592], [-7.582620983015254, 33.604901731684784], [-7.590702752683489, 33.604994076490016], [-7.590812778069558, 33.59823150138311], [-7.5827316388405945, 33.59813918008592]]]}, "properties": {"score": 54.04174362874167, "avg_travel_time_min": 27.574953916635124, "population": 6660.503618000001, "origin_count": 72, "grid_size_m": 750}}, {"type": "Feature", "geometry": {"type": "Polygon", "coordinates": [[[-7.582620983015254, 33.604901731684784], [-7.582510290252378, 33.61166427555711], [-7.59059269057021, 33.611756643873974], [-7.590702752683489, 33.604994076490016], [-7.582620983015254, 33.604901731684784]]]}, "properties": {"score": 45.337683049342736, "avg_travel_time_min": 32.79739019063217, "population": 581.70968, "origin_count": 12, "grid_size_m": 750}}, {"type": "Feature", "geometry": {"type": "Polygon", "coordinates": [[[-7.578522243169543, 33.36135298941522], [-7.578412249729618, 33.36811578738464], [-7.586472042161928, 33.368207834566405], [-7.586581412493796, 33.36144501308043], [-7.578522243169543, 33.36135298941522]]]}, "properties": {"score": 0.0, "avg_travel_time_min": 138.40865993713183, "population": 244.81962180000002, "origin_count": 34, "grid_size_m": 750}}, {"type": "Feature", "geometry": {"type": "Polygon", "coordinates": [[[-7.578412249729618, 33.36811578738464], [-7.578302219549653, 33.374878577654115], [-7.586362635298034, 33.374970648356005], [-7.586472042161928, 33.368207834566405], [-7.578412249729618, 33.36811578738464]]]}, "properties": {"score": 0.0, "avg_travel_time_min": 138.78155605524466, "population": 677.769273, "origin_count": 74, "grid_size_m": 750}}, {"type": "Feature", "geometry": {"type": "Polygon", "coordinates": [[[-7.578302219549653, 33.374878577654115], [-7.578192152618101, 33.38164136022279], [-7.586253191890631, 33.38173345444837], [-7.586362635298034, 33.374970648356005], [-7.578302219549653, 33.374878577654115]]]}, "properties": {"score": 0.0, "avg_travel_time_min": 141.75041371564623, "population": 619.7834922000001, "origin_count": 82, "grid_size_m": 750}}, {"type": "Feature", "geometry": {"type": "Polygon", "coordinates": [[[-7.578192152618101, 33.38164136022279], [-7.5780820489234015, 33.38840413508978], [-7.586143711928223, 33.388496252842636], [-7.586253191890631, 33.38173345444837], [-7.578192152618101, 33.38164136022279]]]}, "properties": {"score": 0.0, "avg_travel_time_min": 137.41501409265376, "population": 84.2868037, "origin_count": 16, "grid_size_m": 750}}, {"type": "Feature", "geometry": {"type": "Polygon", "coordinates": [[[-7.576647350176763, 33.47631950711297], [-7.576536730581211, 33.483082174065395], [-7.584607147729862, 33.483174621575806], [-7.5847171406722325, 33.47641193104596], [-7.576647350176763, 33.47631950711297]]]}, "properties": {"score": 25.041153189653176, "avg_travel_time_min": 44.975308099287034, "population": 464.8132892, "origin_count": 51, "grid_size_m": 750}}, {"type": "Feature", "geometry": {"type": "Polygon", "coordinates": [[[-7.576536730581211, 33.483082174065395], [-7.576426074048449, 33.48984483330314], [-7.584497118059408, 33.48993730439456], [-7.584607147729862, 33.483174621575806], [-7.576536730581211, 33.483082174065395]]]}, "properties": {"score": 21.648833104154793, "avg_travel_time_min": 47.01070021752375, "population": 1237.1939944, "origin_count": 80, "grid_size_m": 750}}, {"type": "Feature", "geometry": {"type": "Polygon", "coordinates": [[[-7.576426074048449, 33.48984483330314], [-7.576315380566822, 33.49660748482535], [-7.5843870516492835, 33.49669997950139], [-7.584497118059408, 33.48993730439456], [-7.576426074048449, 33.48984483330314]]]}, "properties": {"score": 12.816588268507795, "avg_travel_time_min": 52.310047102603725, "population": 503.0563578, "origin_count": 51, "grid_size_m": 750}}, {"type": "Feature", "geometry": {"type": "Polygon", "coordinates": [[[-7.576204650124676, 33.50337012863116], [-7.576093882710344, 33.510132764719714], [-7.584166808563654, 33.51022530657576], [-7.584276948487898, 33.50346264689541], [-7.576204650124676, 33.50337012863116]]]}, "properties": {"score": 6.67679203360435, "avg_travel_time_min": 56.14723473682463, "population": 537.0684825, "origin_count": 44, "grid_size_m": 750}}, {"type": "Feature", "geometry": {"type": "Polygon", "coordinates": [[[-7.576093882710344, 33.510132764719714], [-7.575983078312158, 33.516895393090145], [-7.584056631864947, 33.5169879585416], [-7.584166808563654, 33.51022530657576], [-7.576093882710344, 33.510132764719714]]]}, "properties": {"score": 10.945547210322108, "avg_travel_time_min": 53.43507706969611, "population": 1336.3780020000002, "origin_count": 72, "grid_size_m": 750}}, {"type": "Feature", "geometry": {"type": "Polygon", "coordinates": [[[-7.575983078312158, 33.516895393090145], [-7.575872236918443, 33.5236580137416], [-7.583946418380167, 33.52375060279204], [-7.584056631864947, 33.5169879585416], [-7.575983078312158, 33.516895393090145]]]}, "properties": {"score": 22.079669531205752, "avg_travel_time_min": 46.752198322428924, "population": 2499.74059, "origin_count": 72, "grid_size_m": 750}}, {"type": "Feature", "geometry": {"type": "Polygon", "coordinates": [[[-7.575872236918443, 33.5236580137416], [-7.575761358517518, 33.5304206266732], [-7.5838361680977, 33.530513239326254], [-7.583946418380167, 33.52375060279204], [-7.575872236918443, 33.5236580137416]]]}, "properties": {"score": 38.76210373548764, "avg_travel_time_min": 36.742737684537325, "population": 7574.607362999999, "origin_count": 77, "grid_size_m": 750}}, {"type": "Feature", "geometry": {"type": "Polygon", "coordinates": [[[-7.575761358517518, 33.5304206266732], [-7.575650443097693, 33.53718323188408], [-7.5837258810059245, 33.53727586814334], [-7.5838361680977, 33.530513239326254], [-7.575761358517518, 33.5304206266732]]]}, "properties": {"score": 55.116610699758276, "avg_travel_time_min": 26.930033374230753, "population": 10038.93986, "origin_count": 80, "grid_size_m": 750}}, {"type": "Feature", "geometry": {"type": "Polygon", "coordinates": [[[-7.575650443097693, 33.53718323188408], [-7.575539490647277, 33.54394582937341], [-7.583615557093212, 33.54403848924249], [-7.5837258810059245, 33.53727586814334], [-7.575650443097693, 33.53718323188408]]]}, "properties": {"score": 63.54862376670767, "avg_travel_time_min": 21.87082567356273, "population": 17170.46833, "origin_count": 80, "grid_size_m": 750}}, {"type": "Feature", "geometry": {"type": "Polygon", "coordinates": [[[-7.575539490647277, 33.54394582937341], [-7.57542850115457, 33.55070841914031], [-7.5835051963479305, 33.550801102622806], [-7.583615557093212, 33.54403848924249], [-7.575539490647277, 33.54394582937341]]]}, "properties": {"score": 67.48805225933884, "avg_travel_time_min": 19.50716908489633, "population": 16887.23936, "origin_count": 80, "grid_size_m": 750}}, {"type": "Feature", "geometry": {"type": "Polygon", "coordinates": [[[-7.57542850115457, 33.55070841914031], [-7.575317474607867, 33.557471001183906], [-7.583394798758443, 33.55756370828344], [-7.5835051963479305, 33.550801102622806], [-7.57542850115457, 33.55070841914031]]]}, "properties": {"score": 73.19303686949921, "avg_travel_time_min": 16.08417782337787, "population": 13556.409965999997, "origin_count": 87, "grid_size_m": 750}}, {"type": "Feature", "geometry": {"type": "Polygon", "coordinates": [[[-7.575317474607867, 33.557471001183906], [-7.575206410995455, 33.56423357550336], [-7.583284364313099, 33.564326306223535], [-7.583394798758443, 33.55756370828344], [-7.575317474607867, 33.557471001183906]]]}, "properties": {"score": 69.5055572082642, "avg_travel_time_min": 18.296665915044812, "population": 11954.135707, "origin_count": 79, "grid_size_m": 750}}, {"type": "Feature", "geometry": {"type": "Polygon", "coordinates": [[[-7.575206410995455, 33.56423357550336], [-7.57509531030562, 33.57099614209781], [-7.583173893000252, 33.57108889644224], [-7.583284364313099, 33.564326306223535], [-7.575206410995455, 33.56423357550336]]]}, "properties": {"score": 66.26004559721588, "avg_travel_time_min": 20.243972555075302, "population": 11300.794728, "origin_count": 72, "grid_size_m": 750}}, {"type": "Feature", "geometry": {"type": "Polygon", "coordinates": [[[-7.57509531030562, 33.57099614209781], [-7.574984172526638, 33.577758700966406], [-7.583063384808244, 33.57785147893868], [-7.583173893000252, 33.57108889644224], [-7.57509531030562, 33.57099614209781]]]}, "properties": {"score": 58.69847374942278, "avg_travel_time_min": 24.78091577455206, "population": 6765.385303, "origin_count": 73, "grid_size_m": 750}}, {"type": "Feature", "geometry": {"type": "Polygon", "coordinates": [[[-7.574984172526638, 33.577758700966406], [-7.574872997646778, 33.58452125210825], [-7.582952839725412, 33.58461405371201], [-7.583063384808244, 33.57785147893868], [-7.574984172526638, 33.577758700966406]]]}, "properties": {"score": 54.92769592547184, "avg_travel_time_min": 27.043382449741205, "population": 6825.890890000001, "origin_count": 80, "grid_size_m": 750}}, {"type": "Feature", "geometry": {"type": "Polygon", "coordinates": [[[-7.574872997646778, 33.58452125210825], [-7.574761785654305, 33.59128379552253], [-7.582842257740087, 33.59137662076139], [-7.582952839725412, 33.58461405371201], [-7.574872997646778, 33.58452125210825]]]}, "properties": {"score": 57.98126455626471, "avg_travel_time_min": 25.211241287174815, "population": 9158.481426999999, "origin_count": 80, "grid_size_m": 750}}, {"type": "Feature", "geometry": {"type": "Polygon", "coordinates": [[[-7.574761785654305, 33.59128379552253], [-7.5746505365374786, 33.59804633120836], [-7.5827316388405945, 33.59813918008592], [-7.582842257740087, 33.59137662076139], [-7.574761785654305, 33.59128379552253]]]}, "properties": {"score": 52.959547756372615, "avg_travel_time_min": 28.224271268263326, "population": 10125.946267, "origin_count": 80, "grid_size_m": 750}}, {"type": "Feature", "geometry": {"type": "Polygon", "coordinates": [[[-7.5746505365374786, 33.59804633120836], [-7.574539250284554, 33.60480885916489], [-7.582620983015254, 33.604901731684784], [-7.5827316388405945, 33.59813918008592], [-7.5746505365374786, 33.59804633120836]]]}, "properties": {"score": 47.67078507870029, "avg_travel_time_min": 31.397528988152004, "population": 8635.81927, "origin_count": 80, "grid_size_m": 750}}, {"type": "Feature", "geometry": {"type": "Polygon", "coordinates": [[[-7.574539250284554, 33.60480885916489], [-7.574427926883773, 33.611571379391265], [-7.582510290252378, 33.61166427555711], [-7.582620983015254, 33.604901731684784], [-7.574539250284554, 33.60480885916489]]]}, "properties": {"score": 50.213010802569926, "avg_travel_time_min": 29.87219373120808, "population": 1898.023912, "origin_count": 33, "grid_size_m": 750}}, {"type": "Feature", "geometry": {"type": "Polygon", "coordinates": [[[-7.570573690173784, 33.35449766084293], [-7.5704631105737805, 33.36126044286488], [-7.578522243169543, 33.36135298941522], [-7.5786321998809765, 33.35459018374673], [-7.570573690173784, 33.35449766084293]]]}, "properties": {"score": 0.0, "avg_travel_time_min": 134.80983292661563, "population": 39.680682600000004, "origin_count": 7, "grid_size_m": 750}}, {"type": "Feature", "geometry": {"type": "Polygon", "coordinates": [[[-7.5704631105737805, 33.36126044286488], [-7.570352494037343, 33.36802321718417], [-7.578412249729618, 33.36811578738464], [-7.578522243169543, 33.36135298941522], [-7.5704631105737805, 33.36126044286488]]]}, "properties": {"score": 0.0, "avg_travel_time_min": 129.9969111143459, "population": 653.796694, "origin_count": 78, "grid_size_m": 750}}, {"type": "Feature", "geometry": {"type": "Polygon", "coordinates": [[[-7.570352494037343, 33.36802321718417], [-7.5702418405528595, 33.37478598379992], [-7.578302219549653, 33.374878577654115], [-7.578412249729618, 33.36811578738464], [-7.570352494037343, 33.36802321718417]]]}, "properties": {"score": 0.0, "avg_travel_time_min": 127.0804793256553, "population": 659.3684473000002, "origin_count": 76, "grid_size_m": 750}}, {"type": "Feature", "geometry": {"type": "Polygon", "coordinates": [[[-7.5702418405528595, 33.37478598379992], [-7.570131150108716, 33.38154874271128], [-7.578192152618101, 33.38164136022279], [-7.578302219549653, 33.374878577654115], [-7.5702418405528595, 33.37478598379992]]]}, "properties": {"score": 0.0, "avg_travel_time_min": 126.32805704140473, "population": 285.8163662, "origin_count": 51, "grid_size_m": 750}}, {"type": "Feature", "geometry": {"type": "Polygon", "coordinates": [[[-7.570131150108716, 33.38154874271128], [-7.570020422693287, 33.38831149391737], [-7.5780820489234015, 33.38840413508978], [-7.578192152618101, 33.38164136022279], [-7.570131150108716, 33.38154874271128]]]}, "properties": {"score": 0.0, "avg_travel_time_min": 124.23807740246397, "population": 346.97083390000006, "origin_count": 55, "grid_size_m": 750}}, {"type": "Feature", "geometry": {"type": "Polygon", "coordinates": [[[-7.570020422693287, 33.38831149391737], [-7.5699096582949466, 33.3950742374173], [-7.577971908453993, 33.3951669022542], [-7.5780820489234015, 33.38840413508978], [-7.570020422693287, 33.38831149391737]]]}, "properties": {"score": 0.0, "avg_travel_time_min": 121.71091254040026, "population": 58.7265845, "origin_count": 10, "grid_size_m": 750}}, {"type": "Feature", "geometry": {"type": "Polygon", "coordinates": [[[-7.568577596606857, 33.47622655802134], [-7.56846635036977, 33.48298920126243], [-7.576536730581211, 33.483082174065395], [-7.576647350176763, 33.47631950711297], [-7.568577596606857, 33.47622655802134]]]}, "properties": {"score": 8.484191024097571, "avg_travel_time_min": 54.90948520592757, "population": 45.9454614, "origin_count": 8, "grid_size_m": 750}}, {"type": "Feature", "geometry": {"type": "Polygon", "coordinates": [[[-7.56846635036977, 33.48298920126243], [-7.56835506698635, 33.48975183678522], [-7.576426074048449, 33.48984483330314], [-7.576536730581211, 33.483082174065395], [-7.56846635036977, 33.48298920126243]]]}, "properties": {"score": 6.394480298817975, "avg_travel_time_min": 56.16331184030673, "population": 287.3479642, "origin_count": 36, "grid_size_m": 750}}, {"type": "Feature", "geometry": {"type": "Polygon", "coordinates": [[[-7.56824374644488, 33.49651446458886], [-7.568132388733636, 33.50327708467249], [-7.576204650124676, 33.50337012863116], [-7.576315380566822, 33.49660748482535], [-7.56824374644488, 33.49651446458886]]]}, "properties": {"score": 0.0, "avg_travel_time_min": 72.19085596462, "population": 336.3920198, "origin_count": 52, "grid_size_m": 750}}, {"type": "Feature", "geometry": {"type": "Polygon", "coordinates": [[[-7.568132388733636, 33.50327708467249], [-7.568020993840887, 33.51003969703524], [-7.576093882710344, 33.510132764719714], [-7.576204650124676, 33.50337012863116], [-7.568132388733636, 33.50327708467249]]]}, "properties": {"score": 0.0, "avg_travel_time_min": 67.41276192489237, "population": 906.8099754000002, "origin_count": 85, "grid_size_m": 750}}, {"type": "Feature", "geometry": {"type": "Polygon", "coordinates": [[[-7.568020993840887, 33.51003969703524], [-7.567909561754898, 33.51680230167625], [-7.575983078312158, 33.516895393090145], [-7.576093882710344, 33.510132764719714], [-7.568020993840887, 33.51003969703524]]]}, "properties": {"score": 0.05127598257263966, "avg_travel_time_min": 81.92866575487686, "population": 2212.793444, "origin_count": 80, "grid_size_m": 750}}, {"type": "Feature", "geometry": {"type": "Polygon", "coordinates": [[[-7.567909561754898, 33.51680230167625], [-7.56779809246393, 33.52356489859466], [-7.575872236918443, 33.5236580137416], [-7.575983078312158, 33.516895393090145], [-7.567909561754898, 33.51680230167625]]]}, "properties": {"score": 10.266905190630704, "avg_travel_time_min": 74.57672537425914, "population": 3864.361836, "origin_count": 80, "grid_size_m": 750}}, {"type": "Feature", "geometry": {"type": "Polygon", "coordinates": [[[-7.56779809246393, 33.52356489859466], [-7.567686585956231, 33.53032748778958], [-7.575761358517518, 33.5304206266732], [-7.575872236918443, 33.5236580137416], [-7.56779809246393, 33.52356489859466]]]}, "properties": {"score": 37.40309322833575, "avg_travel_time_min": 37.558143863558556, "population": 8328.198196, "origin_count": 75, "grid_size_m": 750}}, {"type": "Feature", "geometry": {"type": "Polygon", "coordinates": [[[-7.567686585956231, 33.53032748778958], [-7.567575042220051, 33.537090069260195], [-7.575650443097693, 33.53718323188408], [-7.575761358517518, 33.5304206266732], [-7.567686585956231, 33.53032748778958]]]}, "properties": {"score": 53.62697354061343, "avg_travel_time_min": 27.82381609806915, "population": 8728.100357, "origin_count": 72, "grid_size_m": 750}}, {"type": "Feature", "geometry": {"type": "Polygon", "coordinates": [[[-7.567575042220051, 33.537090069260195], [-7.567463461243631, 33.5438526430056], [-7.575539490647277, 33.54394582937341], [-7.575650443097693, 33.53718323188408], [-7.567575042220051, 33.537090069260195]]]}, "properties": {"score": 54.79509824490302, "avg_travel_time_min": 27.122941291199492, "population": 11352.964274000002, "origin_count": 75, "grid_size_m": 750}}, {"type": "Feature", "geometry": {"type": "Polygon", "coordinates": [[[-7.567463461243631, 33.5438526430056], [-7.567351843015203, 33.55061520902494], [-7.57542850115457, 33.55070841914031], [-7.575539490647277, 33.54394582937341], [-7.567463461243631, 33.5438526430056]]]}, "properties": {"score": 63.50848833207805, "avg_travel_time_min": 21.89490705689088, "population": 12877.488806, "origin_count": 80, "grid_size_m": 750}}, {"type": "Feature", "geometry": {"type": "Polygon", "coordinates": [[[-7.567351843015203, 33.55061520902494], [-7.567240187522997, 33.55737776731738], [-7.575317474607867, 33.557471001183906], [-7.57542850115457, 33.55070841914031], [-7.567351843015203, 33.55061520902494]]]}, "properties": {"score": 70.49867975589802, "avg_travel_time_min": 17.70079200555308, "population": 13408.082003, "origin_count": 80, "grid_size_m": 750}}, {"type": "Feature", "geometry": {"type": "Polygon", "coordinates": [[[-7.567240187522997, 33.55737776731738], [-7.567128494755235, 33.56414031788203], [-7.575206410995455, 33.56423357550336], [-7.575317474607867, 33.557471001183906], [-7.567240187522997, 33.55737776731738]]]}, "properties": {"score": 71.71262645805709, "avg_travel_time_min": 16.972424179021193, "population": 25766.87185, "origin_count": 87, "grid_size_m": 750}}, {"type": "Feature", "geometry": {"type": "Polygon", "coordinates": [[[-7.567128494755235, 33.56414031788203], [-7.567016764700135, 33.57090286071805], [-7.57509531030562, 33.57099614209781], [-7.575206410995455, 33.56423357550336], [-7.567128494755235, 33.56414031788203]]]}, "properties": {"score": 63.64710822858479, "avg_travel_time_min": 21.811734819911987, "population": 17087.267279, "origin_count": 83, "grid_size_m": 750}}, {"type": "Feature", "geometry": {"type": "Polygon", "coordinates": [[[-7.567016764700135, 33.57090286071805], [-7.566904997345906, 33.57766539582457], [-7.574984172526638, 33.577758700966406], [-7.57509531030562, 33.57099614209781], [-7.567016764700135, 33.57090286071805]]]}, "properties": {"score": 61.29723425800006, "avg_travel_time_min": 23.221659155441564, "population": 2353.920840500001, "origin_count": 79, "grid_size_m": 750}}, {"type": "Feature", "geometry": {"type": "Polygon", "coordinates": [[[-7.566904997345906, 33.57766539582457], [-7.566793192680753, 33.584427923200714], [-7.574872997646778, 33.58452125210825], [-7.574984172526638, 33.577758700966406], [-7.566904997345906, 33.57766539582457]]]}, "properties": {"score": 67.4578268527953, "avg_travel_time_min": 19.525304073882456, "population": 5120.5459224999995, "origin_count": 72, "grid_size_m": 750}}, {"type": "Feature", "geometry": {"type": "Polygon", "coordinates": [[[-7.566793192680753, 33.584427923200714], [-7.566681350692874, 33.59119044284565], [-7.574761785654305, 33.59128379552253], [-7.574872997646778, 33.58452125210825], [-7.566793192680753, 33.584427923200714]]]}, "properties": {"score": 61.12962064039909, "avg_travel_time_min": 23.322227755120224, "population": 8798.682545, "origin_count": 72, "grid_size_m": 750}}, {"type": "Feature", "geometry": {"type": "Polygon", "coordinates": [[[-7.566681350692874, 33.59119044284565], [-7.566569471370464, 33.597952954758505], [-7.5746505365374786, 33.59804633120836], [-7.574761785654305, 33.59128379552253], [-7.566681350692874, 33.59119044284565]]]}, "properties": {"score": 54.22433818733512, "avg_travel_time_min": 27.46539726513521, "population": 9904.283344, "origin_count": 79, "grid_size_m": 750}}, {"type": "Feature", "geometry": {"type": "Polygon", "coordinates": [[[-7.566569471370464, 33.597952954758505], [-7.566457554701705, 33.60471545893842], [-7.574539250284554, 33.60480885916489], [-7.5746505365374786, 33.59804633120836], [-7.566569471370464, 33.597952954758505]]]}, "properties": {"score": 46.100520491303314, "avg_travel_time_min": 32.339687803175266, "population": 10236.620169000002, "origin_count": 80, "grid_size_m": 750}}, {"type": "Feature", "geometry": {"type": "Polygon", "coordinates": [[[-7.566457554701705, 33.60471545893842], [-7.56634560067478, 33.61147795538454], [-7.574427926883773, 33.611571379391265], [-7.574539250284554, 33.60480885916489], [-7.566457554701705, 33.60471545893842]]]}, "properties": {"score": 46.87985232589781, "avg_travel_time_min": 31.872088426949755, "population": 5159.337791, "origin_count": 70, "grid_size_m": 750}}, {"type": "Feature", "geometry": {"type": "Polygon", "coordinates": [[[-7.56634560067478, 33.61147795538454], [-7.566233609277865, 33.618240444096], [-7.5743165663233825, 33.61833389188663], [-7.574427926883773, 33.611571379391265], [-7.56634560067478, 33.61147795538454]]]}, "properties": {"score": 41.13524034344845, "avg_travel_time_min": 35.31885544730031, "population": 171.95573000000002, "origin_count": 3, "grid_size_m": 750}}, {"type": "Feature", "geometry": {"type": "Polygon", "coordinates": [[[-7.562404014914452, 33.361167373437446], [-7.562292775293113, 33.367930123973025], [-7.570352494037343, 33.36802321718417], [-7.5704631105737805, 33.36126044286488], [-7.562404014914452, 33.361167373437446]]]}, "properties": {"score": 0.0, "avg_travel_time_min": 121.09661449272431, "population": 74.5002559, "origin_count": 13, "grid_size_m": 750}}, {"type": "Feature", "geometry": {"type": "Polygon", "coordinates": [[[-7.562292775293113, 33.367930123973025], [-7.562181498515728, 33.37469286680148], [-7.5702418405528595, 33.37478598379992], [-7.570352494037343, 33.36802321718417], [-7.562292775293113, 33.367930123973025]]]}, "properties": {"score": 0.0, "avg_travel_time_min": 114.36249241469385, "population": 421.61294569999995, "origin_count": 66, "grid_size_m": 750}}, {"type": "Feature", "geometry": {"type": "Polygon", "coordinates": [[[-7.562181498515728, 33.37469286680148], [-7.562070184570614, 33.38145560192191], [-7.570131150108716, 33.38154874271128], [-7.5702418405528595, 33.37478598379992], [-7.562181498515728, 33.37469286680148]]]}, "properties": {"score": 0.0, "avg_travel_time_min": 115.20655755361122, "population": 393.0979564999999, "origin_count": 63, "grid_size_m": 750}}, {"type": "Feature", "geometry": {"type": "Polygon", "coordinates": [[[-7.562070184570614, 33.38145560192191], [-7.561958833446084, 33.38821832933347], [-7.570020422693287, 33.38831149391737], [-7.570131150108716, 33.38154874271128], [-7.562070184570614, 33.38145560192191]]]}, "properties": {"score": 0.0, "avg_travel_time_min": 114.64575064210315, "population": 392.3561996, "origin_count": 66, "grid_size_m": 750}}, {"type": "Feature", "geometry": {"type": "Polygon", "coordinates": [[[-7.561958833446084, 33.38821832933347], [-7.561847445130446, 33.39498104903525], [-7.5699096582949466, 33.3950742374173], [-7.570020422693287, 33.38831149391737], [-7.561958833446084, 33.38821832933347]]]}, "properties": {"score": 0.0, "avg_travel_time_min": 111.60604985705326, "population": 394.0436514, "origin_count": 56, "grid_size_m": 750}}, {"type": "Feature", "geometry": {"type": "Polygon", "coordinates": [[[-7.560619715694809, 33.469370456662276], [-7.560507880171571, 33.47613308377915], [-7.568577596606857, 33.47622655802134], [-7.56868880570932, 33.46946390706284], [-7.560619715694809, 33.469370456662276]]]}, "properties": {"score": 0.0, "avg_travel_time_min": 77.12471888503003, "population": 21.7680132, "origin_count": 4, "grid_size_m": 750}}, {"type": "Feature", "geometry": {"type": "Polygon", "coordinates": [[[-7.560507880171571, 33.47613308377915], [-7.560396007304662, 33.48289570317499], [-7.56846635036977, 33.48298920126243], [-7.568577596606857, 33.47622655802134], [-7.560507880171571, 33.47613308377915]]]}, "properties": {"score": 0.0, "avg_travel_time_min": 75.16864002120097, "population": 141.5101906, "origin_count": 23, "grid_size_m": 750}}, {"type": "Feature", "geometry": {"type": "Polygon", "coordinates": [[[-7.560284097082304, 33.48965831484889], [-7.560172149492711, 33.49642091880002], [-7.56824374644488, 33.49651446458886], [-7.56835506698635, 33.48975183678522], [-7.560284097082304, 33.48965831484889]]]}, "properties": {"score": 0.0, "avg_travel_time_min": 73.36628945899521, "population": 31.3680304, "origin_count": 6, "grid_size_m": 750}}, {"type": "Feature", "geometry": {"type": "Polygon", "coordinates": [[[-7.560172149492711, 33.49642091880002], [-7.560060164524099, 33.50318351502748], [-7.568132388733636, 33.50327708467249], [-7.56824374644488, 33.49651446458886], [-7.560172149492711, 33.49642091880002]]]}, "properties": {"score": 0.02252622974951059, "avg_travel_time_min": 66.39565618953715, "population": 371.1604148, "origin_count": 58, "grid_size_m": 750}}, {"type": "Feature", "geometry": {"type": "Polygon", "coordinates": [[[-7.560060164524099, 33.50318351502748], [-7.559948142164669, 33.50994610353044], [-7.568020993840887, 33.51003969703524], [-7.568132388733636, 33.50327708467249], [-7.560060164524099, 33.50318351502748]]]}, "properties": {"score": 2.1883413761656527, "avg_travel_time_min": 60.32411851592283, "population": 752.2155916, "origin_count": 79, "grid_size_m": 750}}, {"type": "Feature", "geometry": {"type": "Polygon", "coordinates": [[[-7.559948142164669, 33.50994610353044], [-7.559836082402618, 33.516708684308], [-7.567909561754898, 33.51680230167625], [-7.568020993840887, 33.51003969703524], [-7.559948142164669, 33.50994610353044]]]}, "properties": {"score": 3.758721530752554, "avg_travel_time_min": 61.004663714073004, "population": 2570.6379345000005, "origin_count": 86, "grid_size_m": 750}}, {"type": "Feature", "geometry": {"type": "Polygon", "coordinates": [[[-7.559836082402618, 33.516708684308], [-7.559723985226142, 33.523471257359326], [-7.56779809246393, 33.52356489859466], [-7.567909561754898, 33.51680230167625], [-7.559836082402618, 33.516708684308]]]}, "properties": {"score": 0.5849013767925391, "avg_travel_time_min": 87.89880063437111, "population": 5131.252454, "origin_count": 80, "grid_size_m": 750}}, {"type": "Feature", "geometry": {"type": "Polygon", "coordinates": [[[-7.559723985226142, 33.523471257359326], [-7.559611850623426, 33.53023382268353], [-7.567686585956231, 33.53032748778958], [-7.56779809246393, 33.52356489859466], [-7.559723985226142, 33.523471257359326]]]}, "properties": {"score": 17.068221646023762, "avg_travel_time_min": 63.75083100282861, "population": 5655.9774130000005, "origin_count": 80, "grid_size_m": 750}}, {"type": "Feature", "geometry": {"type": "Polygon", "coordinates": [[[-7.559611850623426, 33.53023382268353], [-7.559499678582651, 33.53699638027976], [-7.567575042220051, 33.537090069260195], [-7.567686585956231, 33.53032748778958], [-7.559611850623426, 33.53023382268353]]]}, "properties": {"score": 41.104984480203676, "avg_travel_time_min": 35.337009185260605, "population": 4261.370843, "origin_count": 80, "grid_size_m": 750}}, {"type": "Feature", "geometry": {"type": "Polygon", "coordinates": [[[-7.559499678582651, 33.53699638027976], [-7.55938746909199, 33.54375893014715], [-7.567463461243631, 33.5438526430056], [-7.567575042220051, 33.537090069260195], [-7.559499678582651, 33.53699638027976]]]}, "properties": {"score": 52.77935095316428, "avg_travel_time_min": 28.332389502007068, "population": 5857.582542, "origin_count": 77, "grid_size_m": 750}}, {"type": "Feature", "geometry": {"type": "Polygon", "coordinates": [[[-7.55938746909199, 33.54375893014715], [-7.559275222139614, 33.550521472284835], [-7.567351843015203, 33.55061520902494], [-7.567463461243631, 33.5438526430056], [-7.55938746909199, 33.54375893014715]]]}, "properties": {"score": 62.91751752512827, "avg_travel_time_min": 22.24948939295875, "population": 4637.070473000001, "origin_count": 72, "grid_size_m": 750}}, {"type": "Feature", "geometry": {"type": "Polygon", "coordinates": [[[-7.559275222139614, 33.550521472284835], [-7.559162937713682, 33.557284006691965], [-7.567240187522997, 33.55737776731738], [-7.567351843015203, 33.55061520902494], [-7.559275222139614, 33.550521472284835]]]}, "properties": {"score": 64.85063455998737, "avg_travel_time_min": 21.08961919774376, "population": 6810.397016, "origin_count": 72, "grid_size_m": 750}}, {"type": "Feature", "geometry": {"type": "Polygon", "coordinates": [[[-7.559162937713682, 33.557284006691965], [-7.559050615802354, 33.564046533367645], [-7.567128494755235, 33.56414031788203], [-7.567240187522997, 33.55737776731738], [-7.559162937713682, 33.557284006691965]]]}, "properties": {"score": 73.59532852409703, "avg_travel_time_min": 15.842803055605089, "population": 24699.29646, "origin_count": 80, "grid_size_m": 750}}, {"type": "Feature", "geometry": {"type": "Polygon", "coordinates": [[[-7.559050615802354, 33.564046533367645], [-7.558938256393778, 33.570809052311056], [-7.567016764700135, 33.57090286071805], [-7.567128494755235, 33.56414031788203], [-7.559050615802354, 33.564046533367645]]]}, "properties": {"score": 65.00189338148782, "avg_travel_time_min": 20.99886417343077, "population": 26352.832179999998, "origin_count": 87, "grid_size_m": 750}}, {"type": "Feature", "geometry": {"type": "Polygon", "coordinates": [[[-7.558938256393778, 33.570809052311056], [-7.558825859476097, 33.5775715635213], [-7.566904997345906, 33.57766539582457], [-7.567016764700135, 33.57090286071805], [-7.558938256393778, 33.570809052311056]]]}, "properties": {"score": 64.54523844797555, "avg_travel_time_min": 21.27285664549728, "population": 10131.434592000001, "origin_count": 83, "grid_size_m": 750}}, {"type": "Feature", "geometry": {"type": "Polygon", "coordinates": [[[-7.558825859476097, 33.5775715635213], [-7.558713425037453, 33.58433406699753], [-7.566793192680753, 33.584427923200714], [-7.566904997345906, 33.57766539582457], [-7.558825859476097, 33.5775715635213]]]}, "properties": {"score": 68.5448132565417, "avg_travel_time_min": 18.873111984528535, "population": 10895.928566999999, "origin_count": 80, "grid_size_m": 750}}, {"type": "Feature", "geometry": {"type": "Polygon", "coordinates": [[[-7.558713425037453, 33.58433406699753], [-7.558600953065976, 33.591096562738876], [-7.566681350692874, 33.59119044284565], [-7.566793192680753, 33.584427923200714], [-7.558713425037453, 33.58433406699753]]]}, "properties": {"score": 61.95466712344866, "avg_travel_time_min": 22.82719969900102, "population": 6686.025462, "origin_count": 80, "grid_size_m": 750}}, {"type": "Feature", "geometry": {"type": "Polygon", "coordinates": [[[-7.558600953065976, 33.591096562738876], [-7.558488443549792, 33.597859050744496], [-7.566569471370464, 33.597952954758505], [-7.566681350692874, 33.59119044284565], [-7.558600953065976, 33.591096562738876]]]}, "properties": {"score": 51.66510442476671, "avg_travel_time_min": 29.00093745667545, "population": 4536.466106999999, "origin_count": 73, "grid_size_m": 750}}, {"type": "Feature", "geometry": {"type": "Polygon", "coordinates": [[[-7.558488443549792, 33.597859050744496], [-7.558375896477021, 33.60462153101352], [-7.566457554701705, 33.60471545893842], [-7.566569471370464, 33.597952954758505], [-7.558488443549792, 33.597859050744496]]]}, "properties": {"score": 49.65139607551957, "avg_travel_time_min": 30.209162258347906, "population": 8367.301198000001, "origin_count": 72, "grid_size_m": 750}}, {"type": "Feature", "geometry": {"type": "Polygon", "coordinates": [[[-7.558375896477021, 33.60462153101352], [-7.558263311835778, 33.61138400354506], [-7.56634560067478, 33.61147795538454], [-7.566457554701705, 33.60471545893842], [-7.558375896477021, 33.60462153101352]]]}, "properties": {"score": 55.84779647574668, "avg_travel_time_min": 26.491321901005794, "population": 8234.653103999999, "origin_count": 77, "grid_size_m": 750}}, {"type": "Feature", "geometry": {"type": "Polygon", "coordinates": [[[-7.558263311835778, 33.61138400354506], [-7.558150689614171, 33.61814646833831], [-7.566233609277865, 33.618240444096], [-7.56634560067478, 33.61147795538454], [-7.558263311835778, 33.61138400354506]]]}, "properties": {"score": 49.587758560398385, "avg_travel_time_min": 30.247344939149052, "population": 2143.1957689999995, "origin_count": 30, "grid_size_m": 750}}, {"type": "Feature", "geometry": {"type": "Polygon", "coordinates": [[[-7.554568569743458, 33.34754830477556], [-7.554456781741758, 33.35431104681278], [-7.562515217391421, 33.3544046151956], [-7.56262638273569, 33.34764184924835], [-7.554568569743458, 33.34754830477556]]]}, "properties": {"score": 0.0, "avg_travel_time_min": 133.7741716204482, "population": 21.143817, "origin_count": 2, "grid_size_m": 750}}, {"type": "Feature", "geometry": {"type": "Polygon", "coordinates": [[[-7.554233093704927, 33.36783650775929], [-7.554121193646321, 33.374599226666845], [-7.562181498515728, 33.37469286680148], [-7.562292775293113, 33.367930123973025], [-7.554233093704927, 33.36783650775929]]]}, "properties": {"score": 0.0, "avg_travel_time_min": 105.22047597292996, "population": 63.7716516, "origin_count": 11, "grid_size_m": 750}}, {"type": "Feature", "geometry": {"type": "Polygon", "coordinates": [[[-7.554121193646321, 33.374599226666845], [-7.554009256211927, 33.38136193786275], [-7.562070184570614, 33.38145560192191], [-7.562181498515728, 33.37469286680148], [-7.554121193646321, 33.374599226666845]]]}, "properties": {"score": 0.0, "avg_travel_time_min": 105.3659717076327, "population": 27.991843, "origin_count": 5, "grid_size_m": 750}}, {"type": "Feature", "geometry": {"type": "Polygon", "coordinates": [[[-7.554009256211927, 33.38136193786275], [-7.5538972813899905, 33.388124641346145], [-7.561958833446084, 33.38821832933347], [-7.562070184570614, 33.38145560192191], [-7.554009256211927, 33.38136193786275]]]}, "properties": {"score": 0.0, "avg_travel_time_min": 104.1074674782514, "population": 136.4248629, "origin_count": 22, "grid_size_m": 750}}, {"type": "Feature", "geometry": {"type": "Polygon", "coordinates": [[[-7.5538972813899905, 33.388124641346145], [-7.553785269168755, 33.39488733711613], [-7.561847445130446, 33.39498104903525], [-7.561958833446084, 33.38821832933347], [-7.5538972813899905, 33.388124641346145]]]}, "properties": {"score": 0.0, "avg_travel_time_min": 106.76439503542274, "population": 248.30183910000002, "origin_count": 39, "grid_size_m": 750}}, {"type": "Feature", "geometry": {"type": "Polygon", "coordinates": [[[-7.552550663012196, 33.469276481253175], [-7.552438201079957, 33.47603908439453], [-7.560507880171571, 33.47613308377915], [-7.560619715694809, 33.469370456662276], [-7.552550663012196, 33.469276481253175]]]}, "properties": {"score": 0.0, "avg_travel_time_min": 95.6298847314845, "population": 161.6625344, "origin_count": 28, "grid_size_m": 750}}, {"type": "Feature", "geometry": {"type": "Polygon", "coordinates": [[[-7.552438201079957, 33.47603908439453], [-7.552325701595002, 33.4828016798112], [-7.560396007304662, 33.48289570317499], [-7.560507880171571, 33.47613308377915], [-7.552438201079957, 33.47603908439453]]]}, "properties": {"score": 0.0, "avg_travel_time_min": 89.93034088978833, "population": 550.3474024000001, "origin_count": 74, "grid_size_m": 750}}, {"type": "Feature", "geometry": {"type": "Polygon", "coordinates": [[[-7.552325701595002, 33.4828016798112], [-7.5522131645454875, 33.48956426750229], [-7.560284097082304, 33.48965831484889], [-7.560396007304662, 33.48289570317499], [-7.552325701595002, 33.4828016798112]]]}, "properties": {"score": 0.0, "avg_travel_time_min": 85.22700208941467, "population": 23.3679465, "origin_count": 4, "grid_size_m": 750}}, {"type": "Feature", "geometry": {"type": "Polygon", "coordinates": [[[-7.552100589919564, 33.49632684746693], [-7.551987977705378, 33.50308941970426], [-7.560060164524099, 33.50318351502748], [-7.560172149492711, 33.49642091880002], [-7.552100589919564, 33.49632684746693]]]}, "properties": {"score": 4.367233432920775, "avg_travel_time_min": 58.40981604872145, "population": 54.665721399999995, "origin_count": 10, "grid_size_m": 750}}, {"type": "Feature", "geometry": {"type": "Polygon", "coordinates": [[[-7.551987977705378, 33.50308941970426], [-7.551875327891067, 33.50985198421343], [-7.559948142164669, 33.50994610353044], [-7.560060164524099, 33.50318351502748], [-7.551987977705378, 33.50308941970426]]]}, "properties": {"score": 19.463684619502715, "avg_travel_time_min": 48.32178920594053, "population": 532.5962799, "origin_count": 65, "grid_size_m": 750}}, {"type": "Feature", "geometry": {"type": "Polygon", "coordinates": [[[-7.551875327891067, 33.50985198421343], [-7.551762640464764, 33.51661454099354], [-7.559836082402618, 33.516708684308], [-7.559948142164669, 33.50994610353044], [-7.551875327891067, 33.50985198421343]]]}, "properties": {"score": 21.007511626967162, "avg_travel_time_min": 47.39549322655865, "population": 1836.5187439999997, "origin_count": 76, "grid_size_m": 750}}, {"type": "Feature", "geometry": {"type": "Polygon", "coordinates": [[[-7.551762640464764, 33.51661454099354], [-7.551649915414594, 33.523377090043745], [-7.559723985226142, 33.523471257359326], [-7.559836082402618, 33.516708684308], [-7.551762640464764, 33.51661454099354]]]}, "properties": {"score": 9.696263636853253, "avg_travel_time_min": 56.52099401341053, "population": 3522.449189, "origin_count": 79, "grid_size_m": 750}}, {"type": "Feature", "geometry": {"type": "Polygon", "coordinates": [[[-7.551649915414594, 33.523377090043745], [-7.551537152728681, 33.53013963136317], [-7.559611850623426, 33.53023382268353], [-7.559723985226142, 33.523471257359326], [-7.551649915414594, 33.523377090043745]]]}, "properties": {"score": 26.61232384902041, "avg_travel_time_min": 50.274390207522266, "population": 2438.809613, "origin_count": 80, "grid_size_m": 750}}, {"type": "Feature", "geometry": {"type": "Polygon", "coordinates": [[[-7.551537152728681, 33.53013963136317], [-7.551424352395133, 33.53690216495096], [-7.559499678582651, 33.53699638027976], [-7.559611850623426, 33.53023382268353], [-7.551537152728681, 33.53013963136317]]]}, "properties": {"score": 51.10441110590888, "avg_travel_time_min": 29.337353412740626, "population": 6428.945537, "origin_count": 80, "grid_size_m": 750}}, {"type": "Feature", "geometry": {"type": "Polygon", "coordinates": [[[-7.551424352395133, 33.53690216495096], [-7.551311514402066, 33.543664690806246], [-7.55938746909199, 33.54375893014715], [-7.559499678582651, 33.53699638027976], [-7.551424352395133, 33.53690216495096]]]}, "properties": {"score": 58.42737512734993, "avg_travel_time_min": 24.94357499077129, "population": 9592.117803000001, "origin_count": 80, "grid_size_m": 750}}, {"type": "Feature", "geometry": {"type": "Polygon", "coordinates": [[[-7.551311514402066, 33.543664690806246], [-7.551198638737577, 33.55042720892815], [-7.559275222139614, 33.550521472284835], [-7.55938746909199, 33.54375893014715], [-7.551311514402066, 33.543664690806246]]]}, "properties": {"score": 51.37465725606021, "avg_travel_time_min": 29.1752054055993, "population": 13129.836033999998, "origin_count": 80, "grid_size_m": 750}}, {"type": "Feature", "geometry": {"type": "Polygon", "coordinates": [[[-7.551198638737577, 33.55042720892815], [-7.551085725389766, 33.55718971931582], [-7.559162937713682, 33.557284006691965], [-7.559275222139614, 33.550521472284835], [-7.551198638737577, 33.55042720892815]]]}, "properties": {"score": 59.12000893933911, "avg_travel_time_min": 24.527994634661386, "population": 23783.330624000002, "origin_count": 80, "grid_size_m": 750}}, {"type": "Feature", "geometry": {"type": "Polygon", "coordinates": [[[-7.551085725389766, 33.55718971931582], [-7.550972774346719, 33.56395222196838], [-7.559050615802354, 33.564046533367645], [-7.559162937713682, 33.557284006691965], [-7.551085725389766, 33.55718971931582]]]}, "properties": {"score": 68.33400640657112, "avg_travel_time_min": 18.999596329744758, "population": 28901.05677, "origin_count": 72, "grid_size_m": 750}}, {"type": "Feature", "geometry": {"type": "Polygon", "coordinates": [[[-7.550972774346719, 33.56395222196838], [-7.550859785596522, 33.570714716884986], [-7.558938256393778, 33.570809052311056], [-7.559050615802354, 33.564046533367645], [-7.550972774346719, 33.56395222196838]]]}, "properties": {"score": 67.63900760240584, "avg_travel_time_min": 19.41659545198174, "population": 24739.9299, "origin_count": 72, "grid_size_m": 750}}, {"type": "Feature", "geometry": {"type": "Polygon", "coordinates": [[[-7.550859785596522, 33.570714716884986], [-7.550746759127255, 33.57747720406477], [-7.558825859476097, 33.5775715635213], [-7.558938256393778, 33.570809052311056], [-7.550859785596522, 33.570714716884986]]]}, "properties": {"score": 73.11700042482698, "avg_travel_time_min": 16.129799689555956, "population": 20748.281049999998, "origin_count": 85, "grid_size_m": 750}}, {"type": "Feature", "geometry": {"type": "Polygon", "coordinates": [[[-7.550746759127255, 33.57747720406477], [-7.550633694926986, 33.584239683506844], [-7.558713425037453, 33.58433406699753], [-7.558825859476097, 33.5775715635213], [-7.550746759127255, 33.57747720406477]]]}, "properties": {"score": 68.587880931143, "avg_travel_time_min": 18.84727176331707, "population": 12032.340375, "origin_count": 83, "grid_size_m": 750}}, {"type": "Feature", "geometry": {"type": "Polygon", "coordinates": [[[-7.550633694926986, 33.584239683506844], [-7.550520592983783, 33.59100215521038], [-7.558600953065976, 33.591096562738876], [-7.558713425037453, 33.58433406699753], [-7.550633694926986, 33.584239683506844]]]}, "properties": {"score": 59.64063497381844, "avg_travel_time_min": 24.21561904657771, "population": 5984.770358, "origin_count": 80, "grid_size_m": 750}}, {"type": "Feature", "geometry": {"type": "Polygon", "coordinates": [[[-7.550520592983783, 33.59100215521038], [-7.550407453285707, 33.5977646191745], [-7.558488443549792, 33.597859050744496], [-7.558600953065976, 33.591096562738876], [-7.550520592983783, 33.59100215521038]]]}, "properties": {"score": 59.94273491914342, "avg_travel_time_min": 24.034359093656374, "population": 4477.742141, "origin_count": 80, "grid_size_m": 750}}, {"type": "Feature", "geometry": {"type": "Polygon", "coordinates": [[[-7.550407453285707, 33.5977646191745], [-7.550294275820809, 33.60452707539833], [-7.558375896477021, 33.60462153101352], [-7.558488443549792, 33.597859050744496], [-7.550407453285707, 33.5977646191745]]]}, "properties": {"score": 58.92133362483266, "avg_travel_time_min": 24.64719977402984, "population": 8374.590809000001, "origin_count": 79, "grid_size_m": 750}}, {"type": "Feature", "geometry": {"type": "Polygon", "coordinates": [[[-7.550294275820809, 33.60452707539833], [-7.55018106057714, 33.61128952388102], [-7.558263311835778, 33.61138400354506], [-7.558375896477021, 33.60462153101352], [-7.550294275820809, 33.60452707539833]]]}, "properties": {"score": 60.86896752949282, "avg_travel_time_min": 23.478619516404272, "population": 8612.847144000001, "origin_count": 75, "grid_size_m": 750}}, {"type": "Feature", "geometry": {"type": "Polygon", "coordinates": [[[-7.55018106057714, 33.61128952388102], [-7.550067807542737, 33.61805196462172], [-7.558150689614171, 33.61814646833831], [-7.558263311835778, 33.61138400354506], [-7.55018106057714, 33.61128952388102]]]}, "properties": {"score": 52.410820984601344, "avg_travel_time_min": 28.55350745667065, "population": 5791.848439000001, "origin_count": 70, "grid_size_m": 750}}, {"type": "Feature", "geometry": {"type": "Polygon", "coordinates": [[[-7.550067807542737, 33.61805196462172], [-7.549954516705639, 33.62481439761955], [-7.5580380298003, 33.62490892539237], [-7.558150689614171, 33.61814646833831], [-7.550067807542737, 33.61805196462172]]]}, "properties": {"score": 50.21305686125266, "avg_travel_time_min": 29.872166024288774, "population": 474.136933, "origin_count": 10, "grid_size_m": 750}}, {"type": "Feature", "geometry": {"type": "Polygon", "coordinates": [[[-7.546623167190833, 33.34069151200346], [-7.54651079408006, 33.34745423770893], [-7.554568569743458, 33.34754830477556], [-7.554680320416324, 33.34078555503019], [-7.546623167190833, 33.34069151200346]]]}, "properties": {"score": 0.0, "avg_travel_time_min": 137.92757668185195, "population": 139.95668310000002, "origin_count": 21, "grid_size_m": 750}}, {"type": "Feature", "geometry": {"type": "Polygon", "coordinates": [[[-7.54651079408006, 33.34745423770893], [-7.546398383432657, 33.35421695570262], [-7.554456781741758, 33.35431104681278], [-7.554568569743458, 33.34754830477556], [-7.54651079408006, 33.34745423770893]]]}, "properties": {"score": 0.0, "avg_travel_time_min": 131.79770679437382, "population": 463.942228, "origin_count": 42, "grid_size_m": 750}}, {"type": "Feature", "geometry": {"type": "Polygon", "coordinates": [[[-7.546285935236832, 33.36097966598362], [-7.546173449480783, 33.3677423685511], [-7.554233093704927, 33.36783650775929], [-7.5543449563994916, 33.36107378114099], [-7.546285935236832, 33.36097966598362]]]}, "properties": {"score": 0.0, "avg_travel_time_min": 105.65629999999999, "population": 5.1845536, "origin_count": 1, "grid_size_m": 750}}, {"type": "Feature", "geometry": {"type": "Polygon", "coordinates": [[[-7.5448206864071565, 33.44889419738622], [-7.544707711291617, 33.4556567995981], [-7.552775474265874, 33.45575125179979], [-7.552887823610965, 33.448988625489505], [-7.5448206864071565, 33.44889419738622]]]}, "properties": {"score": 0.0, "avg_travel_time_min": 93.79184218297519, "population": 95.8486337, "origin_count": 16, "grid_size_m": 750}}, {"type": "Feature", "geometry": {"type": "Polygon", "coordinates": [[[-7.544707711291617, 33.4556567995981], [-7.544594698450017, 33.46241939408422], [-7.552663087403559, 33.462513870387966], [-7.552775474265874, 33.45575125179979], [-7.544707711291617, 33.4556567995981]]]}, "properties": {"score": 0.0, "avg_travel_time_min": 94.45855725262638, "population": 130.1510839, "origin_count": 22, "grid_size_m": 750}}, {"type": "Feature", "geometry": {"type": "Polygon", "coordinates": [[[-7.544481647870462, 33.46918198084371], [-7.544368559541058, 33.475944559875664], [-7.552438201079957, 33.47603908439453], [-7.552550663012196, 33.469276481253175], [-7.544481647870462, 33.46918198084371]]]}, "properties": {"score": 0.0, "avg_travel_time_min": 103.37265372491765, "population": 26.9260886, "origin_count": 5, "grid_size_m": 750}}, {"type": "Feature", "geometry": {"type": "Polygon", "coordinates": [[[-7.544368559541058, 33.475944559875664], [-7.544255433449901, 33.482707131179254], [-7.552325701595002, 33.4828016798112], [-7.552438201079957, 33.47603908439453], [-7.544368559541058, 33.475944559875664]]]}, "properties": {"score": 0.0, "avg_travel_time_min": 101.11918503414395, "population": 225.3962219, "origin_count": 34, "grid_size_m": 750}}, {"type": "Feature", "geometry": {"type": "Polygon", "coordinates": [[[-7.544255433449901, 33.482707131179254], [-7.544142269585079, 33.48946969475359], [-7.5522131645454875, 33.48956426750229], [-7.552325701595002, 33.4828016798112], [-7.544255433449901, 33.482707131179254]]]}, "properties": {"score": 0.0, "avg_travel_time_min": 79.06446945661061, "population": 225.2205049, "origin_count": 36, "grid_size_m": 750}}, {"type": "Feature", "geometry": {"type": "Polygon", "coordinates": [[[-7.544142269585079, 33.48946969475359], [-7.54402906793468, 33.49623225059781], [-7.552100589919564, 33.49632684746693], [-7.5522131645454875, 33.48956426750229], [-7.544142269585079, 33.48946969475359]]]}, "properties": {"score": 0.0, "avg_travel_time_min": 66.5428299891098, "population": 440.5223229, "origin_count": 63, "grid_size_m": 750}}, {"type": "Feature", "geometry": {"type": "Polygon", "coordinates": [[[-7.54402906793468, 33.49623225059781], [-7.5439158284867815, 33.50299479871103], [-7.551987977705378, 33.50308941970426], [-7.552100589919564, 33.49632684746693], [-7.54402906793468, 33.49623225059781]]]}, "properties": {"score": 8.549510242467479, "avg_travel_time_min": 54.92987029549441, "population": 553.331399, "origin_count": 67, "grid_size_m": 750}}, {"type": "Feature", "geometry": {"type": "Polygon", "coordinates": [[[-7.5439158284867815, 33.50299479871103], [-7.543802551229457, 33.50975733909241], [-7.551875327891067, 33.50985198421343], [-7.551987977705378, 33.50308941970426], [-7.5439158284867815, 33.50299479871103]]]}, "properties": {"score": 27.783711729200647, "avg_travel_time_min": 43.32977306579999, "population": 824.0916252, "origin_count": 80, "grid_size_m": 750}}, {"type": "Feature", "geometry": {"type": "Polygon", "coordinates": [[[-7.543802551229457, 33.50975733909241], [-7.543689236150774, 33.51651987174106], [-7.551762640464764, 33.51661454099354], [-7.551875327891067, 33.50985198421343], [-7.543802551229457, 33.50975733909241]]]}, "properties": {"score": 35.60267622444688, "avg_travel_time_min": 38.638394203028746, "population": 759.255186, "origin_count": 76, "grid_size_m": 750}}, {"type": "Feature", "geometry": {"type": "Polygon", "coordinates": [[[-7.543689236150774, 33.51651987174106], [-7.543575883238791, 33.523282396656114], [-7.551649915414594, 33.523377090043745], [-7.551762640464764, 33.51661454099354], [-7.543689236150774, 33.51651987174106]]]}, "properties": {"score": 16.98875590656069, "avg_travel_time_min": 49.80674641977044, "population": 1667.5563370999998, "origin_count": 79, "grid_size_m": 750}}, {"type": "Feature", "geometry": {"type": "Polygon", "coordinates": [[[-7.543575883238791, 33.523282396656114], [-7.543462492481563, 33.530044913836704], [-7.551537152728681, 33.53013963136317], [-7.551649915414594, 33.523377090043745], [-7.543575883238791, 33.523282396656114]]]}, "properties": {"score": 30.835441323132212, "avg_travel_time_min": 41.498735090324125, "population": 2438.423934, "origin_count": 77, "grid_size_m": 750}}, {"type": "Feature", "geometry": {"type": "Polygon", "coordinates": [[[-7.543462492481563, 33.530044913836704], [-7.543349063867139, 33.53680742328197], [-7.551424352395133, 33.53690216495096], [-7.551537152728681, 33.53013963136317], [-7.543462492481563, 33.530044913836704]]]}, "properties": {"score": 51.82531995897991, "avg_travel_time_min": 28.90480786779991, "population": 4773.182809, "origin_count": 72, "grid_size_m": 750}}, {"type": "Feature", "geometry": {"type": "Polygon", "coordinates": [[[-7.543349063867139, 33.53680742328197], [-7.543235597383561, 33.543569924991054], [-7.551311514402066, 33.543664690806246], [-7.551424352395133, 33.53690216495096], [-7.543349063867139, 33.53680742328197]]]}, "properties": {"score": 52.20479606472587, "avg_travel_time_min": 28.677122422536893, "population": 11986.807265, "origin_count": 79, "grid_size_m": 750}}, {"type": "Feature", "geometry": {"type": "Polygon", "coordinates": [[[-7.543235597383561, 33.543569924991054], [-7.543122093018864, 33.550332418963066], [-7.551198638737577, 33.55042720892815], [-7.551311514402066, 33.543664690806246], [-7.543235597383561, 33.543569924991054]]]}, "properties": {"score": 54.4137111981608, "avg_travel_time_min": 27.35177320898749, "population": 20794.378520000002, "origin_count": 80, "grid_size_m": 750}}, {"type": "Feature", "geometry": {"type": "Polygon", "coordinates": [[[-7.543122093018864, 33.550332418963066], [-7.543008550761081, 33.55709490519715], [-7.551085725389766, 33.55718971931582], [-7.551198638737577, 33.55042720892815], [-7.543122093018864, 33.550332418963066]]]}, "properties": {"score": 51.77274954626213, "avg_travel_time_min": 28.936350394830228, "population": 33264.13685, "origin_count": 80, "grid_size_m": 750}}, {"type": "Feature", "geometry": {"type": "Polygon", "coordinates": [[[-7.543008550761081, 33.55709490519715], [-7.542894970598232, 33.563857383692444], [-7.550972774346719, 33.56395222196838], [-7.551085725389766, 33.55718971931582], [-7.543008550761081, 33.55709490519715]]]}, "properties": {"score": 58.28757713377937, "avg_travel_time_min": 25.027453703611407, "population": 34768.01595, "origin_count": 80, "grid_size_m": 750}}, {"type": "Feature", "geometry": {"type": "Polygon", "coordinates": [[[-7.542894970598232, 33.563857383692444], [-7.542781352518338, 33.57061985444808], [-7.550859785596522, 33.570714716884986], [-7.550972774346719, 33.56395222196838], [-7.542894970598232, 33.563857383692444]]]}, "properties": {"score": 60.58028984146262, "avg_travel_time_min": 23.651825912563666, "population": 26638.72728, "origin_count": 80, "grid_size_m": 750}}, {"type": "Feature", "geometry": {"type": "Polygon", "coordinates": [[[-7.542781352518338, 33.57061985444808], [-7.542667696509409, 33.5773823174632], [-7.550746759127255, 33.57747720406477], [-7.550859785596522, 33.570714716884986], [-7.542781352518338, 33.57061985444808]]]}, "properties": {"score": 69.89655921315813, "avg_travel_time_min": 18.06206440206607, "population": 17176.970766, "origin_count": 74, "grid_size_m": 750}}, {"type": "Feature", "geometry": {"type": "Polygon", "coordinates": [[[-7.542667696509409, 33.5773823174632], [-7.542554002559451, 33.58414477273691], [-7.550633694926986, 33.584239683506844], [-7.550746759127255, 33.57747720406477], [-7.542667696509409, 33.5773823174632]]]}, "properties": {"score": 70.14462884192164, "avg_travel_time_min": 17.913222370032436, "population": 8844.031851, "origin_count": 79, "grid_size_m": 750}}, {"type": "Feature", "geometry": {"type": "Polygon", "coordinates": [[[-7.542554002559451, 33.58414477273691], [-7.542440270656464, 33.59090722026839], [-7.550520592983783, 33.59100215521038], [-7.550633694926986, 33.584239683506844], [-7.542554002559451, 33.58414477273691]]]}, "properties": {"score": 72.5698992411869, "avg_travel_time_min": 16.4580603646555, "population": 6340.701913000002, "origin_count": 79, "grid_size_m": 750}}, {"type": "Feature", "geometry": {"type": "Polygon", "coordinates": [[[-7.542440270656464, 33.59090722026839], [-7.542326500788441, 33.59766966005674], [-7.550407453285707, 33.5977646191745], [-7.550520592983783, 33.59100215521038], [-7.542440270656464, 33.59090722026839]]]}, "properties": {"score": 62.05773003346343, "avg_travel_time_min": 22.7653623296624, "population": 6090.759077, "origin_count": 80, "grid_size_m": 750}}, {"type": "Feature", "geometry": {"type": "Polygon", "coordinates": [[[-7.542326500788441, 33.59766966005674], [-7.5422126929433695, 33.60443209210113], [-7.550294275820809, 33.60452707539833], [-7.550407453285707, 33.5977646191745], [-7.542326500788441, 33.59766966005674]]]}, "properties": {"score": 55.50788029042102, "avg_travel_time_min": 26.695271843219707, "population": 7837.964400000001, "origin_count": 80, "grid_size_m": 750}}, {"type": "Feature", "geometry": {"type": "Polygon", "coordinates": [[[-7.5422126929433695, 33.60443209210113], [-7.542098847109232, 33.61119451640066], [-7.55018106057714, 33.61128952388102], [-7.550294275820809, 33.60452707539833], [-7.5422126929433695, 33.60443209210113]]]}, "properties": {"score": 66.77910017598393, "avg_travel_time_min": 19.93253981248492, "population": 10119.374875999998, "origin_count": 80, "grid_size_m": 750}}, {"type": "Feature", "geometry": {"type": "Polygon", "coordinates": [[[-7.542098847109232, 33.61119451640066], [-7.5419849632739995, 33.617956932954485], [-7.550067807542737, 33.61805196462172], [-7.55018106057714, 33.61128952388102], [-7.542098847109232, 33.61119451640066]]]}, "properties": {"score": 60.74358224351121, "avg_travel_time_min": 23.55385081520195, "population": 7466.718785000001, "origin_count": 80, "grid_size_m": 750}}, {"type": "Feature", "geometry": {"type": "Polygon", "coordinates": [[[-7.5419849632739995, 33.617956932954485], [-7.541871041425645, 33.62471934176173], [-7.549954516705639, 33.62481439761955], [-7.550067807542737, 33.61805196462172], [-7.5419849632739995, 33.617956932954485]]]}, "properties": {"score": 56.66526014687698, "avg_travel_time_min": 26.000843844584317, "population": 1221.336123, "origin_count": 22, "grid_size_m": 750}}, {"type": "Feature", "geometry": {"type": "Polygon", "coordinates": [[[-7.538453055953289, 33.347359648056624], [-7.53834002267198, 33.35412234187324], [-7.546398383432657, 33.35421695570262], [-7.54651079408006, 33.34745423770893], [-7.538453055953289, 33.347359648056624]]]}, "properties": {"score": 0.0, "avg_travel_time_min": 125.49385942798152, "population": 317.6878895, "origin_count": 17, "grid_size_m": 750}}, {"type": "Feature", "geometry": {"type": "Polygon", "coordinates": [[[-7.53834002267198, 33.35412234187324], [-7.538226951634394, 33.36088502797353], [-7.546285935236832, 33.36097966598362], [-7.546398383432657, 33.35421695570262], [-7.53834002267198, 33.35412234187324]]]}, "properties": {"score": 0.0, "avg_travel_time_min": 115.14620200410727, "population": 1490.076347, "origin_count": 33, "grid_size_m": 750}}, {"type": "Feature", "geometry": {"type": "Polygon", "coordinates": [[[-7.538226951634394, 33.36088502797353], [-7.5381138428286665, 33.36764770635661], [-7.546173449480783, 33.3677423685511], [-7.546285935236832, 33.36097966598362], [-7.538226951634394, 33.36088502797353]]]}, "properties": {"score": 0.0, "avg_travel_time_min": 107.2397776131051, "population": 1011.824231, "origin_count": 20, "grid_size_m": 750}}, {"type": "Feature", "geometry": {"type": "Polygon", "coordinates": [[[-7.5381138428286665, 33.36764770635661], [-7.538000696242925, 33.374410377021604], [-7.546060926152703, 33.37450506340416], [-7.546173449480783, 33.3677423685511], [-7.5381138428286665, 33.36764770635661]]]}, "properties": {"score": 0.0, "avg_travel_time_min": 97.53088330113953, "population": 84.81792560000001, "origin_count": 8, "grid_size_m": 750}}, {"type": "Feature", "geometry": {"type": "Polygon", "coordinates": [[[-7.538000696242925, 33.374410377021604], [-7.537887511865294, 33.38117303996763], [-7.545948365240779, 33.38126775054193], [-7.546060926152703, 33.37450506340416], [-7.538000696242925, 33.374410377021604]]]}, "properties": {"score": 0.0, "avg_travel_time_min": 93.16091188149028, "population": 68.99195619999999, "origin_count": 13, "grid_size_m": 750}}, {"type": "Feature", "geometry": {"type": "Polygon", "coordinates": [[[-7.537887511865294, 33.38117303996763], [-7.537774289683887, 33.38793569519382], [-7.545835766733197, 33.388030429963536], [-7.545948365240779, 33.38126775054193], [-7.537887511865294, 33.38117303996763]]]}, "properties": {"score": 0.0, "avg_travel_time_min": 89.46756866304582, "population": 249.2256903, "origin_count": 43, "grid_size_m": 750}}, {"type": "Feature", "geometry": {"type": "Polygon", "coordinates": [[[-7.537774289683887, 33.38793569519382], [-7.5376610296868165, 33.39469834269929], [-7.545723130618127, 33.394793101668085], [-7.545835766733197, 33.388030429963536], [-7.537774289683887, 33.38793569519382]]]}, "properties": {"score": 0.0, "avg_travel_time_min": 89.82292101712088, "population": 277.0546073, "origin_count": 44, "grid_size_m": 750}}, {"type": "Feature", "geometry": {"type": "Polygon", "coordinates": [[[-7.5376610296868165, 33.39469834269929], [-7.537547731862184, 33.40146098248317], [-7.545610456883742, 33.401555765654734], [-7.545723130618127, 33.394793101668085], [-7.5376610296868165, 33.39469834269929]]]}, "properties": {"score": 0.0, "avg_travel_time_min": 89.80172824557668, "population": 136.8101133, "origin_count": 23, "grid_size_m": 750}}, {"type": "Feature", "geometry": {"type": "Polygon", "coordinates": [[[-7.537434396198089, 33.40822361454459], [-7.537321022682622, 33.414986238882676], [-7.545384996509669, 33.41508107047078], [-7.545497745518203, 33.40831842192258], [-7.537434396198089, 33.40822361454459]]]}, "properties": {"score": 0.0, "avg_travel_time_min": 89.07381396164817, "population": 219.07730579999998, "origin_count": 30, "grid_size_m": 750}}, {"type": "Feature", "geometry": {"type": "Polygon", "coordinates": [[[-7.537321022682622, 33.414986238882676], [-7.537207611303872, 33.421748855496524], [-7.545272209846292, 33.42184371129843], [-7.545384996509669, 33.41508107047078], [-7.537321022682622, 33.414986238882676]]]}, "properties": {"score": 0.0, "avg_travel_time_min": 92.16346408802146, "population": 80.4846493, "origin_count": 13, "grid_size_m": 750}}, {"type": "Feature", "geometry": {"type": "Polygon", "coordinates": [[[-7.536753586917524, 33.4487992446923], [-7.536639986043426, 33.455561822671974], [-7.544707711291617, 33.4556567995981], [-7.5448206864071565, 33.44889419738622], [-7.536753586917524, 33.4487992446923]]]}, "properties": {"score": 0.0, "avg_travel_time_min": 85.47859487686449, "population": 188.31342959999998, "origin_count": 30, "grid_size_m": 750}}, {"type": "Feature", "geometry": {"type": "Polygon", "coordinates": [[[-7.536639986043426, 33.455561822671974], [-7.536526347234428, 33.46232439292219], [-7.544594698450017, 33.46241939408422], [-7.544707711291617, 33.4556567995981], [-7.536639986043426, 33.455561822671974]]]}, "properties": {"score": 0.0, "avg_travel_time_min": 86.9518356053185, "population": 644.5397727, "origin_count": 80, "grid_size_m": 750}}, {"type": "Feature", "geometry": {"type": "Polygon", "coordinates": [[[-7.536526347234428, 33.46232439292219], [-7.536412670478577, 33.46908695544208], [-7.544481647870462, 33.46918198084371], [-7.544594698450017, 33.46241939408422], [-7.536526347234428, 33.46232439292219]]]}, "properties": {"score": 0.0, "avg_travel_time_min": 87.63197159353497, "population": 185.5976303, "origin_count": 29, "grid_size_m": 750}}, {"type": "Feature", "geometry": {"type": "Polygon", "coordinates": [[[-7.536412670478577, 33.46908695544208], [-7.53629895576391, 33.475849510230745], [-7.544368559541058, 33.475944559875664], [-7.544481647870462, 33.46918198084371], [-7.536412670478577, 33.46908695544208]]]}, "properties": {"score": 0.0, "avg_travel_time_min": 81.59535, "population": 5.156565, "origin_count": 1, "grid_size_m": 750}}, {"type": "Feature", "geometry": {"type": "Polygon", "coordinates": [[[-7.53629895576391, 33.475849510230745], [-7.536185203078459, 33.48261205728735], [-7.544255433449901, 33.482707131179254], [-7.544368559541058, 33.475944559875664], [-7.53629895576391, 33.475849510230745]]]}, "properties": {"score": 0.0, "avg_travel_time_min": 90.22904973839559, "population": 283.3618361, "origin_count": 40, "grid_size_m": 750}}, {"type": "Feature", "geometry": {"type": "Polygon", "coordinates": [[[-7.536185203078459, 33.48261205728735], [-7.536071412410245, 33.489374596611], [-7.544142269585079, 33.48946969475359], [-7.544255433449901, 33.482707131179254], [-7.536185203078459, 33.48261205728735]]]}, "properties": {"score": 0.0, "avg_travel_time_min": 84.0696457148864, "population": 710.2006155999999, "origin_count": 77, "grid_size_m": 750}}, {"type": "Feature", "geometry": {"type": "Polygon", "coordinates": [[[-7.536071412410245, 33.489374596611], [-7.535957583747293, 33.49613712820086], [-7.54402906793468, 33.49623225059781], [-7.544142269585079, 33.48946969475359], [-7.536071412410245, 33.489374596611]]]}, "properties": {"score": 0.0, "avg_travel_time_min": 69.4471250847275, "population": 669.5363399999998, "origin_count": 71, "grid_size_m": 750}}, {"type": "Feature", "geometry": {"type": "Polygon", "coordinates": [[[-7.535957583747293, 33.49613712820086], [-7.535843717077611, 33.502899652056], [-7.5439158284867815, 33.50299479871103], [-7.54402906793468, 33.49623225059781], [-7.535957583747293, 33.49613712820086]]]}, "properties": {"score": 4.40019408244667, "avg_travel_time_min": 57.928096345038895, "population": 489.27305640000003, "origin_count": 49, "grid_size_m": 750}}, {"type": "Feature", "geometry": {"type": "Polygon", "coordinates": [[[-7.535843717077611, 33.502899652056], [-7.5357298123892065, 33.50966216817561], [-7.543802551229457, 33.50975733909241], [-7.5439158284867815, 33.50299479871103], [-7.535843717077611, 33.502899652056]]]}, "properties": {"score": 20.69184224538107, "avg_travel_time_min": 47.584894629254435, "population": 373.6404057, "origin_count": 50, "grid_size_m": 750}}, {"type": "Feature", "geometry": {"type": "Polygon", "coordinates": [[[-7.5357298123892065, 33.50966216817561], [-7.5356158696700835, 33.516424676558785], [-7.543689236150774, 33.51651987174106], [-7.543802551229457, 33.50975733909241], [-7.5357298123892065, 33.50966216817561]]]}, "properties": {"score": 29.082867538463717, "avg_travel_time_min": 42.55027974545196, "population": 125.65022130000001, "origin_count": 23, "grid_size_m": 750}}, {"type": "Feature", "geometry": {"type": "Polygon", "coordinates": [[[-7.5356158696700835, 33.516424676558785], [-7.5355018889082315, 33.523187177204655], [-7.543575883238791, 33.523282396656114], [-7.543689236150774, 33.51651987174106], [-7.5356158696700835, 33.516424676558785]]]}, "properties": {"score": 10.3875056870305, "avg_travel_time_min": 53.76749647944604, "population": 386.34103909999993, "origin_count": 31, "grid_size_m": 750}}, {"type": "Feature", "geometry": {"type": "Polygon", "coordinates": [[[-7.5355018889082315, 33.523187177204655], [-7.5353878700916415, 33.52994967011237], [-7.543462492481563, 33.530044913836704], [-7.543575883238791, 33.523282396656114], [-7.5355018889082315, 33.523187177204655]]]}, "properties": {"score": 23.10950359710866, "avg_travel_time_min": 46.134297798425024, "population": 2561.4761086000003, "origin_count": 85, "grid_size_m": 750}}, {"type": "Feature", "geometry": {"type": "Polygon", "coordinates": [[[-7.5353878700916415, 33.52994967011237], [-7.535273813208297, 33.536712155281045], [-7.543349063867139, 33.53680742328197], [-7.543462492481563, 33.530044913836704], [-7.5353878700916415, 33.52994967011237]]]}, "properties": {"score": 40.80354412486531, "avg_travel_time_min": 35.517873541236845, "population": 7836.1279859999995, "origin_count": 85, "grid_size_m": 750}}, {"type": "Feature", "geometry": {"type": "Polygon", "coordinates": [[[-7.535273813208297, 33.536712155281045], [-7.535159718246173, 33.54347463270983], [-7.543235597383561, 33.543569924991054], [-7.543349063867139, 33.53680742328197], [-7.535273813208297, 33.536712155281045]]]}, "properties": {"score": 43.68706821760143, "avg_travel_time_min": 33.787758997157184, "population": 16366.628810000002, "origin_count": 73, "grid_size_m": 750}}, {"type": "Feature", "geometry": {"type": "Polygon", "coordinates": [[[-7.535159718246173, 33.54347463270983], [-7.535045585193238, 33.550237102397844], [-7.543122093018864, 33.550332418963066], [-7.543235597383561, 33.543569924991054], [-7.535159718246173, 33.54347463270983]]]}, "properties": {"score": 40.20026986663393, "avg_travel_time_min": 35.87983811223292, "population": 22687.0965, "origin_count": 72, "grid_size_m": 750}}, {"type": "Feature", "geometry": {"type": "Polygon", "coordinates": [[[-7.535045585193238, 33.550237102397844], [-7.534931414037458, 33.55699956434421], [-7.543008550761081, 33.55709490519715], [-7.543122093018864, 33.550332418963066], [-7.535045585193238, 33.550237102397844]]]}, "properties": {"score": 46.01182131598963, "avg_travel_time_min": 32.392907095339986, "population": 24790.71529, "origin_count": 77, "grid_size_m": 750}}, {"type": "Feature", "geometry": {"type": "Polygon", "coordinates": [[[-7.534931414037458, 33.55699956434421], [-7.5348172047667905, 33.563762018548076], [-7.542894970598232, 33.563857383692444], [-7.543008550761081, 33.55709490519715], [-7.534931414037458, 33.55699956434421]]]}, "properties": {"score": 55.71140294664881, "avg_travel_time_min": 26.57315818633178, "population": 36162.41188, "origin_count": 80, "grid_size_m": 750}}, {"type": "Feature", "geometry": {"type": "Polygon", "coordinates": [[[-7.5348172047667905, 33.563762018548076], [-7.534702957369187, 33.57052446500858], [-7.542781352518338, 33.57061985444808], [-7.542894970598232, 33.563857383692444], [-7.5348172047667905, 33.563762018548076]]]}, "properties": {"score": 54.457423478755395, "avg_travel_time_min": 27.325545715898254, "population": 32973.06817, "origin_count": 80, "grid_size_m": 750}}, {"type": "Feature", "geometry": {"type": "Polygon", "coordinates": [[[-7.534702957369187, 33.57052446500858], [-7.534588671832592, 33.577286903724826], [-7.542667696509409, 33.5773823174632], [-7.542781352518338, 33.57061985444808], [-7.534702957369187, 33.57052446500858]]]}, "properties": {"score": 57.76990255822915, "avg_travel_time_min": 25.338058458439896, "population": 12901.17805, "origin_count": 80, "grid_size_m": 750}}, {"type": "Feature", "geometry": {"type": "Polygon", "coordinates": [[[-7.534588671832592, 33.577286903724826], [-7.534474348144946, 33.584049334695976], [-7.542554002559451, 33.58414477273691], [-7.542667696509409, 33.5773823174632], [-7.534588671832592, 33.577286903724826]]]}, "properties": {"score": 64.60272550245222, "avg_travel_time_min": 21.238364524933253, "population": 8895.131064999998, "origin_count": 80, "grid_size_m": 750}}, {"type": "Feature", "geometry": {"type": "Polygon", "coordinates": [[[-7.534474348144946, 33.584049334695976], [-7.534359986294181, 33.59081175792115], [-7.542440270656464, 33.59090722026839], [-7.542554002559451, 33.58414477273691], [-7.534474348144946, 33.584049334695976]]]}, "properties": {"score": 60.41966316135511, "avg_travel_time_min": 23.748202249562496, "population": 7501.208240999999, "origin_count": 83, "grid_size_m": 750}}, {"type": "Feature", "geometry": {"type": "Polygon", "coordinates": [[[-7.534359986294181, 33.59081175792115], [-7.534245586268224, 33.597574173399515], [-7.542326500788441, 33.59766966005674], [-7.542440270656464, 33.59090722026839], [-7.534359986294181, 33.59081175792115]]]}, "properties": {"score": 58.912399195310286, "avg_travel_time_min": 24.652560694611406, "population": 6807.456742999999, "origin_count": 73, "grid_size_m": 750}}, {"type": "Feature", "geometry": {"type": "Polygon", "coordinates": [[[-7.534245586268224, 33.597574173399515], [-7.534131148054996, 33.604336581130156], [-7.5422126929433695, 33.60443209210113], [-7.542326500788441, 33.59766966005674], [-7.534245586268224, 33.597574173399515]]]}, "properties": {"score": 56.95890157952098, "avg_travel_time_min": 25.824659091406396, "population": 7395.27426, "origin_count": 75, "grid_size_m": 750}}, {"type": "Feature", "geometry": {"type": "Polygon", "coordinates": [[[-7.534131148054996, 33.604336581130156], [-7.534016671642415, 33.61109898111223], [-7.542098847109232, 33.61119451640066], [-7.5422126929433695, 33.60443209210113], [-7.534131148054996, 33.604336581130156]]]}, "properties": {"score": 64.29632672544308, "avg_travel_time_min": 21.422204245760867, "population": 5822.116209, "origin_count": 80, "grid_size_m": 750}}, {"type": "Feature", "geometry": {"type": "Polygon", "coordinates": [[[-7.534016671642415, 33.61109898111223], [-7.533902157018384, 33.61786137334487], [-7.5419849632739995, 33.617956932954485], [-7.542098847109232, 33.61119451640066], [-7.534016671642415, 33.61109898111223]]]}, "properties": {"score": 70.01240447852867, "avg_travel_time_min": 17.992557235496754, "population": 3782.4560920000004, "origin_count": 80, "grid_size_m": 750}}, {"type": "Feature", "geometry": {"type": "Polygon", "coordinates": [[[-7.533902157018384, 33.61786137334487], [-7.53378760417081, 33.62462375782722], [-7.541871041425645, 33.62471934176173], [-7.5419849632739995, 33.617956932954485], [-7.533902157018384, 33.61786137334487]]]}, "properties": {"score": 62.459437384909116, "avg_travel_time_min": 22.52433787331096, "population": 727.7224699999999, "origin_count": 31, "grid_size_m": 750}}, {"type": "Feature", "geometry": {"type": "Polygon", "coordinates": [[[-7.530168005800096, 33.36078986711891], [-7.530054273956563, 33.367552521184024], [-7.5381138428286665, 33.36764770635661], [-7.538226951634394, 33.36088502797353], [-7.530168005800096, 33.36078986711891]]]}, "properties": {"score": 0.0, "avg_travel_time_min": 106.11450381849214, "population": 271.360342, "origin_count": 6, "grid_size_m": 750}}, {"type": "Feature", "geometry": {"type": "Polygon", "coordinates": [[[-7.530054273956563, 33.367552521184024], [-7.5299405041250385, 33.37431516752738], [-7.538000696242925, 33.374410377021604], [-7.5381138428286665, 33.36764770635661], [-7.530054273956563, 33.367552521184024]]]}, "properties": {"score": 0.0, "avg_travel_time_min": 97.86116421314493, "population": 515.3436786000001, "origin_count": 12, "grid_size_m": 750}}, {"type": "Feature", "geometry": {"type": "Polygon", "coordinates": [[[-7.5299405041250385, 33.37431516752738], [-7.529826696293581, 33.38107780614806], [-7.537887511865294, 33.38117303996763], [-7.538000696242925, 33.374410377021604], [-7.5299405041250385, 33.37431516752738]]]}, "properties": {"score": 0.0, "avg_travel_time_min": 97.41477135728043, "population": 986.9642203000001, "origin_count": 24, "grid_size_m": 750}}, {"type": "Feature", "geometry": {"type": "Polygon", "coordinates": [[[-7.529826696293581, 33.38107780614806], [-7.529712850450241, 33.387840437045234], [-7.537774289683887, 33.38793569519382], [-7.537887511865294, 33.38117303996763], [-7.529826696293581, 33.38107780614806]]]}, "properties": {"score": 0.0, "avg_travel_time_min": 93.17775294868505, "population": 2486.5310196, "origin_count": 72, "grid_size_m": 750}}, {"type": "Feature", "geometry": {"type": "Polygon", "coordinates": [[[-7.529712850450241, 33.387840437045234], [-7.529598966583064, 33.39460306021797], [-7.5376610296868165, 33.39469834269929], [-7.537774289683887, 33.38793569519382], [-7.529712850450241, 33.387840437045234]]]}, "properties": {"score": 0.0, "avg_travel_time_min": 90.43696601276226, "population": 2202.2455542, "origin_count": 78, "grid_size_m": 750}}, {"type": "Feature", "geometry": {"type": "Polygon", "coordinates": [[[-7.529598966583064, 33.39460306021797], [-7.529485044680087, 33.40136567566544], [-7.537547731862184, 33.40146098248317], [-7.5376610296868165, 33.39469834269929], [-7.529598966583064, 33.39460306021797]]]}, "properties": {"score": 0.0, "avg_travel_time_min": 86.38864042587014, "population": 2191.4673442000003, "origin_count": 79, "grid_size_m": 750}}, {"type": "Feature", "geometry": {"type": "Polygon", "coordinates": [[[-7.529485044680087, 33.40136567566544], [-7.529371084729343, 33.40812828338673], [-7.537434396198089, 33.40822361454459], [-7.537547731862184, 33.40146098248317], [-7.529485044680087, 33.40136567566544]]]}, "properties": {"score": 0.0, "avg_travel_time_min": 84.71808412977191, "population": 789.1744295000001, "origin_count": 18, "grid_size_m": 750}}, {"type": "Feature", "geometry": {"type": "Polygon", "coordinates": [[[-7.529371084729343, 33.40812828338673], [-7.529257086718859, 33.414890883381005], [-7.537321022682622, 33.414986238882676], [-7.537434396198089, 33.40822361454459], [-7.529371084729343, 33.40812828338673]]]}, "properties": {"score": 0.0, "avg_travel_time_min": 82.02509631021103, "population": 551.5794803, "origin_count": 60, "grid_size_m": 750}}, {"type": "Feature", "geometry": {"type": "Polygon", "coordinates": [[[-7.529257086718859, 33.414890883381005], [-7.529143050636655, 33.42165347564734], [-7.537207611303872, 33.421748855496524], [-7.537321022682622, 33.414986238882676], [-7.529257086718859, 33.414890883381005]]]}, "properties": {"score": 0.0, "avg_travel_time_min": 89.71214469360375, "population": 184.5294189, "origin_count": 32, "grid_size_m": 750}}, {"type": "Feature", "geometry": {"type": "Polygon", "coordinates": [[[-7.528686525350836, 33.448703767416035], [-7.5285722987301265, 33.455466321029654], [-7.536639986043426, 33.455561822671974], [-7.536753586917524, 33.4487992446923], [-7.528686525350836, 33.448703767416035]]]}, "properties": {"score": 0.0, "avg_travel_time_min": 78.06528165880749, "population": 22.0095448, "origin_count": 4, "grid_size_m": 750}}, {"type": "Feature", "geometry": {"type": "Polygon", "coordinates": [[[-7.5285722987301265, 33.455466321029654], [-7.528458033965691, 33.462228866910124], [-7.536526347234428, 33.46232439292219], [-7.536639986043426, 33.455561822671974], [-7.5285722987301265, 33.455466321029654]]]}, "properties": {"score": 0.0, "avg_travel_time_min": 80.39728393290501, "population": 41.574153700000004, "origin_count": 7, "grid_size_m": 750}}, {"type": "Feature", "geometry": {"type": "Polygon", "coordinates": [[[-7.528458033965691, 33.462228866910124], [-7.528343731045507, 33.468991405056535], [-7.536412670478577, 33.46908695544208], [-7.536526347234428, 33.46232439292219], [-7.528458033965691, 33.462228866910124]]]}, "properties": {"score": 0.0, "avg_travel_time_min": 79.70377401891366, "population": 28.2276387, "origin_count": 5, "grid_size_m": 750}}, {"type": "Feature", "geometry": {"type": "Polygon", "coordinates": [[[-7.528343731045507, 33.468991405056535], [-7.528229389957548, 33.47575393546804], [-7.53629895576391, 33.475849510230745], [-7.536412670478577, 33.46908695544208], [-7.528343731045507, 33.468991405056535]]]}, "properties": {"score": 0.0, "avg_travel_time_min": 72.98076122139102, "population": 439.361248, "origin_count": 68, "grid_size_m": 750}}, {"type": "Feature", "geometry": {"type": "Polygon", "coordinates": [[[-7.528229389957548, 33.47575393546804], [-7.528115010689777, 33.482516458143756], [-7.536185203078459, 33.48261205728735], [-7.53629895576391, 33.475849510230745], [-7.528229389957548, 33.47575393546804]]]}, "properties": {"score": 0.0, "avg_travel_time_min": 80.66056872252629, "population": 614.1097485, "origin_count": 84, "grid_size_m": 750}}, {"type": "Feature", "geometry": {"type": "Polygon", "coordinates": [[[-7.528115010689777, 33.482516458143756], [-7.528000593230155, 33.48927897308281], [-7.536071412410245, 33.489374596611], [-7.536185203078459, 33.48261205728735], [-7.528115010689777, 33.482516458143756]]]}, "properties": {"score": 0.0, "avg_travel_time_min": 81.49795193985723, "population": 439.0157848, "origin_count": 59, "grid_size_m": 750}}, {"type": "Feature", "geometry": {"type": "Polygon", "coordinates": [[[-7.528000593230155, 33.48927897308281], [-7.527886137566633, 33.49604148028435], [-7.535957583747293, 33.49613712820086], [-7.536071412410245, 33.489374596611], [-7.528000593230155, 33.48927897308281]]]}, "properties": {"score": 0.0, "avg_travel_time_min": 78.14634918506545, "population": 487.304689, "origin_count": 67, "grid_size_m": 750}}, {"type": "Feature", "geometry": {"type": "Polygon", "coordinates": [[[-7.527886137566633, 33.49604148028435], [-7.52777164368716, 33.502803979747455], [-7.535843717077611, 33.502899652056], [-7.535957583747293, 33.49613712820086], [-7.527886137566633, 33.49604148028435]]]}, "properties": {"score": 0.0, "avg_travel_time_min": 78.33491895609292, "population": 22.987830199999998, "origin_count": 4, "grid_size_m": 750}}, {"type": "Feature", "geometry": {"type": "Polygon", "coordinates": [[[-7.527542541232116, 33.516328955454995], [-7.527427932632408, 33.52309143169768], [-7.5355018889082315, 33.523187177204655], [-7.5356158696700835, 33.516424676558785], [-7.527542541232116, 33.516328955454995]]]}, "properties": {"score": 23.359865396931028, "avg_travel_time_min": 45.984080656994266, "population": 1059.8573786, "origin_count": 54, "grid_size_m": 750}}, {"type": "Feature", "geometry": {"type": "Polygon", "coordinates": [[[-7.527427932632408, 33.52309143169768], [-7.527313285768475, 33.52985390019846], [-7.5353878700916415, 33.52994967011237], [-7.5355018889082315, 33.523187177204655], [-7.527427932632408, 33.52309143169768]]]}, "properties": {"score": 32.42894552656994, "avg_travel_time_min": 40.5426326610503, "population": 6038.3730455, "origin_count": 80, "grid_size_m": 750}}, {"type": "Feature", "geometry": {"type": "Polygon", "coordinates": [[[-7.527313285768475, 33.52985390019846], [-7.527198600628234, 33.53661636095648], [-7.535273813208297, 33.536712155281045], [-7.5353878700916415, 33.52994967011237], [-7.527313285768475, 33.52985390019846]]]}, "properties": {"score": 36.08844299481191, "avg_travel_time_min": 38.34693433683315, "population": 10788.903968999999, "origin_count": 85, "grid_size_m": 750}}, {"type": "Feature", "geometry": {"type": "Polygon", "coordinates": [[[-7.527198600628234, 33.53661636095648], [-7.527083877199593, 33.54337881397088], [-7.535159718246173, 33.54347463270983], [-7.535273813208297, 33.536712155281045], [-7.527198600628234, 33.53661636095648]]]}, "properties": {"score": 33.15342146203046, "avg_travel_time_min": 40.10794721700855, "population": 17248.96242, "origin_count": 85, "grid_size_m": 750}}, {"type": "Feature", "geometry": {"type": "Polygon", "coordinates": [[[-7.527083877199593, 33.54337881397088], [-7.5269691154704566, 33.550141259240775], [-7.535045585193238, 33.550237102397844], [-7.535159718246173, 33.54347463270983], [-7.527083877199593, 33.54337881397088]]]}, "properties": {"score": 42.97388483943589, "avg_travel_time_min": 34.21566901491555, "population": 23254.448580000004, "origin_count": 80, "grid_size_m": 750}}, {"type": "Feature", "geometry": {"type": "Polygon", "coordinates": [[[-7.5269691154704566, 33.550141259240775], [-7.526854315428723, 33.5569036967653], [-7.534931414037458, 33.55699956434421], [-7.535045585193238, 33.550237102397844], [-7.5269691154704566, 33.550141259240775]]]}, "properties": {"score": 49.483451291804585, "avg_travel_time_min": 30.309929419189285, "population": 20000.222110000002, "origin_count": 75, "grid_size_m": 750}}, {"type": "Feature", "geometry": {"type": "Polygon", "coordinates": [[[-7.526854315428723, 33.5569036967653], [-7.526739477062285, 33.56366612654358], [-7.5348172047667905, 33.563762018548076], [-7.534931414037458, 33.55699956434421], [-7.526854315428723, 33.5569036967653]]]}, "properties": {"score": 52.5350060532507, "avg_travel_time_min": 28.47899646044411, "population": 33816.65582, "origin_count": 72, "grid_size_m": 750}}, {"type": "Feature", "geometry": {"type": "Polygon", "coordinates": [[[-7.526739477062285, 33.56366612654358], [-7.526624600359025, 33.57042854857478], [-7.534702957369187, 33.57052446500858], [-7.5348172047667905, 33.563762018548076], [-7.526739477062285, 33.56366612654358]]]}, "properties": {"score": 47.74204478975015, "avg_travel_time_min": 31.35477316367368, "population": 39316.72937, "origin_count": 75, "grid_size_m": 750}}, {"type": "Feature", "geometry": {"type": "Polygon", "coordinates": [[[-7.526624600359025, 33.57042854857478], [-7.526509685306825, 33.577190962858], [-7.534588671832592, 33.577286903724826], [-7.534702957369187, 33.57052446500858], [-7.526624600359025, 33.57042854857478]]]}, "properties": {"score": 47.88369580787059, "avg_travel_time_min": 31.26978259613942, "population": 16951.947200000002, "origin_count": 80, "grid_size_m": 750}}, {"type": "Feature", "geometry": {"type": "Polygon", "coordinates": [[[-7.526509685306825, 33.577190962858], [-7.526394731893556, 33.58395336939235], [-7.534474348144946, 33.584049334695976], [-7.534588671832592, 33.577286903724826], [-7.526509685306825, 33.577190962858]]]}, "properties": {"score": 54.94280469115485, "avg_travel_time_min": 27.034317166730723, "population": 9766.183147, "origin_count": 80, "grid_size_m": 750}}, {"type": "Feature", "geometry": {"type": "Polygon", "coordinates": [[[-7.526394731893556, 33.58395336939235], [-7.526279740107086, 33.590715768177006], [-7.534359986294181, 33.59081175792115], [-7.534474348144946, 33.584049334695976], [-7.526394731893556, 33.58395336939235]]]}, "properties": {"score": 55.98620368352506, "avg_travel_time_min": 26.408277725802378, "population": 9315.985313, "origin_count": 80, "grid_size_m": 750}}, {"type": "Feature", "geometry": {"type": "Polygon", "coordinates": [[[-7.526279740107086, 33.590715768177006], [-7.5261647099352755, 33.5974781592111], [-7.534245586268224, 33.597574173399515], [-7.534359986294181, 33.59081175792115], [-7.526279740107086, 33.590715768177006]]]}, "properties": {"score": 63.44663489843961, "avg_travel_time_min": 21.932019237580754, "population": 10344.975369, "origin_count": 88, "grid_size_m": 750}}, {"type": "Feature", "geometry": {"type": "Polygon", "coordinates": [[[-7.5261647099352755, 33.5974781592111], [-7.5260496413659785, 33.60424054249374], [-7.534131148054996, 33.604336581130156], [-7.534245586268224, 33.597574173399515], [-7.5261647099352755, 33.5974781592111]]]}, "properties": {"score": 63.25984806794847, "avg_travel_time_min": 22.04409121871032, "population": 8588.511718000002, "origin_count": 79, "grid_size_m": 750}}, {"type": "Feature", "geometry": {"type": "Polygon", "coordinates": [[[-7.5260496413659785, 33.60424054249374], [-7.525934534387044, 33.611002918024056], [-7.534016671642415, 33.61109898111223], [-7.534131148054996, 33.604336581130156], [-7.5260496413659785, 33.60424054249374]]]}, "properties": {"score": 68.20787910296904, "avg_travel_time_min": 19.0752726713075, "population": 3891.412058, "origin_count": 72, "grid_size_m": 750}}, {"type": "Feature", "geometry": {"type": "Polygon", "coordinates": [[[-7.525934534387044, 33.611002918024056], [-7.525819388986313, 33.61776528580121], [-7.533902157018384, 33.61786137334487], [-7.534016671642415, 33.61109898111223], [-7.525934534387044, 33.611002918024056]]]}, "properties": {"score": 73.2525447177958, "avg_travel_time_min": 16.04847314278554, "population": 3637.838207, "origin_count": 73, "grid_size_m": 750}}, {"type": "Feature", "geometry": {"type": "Polygon", "coordinates": [[[-7.525819388986313, 33.61776528580121], [-7.525704205151623, 33.62452764582433], [-7.53378760417081, 33.62462375782722], [-7.533902157018384, 33.61786137334487], [-7.525819388986313, 33.61776528580121]]]}, "properties": {"score": 55.49059054446041, "avg_travel_time_min": 26.70564564253931, "population": 1787.459717, "origin_count": 62, "grid_size_m": 750}}, {"type": "Feature", "geometry": {"type": "Polygon", "coordinates": [[[-7.521765918733751, 33.38098204909151], [-7.521651449240433, 33.387744655526014], [-7.529712850450241, 33.387840437045234], [-7.529826696293581, 33.38107780614806], [-7.521765918733751, 33.38098204909151]]]}, "properties": {"score": 0.0, "avg_travel_time_min": 95.14883795040714, "population": 394.402222, "origin_count": 6, "grid_size_m": 750}}, {"type": "Feature", "geometry": {"type": "Polygon", "coordinates": [[[-7.521651449240433, 33.387744655526014], [-7.5215369415151105, 33.3945072542324], [-7.529598966583064, 33.39460306021797], [-7.529712850450241, 33.387840437045234], [-7.521651449240433, 33.387744655526014]]]}, "properties": {"score": 0.0, "avg_travel_time_min": 94.42475542661775, "population": 1127.070078, "origin_count": 19, "grid_size_m": 750}}, {"type": "Feature", "geometry": {"type": "Polygon", "coordinates": [[[-7.5215369415151105, 33.3945072542324], [-7.521422395545754, 33.40126984520979], [-7.529485044680087, 33.40136567566544], [-7.529598966583064, 33.39460306021797], [-7.5215369415151105, 33.3945072542324]]]}, "properties": {"score": 0.0, "avg_travel_time_min": 90.58984570924012, "population": 2385.796836, "origin_count": 39, "grid_size_m": 750}}, {"type": "Feature", "geometry": {"type": "Polygon", "coordinates": [[[-7.521422395545754, 33.40126984520979], [-7.521307811320336, 33.408032428457304], [-7.529371084729343, 33.40812828338673], [-7.529485044680087, 33.40136567566544], [-7.521422395545754, 33.40126984520979]]]}, "properties": {"score": 0.0, "avg_travel_time_min": 90.42260223059887, "population": 3123.4047569999993, "origin_count": 75, "grid_size_m": 750}}, {"type": "Feature", "geometry": {"type": "Polygon", "coordinates": [[[-7.521307811320336, 33.408032428457304], [-7.521193188826814, 33.41479500397405], [-7.529257086718859, 33.414890883381005], [-7.529371084729343, 33.40812828338673], [-7.521307811320336, 33.408032428457304]]]}, "properties": {"score": 0.0, "avg_travel_time_min": 85.0273678504091, "population": 122.88971310000001, "origin_count": 15, "grid_size_m": 750}}, {"type": "Feature", "geometry": {"type": "Polygon", "coordinates": [[[-7.521078528053144, 33.42155757175915], [-7.520963828987273, 33.428320131811745], [-7.529028976470745, 33.428416060184894], [-7.529143050636655, 33.42165347564734], [-7.521078528053144, 33.42155757175915]]]}, "properties": {"score": 0.0, "avg_travel_time_min": 72.76829241883026, "population": 83.5044385, "origin_count": 15, "grid_size_m": 750}}, {"type": "Feature", "geometry": {"type": "Polygon", "coordinates": [[[-7.520963828987273, 33.428320131811745], [-7.520849091617145, 33.435082684130954], [-7.528914864209139, 33.43517863699279], [-7.529028976470745, 33.428416060184894], [-7.520963828987273, 33.428320131811745]]]}, "properties": {"score": 0.0, "avg_travel_time_min": 71.0407021881464, "population": 439.7565801, "origin_count": 54, "grid_size_m": 750}}, {"type": "Feature", "geometry": {"type": "Polygon", "coordinates": [[[-7.520849091617145, 33.435082684130954], [-7.520734315930697, 33.441845228715884], [-7.528800713839837, 33.44194120607011], [-7.528914864209139, 33.43517863699279], [-7.520849091617145, 33.435082684130954]]]}, "properties": {"score": 0.0, "avg_travel_time_min": 72.55952219667418, "population": 971.0209839999999, "origin_count": 60, "grid_size_m": 750}}, {"type": "Feature", "geometry": {"type": "Polygon", "coordinates": [[[-7.520734315930697, 33.441845228715884], [-7.520619501915858, 33.448607765565676], [-7.528686525350836, 33.448703767416035], [-7.528800713839837, 33.44194120607011], [-7.520734315930697, 33.441845228715884]]]}, "properties": {"score": 0.0, "avg_travel_time_min": 66.36553788196946, "population": 1107.0666229000003, "origin_count": 46, "grid_size_m": 750}}, {"type": "Feature", "geometry": {"type": "Polygon", "coordinates": [[[-7.520619501915858, 33.448607765565676], [-7.5205046495605545, 33.45537029467944], [-7.5285722987301265, 33.455466321029654], [-7.528686525350836, 33.448703767416035], [-7.520619501915858, 33.448607765565676]]]}, "properties": {"score": 2.5690450545638126, "avg_travel_time_min": 59.01664997460345, "population": 2235.7277658999997, "origin_count": 69, "grid_size_m": 750}}, {"type": "Feature", "geometry": {"type": "Polygon", "coordinates": [[[-7.5205046495605545, 33.45537029467944], [-7.520389758852701, 33.46213281605632], [-7.528458033965691, 33.462228866910124], [-7.5285722987301265, 33.455466321029654], [-7.5205046495605545, 33.45537029467944]]]}, "properties": {"score": 0.01784281315137755, "avg_travel_time_min": 62.71225280522934, "population": 1682.4139313999997, "origin_count": 66, "grid_size_m": 750}}, {"type": "Feature", "geometry": {"type": "Polygon", "coordinates": [[[-7.520389758852701, 33.46213281605632], [-7.520274829780213, 33.46889532969542], [-7.528343731045507, 33.468991405056535], [-7.528458033965691, 33.462228866910124], [-7.520389758852701, 33.46213281605632]]]}, "properties": {"score": 0.0, "avg_travel_time_min": 65.95607341305278, "population": 339.75900269999994, "origin_count": 47, "grid_size_m": 750}}, {"type": "Feature", "geometry": {"type": "Polygon", "coordinates": [[[-7.520274829780213, 33.46889532969542], [-7.5201598623309955, 33.47565783559587], [-7.528229389957548, 33.47575393546804], [-7.528343731045507, 33.468991405056535], [-7.520274829780213, 33.46889532969542]]]}, "properties": {"score": 0.0, "avg_travel_time_min": 69.40043403268909, "population": 153.0678817, "origin_count": 24, "grid_size_m": 750}}, {"type": "Feature", "geometry": {"type": "Polygon", "coordinates": [[[-7.5201598623309955, 33.47565783559587], [-7.520044856492946, 33.4824203337568], [-7.528115010689777, 33.482516458143756], [-7.528229389957548, 33.47575393546804], [-7.5201598623309955, 33.47565783559587]]]}, "properties": {"score": 0.0, "avg_travel_time_min": 73.50424149653813, "population": 151.1955767, "origin_count": 25, "grid_size_m": 750}}, {"type": "Feature", "geometry": {"type": "Polygon", "coordinates": [[[-7.520044856492946, 33.4824203337568], [-7.51992981225396, 33.48918282417733], [-7.528000593230155, 33.48927897308281], [-7.528115010689777, 33.482516458143756], [-7.520044856492946, 33.4824203337568]]]}, "properties": {"score": 0.0, "avg_travel_time_min": 68.76690428531165, "population": 279.6544985, "origin_count": 51, "grid_size_m": 750}}, {"type": "Feature", "geometry": {"type": "Polygon", "coordinates": [[[-7.51992981225396, 33.48918282417733], [-7.519814729601925, 33.4959453068566], [-7.527886137566633, 33.49604148028435], [-7.528000593230155, 33.48927897308281], [-7.51992981225396, 33.48918282417733]]]}, "properties": {"score": 0.0, "avg_travel_time_min": 73.57991869499044, "population": 191.10353329999998, "origin_count": 34, "grid_size_m": 750}}, {"type": "Feature", "geometry": {"type": "Polygon", "coordinates": [[[-7.519814729601925, 33.4959453068566], [-7.5196996085247205, 33.5027077817937], [-7.52777164368716, 33.502803979747455], [-7.527886137566633, 33.49604148028435], [-7.519814729601925, 33.4959453068566]]]}, "properties": {"score": 0.0, "avg_travel_time_min": 74.15193991493388, "population": 37.9666771, "origin_count": 7, "grid_size_m": 750}}, {"type": "Feature", "geometry": {"type": "Polygon", "coordinates": [[[-7.519584449010222, 33.50947024898781], [-7.519469251046297, 33.51623270843803], [-7.527542541232116, 33.516328955454995], [-7.527657111579677, 33.509566471471295], [-7.519584449010222, 33.50947024898781]]]}, "properties": {"score": 12.1925218603269, "avg_travel_time_min": 52.68448697866158, "population": 569.7883297, "origin_count": 58, "grid_size_m": 750}}, {"type": "Feature", "geometry": {"type": "Polygon", "coordinates": [[[-7.519469251046297, 33.51623270843803], [-7.51935401462081, 33.52299516014348], [-7.527427932632408, 33.52309143169768], [-7.527542541232116, 33.516328955454995], [-7.519469251046297, 33.51623270843803]]]}, "properties": {"score": 28.521204871041245, "avg_travel_time_min": 42.887277163058044, "population": 2298.5735949999994, "origin_count": 75, "grid_size_m": 750}}, {"type": "Feature", "geometry": {"type": "Polygon", "coordinates": [[[-7.51935401462081, 33.52299516014348], [-7.519238739721618, 33.52975760410328], [-7.527313285768475, 33.52985390019846], [-7.527427932632408, 33.52309143169768], [-7.51935401462081, 33.52299516014348]]]}, "properties": {"score": 33.942551979980266, "avg_travel_time_min": 39.6344687846531, "population": 6624.4791829999995, "origin_count": 72, "grid_size_m": 750}}, {"type": "Feature", "geometry": {"type": "Polygon", "coordinates": [[[-7.519238739721618, 33.52975760410328], [-7.519123426336568, 33.53652004031658], [-7.527198600628234, 33.53661636095648], [-7.527313285768475, 33.52985390019846], [-7.519238739721618, 33.52975760410328]]]}, "properties": {"score": 30.640180260394743, "avg_travel_time_min": 41.61589162478544, "population": 9307.73264, "origin_count": 75, "grid_size_m": 750}}, {"type": "Feature", "geometry": {"type": "Polygon", "coordinates": [[[-7.519123426336568, 33.53652004031658], [-7.519008074453508, 33.543282468782515], [-7.527083877199593, 33.54337881397088], [-7.527198600628234, 33.53661636095648], [-7.519123426336568, 33.53652004031658]]]}, "properties": {"score": 24.048847294605523, "avg_travel_time_min": 45.570691648713044, "population": 6549.332731000001, "origin_count": 85, "grid_size_m": 750}}, {"type": "Feature", "geometry": {"type": "Polygon", "coordinates": [[[-7.519008074453508, 33.543282468782515], [-7.518892684060273, 33.5500448895002], [-7.5269691154704566, 33.550141259240775], [-7.527083877199593, 33.54337881397088], [-7.519008074453508, 33.543282468782515]]]}, "properties": {"score": 32.34657045005511, "avg_travel_time_min": 40.592057864734095, "population": 6062.940909, "origin_count": 85, "grid_size_m": 750}}, {"type": "Feature", "geometry": {"type": "Polygon", "coordinates": [[[-7.518892684060273, 33.5500448895002], [-7.518777255144693, 33.55680730246875], [-7.526854315428723, 33.5569036967653], [-7.5269691154704566, 33.550141259240775], [-7.518892684060273, 33.5500448895002]]]}, "properties": {"score": 40.116196842970645, "avg_travel_time_min": 35.93028170349898, "population": 11591.163174000001, "origin_count": 80, "grid_size_m": 750}}, {"type": "Feature", "geometry": {"type": "Polygon", "coordinates": [[[-7.518777255144693, 33.55680730246875], [-7.518661787694597, 33.563569707687314], [-7.526739477062285, 33.56366612654358], [-7.526854315428723, 33.5569036967653], [-7.518777255144693, 33.55680730246875]]]}, "properties": {"score": 51.0224890949558, "avg_travel_time_min": 29.38650659946232, "population": 23804.248106, "origin_count": 80, "grid_size_m": 750}}, {"type": "Feature", "geometry": {"type": "Polygon", "coordinates": [[[-7.518661787694597, 33.563569707687314], [-7.518546281697804, 33.57033210515503], [-7.526624600359025, 33.57042854857478], [-7.526739477062285, 33.56366612654358], [-7.518661787694597, 33.563569707687314]]]}, "properties": {"score": 43.73413633033075, "avg_travel_time_min": 33.75951843729035, "population": 30100.46232, "origin_count": 77, "grid_size_m": 750}}, {"type": "Feature", "geometry": {"type": "Polygon", "coordinates": [[[-7.518546281697804, 33.57033210515503], [-7.518430737142125, 33.57709449487102], [-7.526509685306825, 33.577190962858], [-7.526624600359025, 33.57042854857478], [-7.518546281697804, 33.57033210515503]]]}, "properties": {"score": 49.5041463213028, "avg_travel_time_min": 30.297512127331704, "population": 30768.651879999998, "origin_count": 72, "grid_size_m": 750}}, {"type": "Feature", "geometry": {"type": "Polygon", "coordinates": [[[-7.518430737142125, 33.57709449487102], [-7.518315154015366, 33.58385687683438], [-7.526394731893556, 33.58395336939235], [-7.526509685306825, 33.577190962858], [-7.518430737142125, 33.57709449487102]]]}, "properties": {"score": 52.3279889573946, "avg_travel_time_min": 28.603206708395295, "population": 11594.119519, "origin_count": 73, "grid_size_m": 750}}, {"type": "Feature", "geometry": {"type": "Polygon", "coordinates": [[[-7.518315154015366, 33.58385687683438], [-7.5181995323053314, 33.5906192510443], [-7.526279740107086, 33.590715768177006], [-7.526394731893556, 33.58395336939235], [-7.518315154015366, 33.58385687683438]]]}, "properties": {"score": 54.359851786499895, "avg_travel_time_min": 27.384088910404824, "population": 12273.246134, "origin_count": 80, "grid_size_m": 750}}, {"type": "Feature", "geometry": {"type": "Polygon", "coordinates": [[[-7.5181995323053314, 33.5906192510443], [-7.518083871999813, 33.59738161749986], [-7.5261647099352755, 33.5974781592111], [-7.526279740107086, 33.590715768177006], [-7.5181995323053314, 33.5906192510443]]]}, "properties": {"score": 62.92792297999302, "avg_travel_time_min": 22.24324609596394, "population": 10701.766082, "origin_count": 80, "grid_size_m": 750}}, {"type": "Feature", "geometry": {"type": "Polygon", "coordinates": [[[-7.518083871999813, 33.59738161749986], [-7.517968173086596, 33.604143976200234], [-7.5260496413659785, 33.60424054249374], [-7.5261647099352755, 33.5974781592111], [-7.518083871999813, 33.59738161749986]]]}, "properties": {"score": 69.6291219551596, "avg_travel_time_min": 18.222526603766024, "population": 10968.368282, "origin_count": 88, "grid_size_m": 750}}, {"type": "Feature", "geometry": {"type": "Polygon", "coordinates": [[[-7.517968173086596, 33.604143976200234], [-7.5178524355534675, 33.61090632714452], [-7.525934534387044, 33.611002918024056], [-7.5260496413659785, 33.60424054249374], [-7.517968173086596, 33.604143976200234]]]}, "properties": {"score": 67.98430367151111, "avg_travel_time_min": 19.20941776159775, "population": 6290.302845, "origin_count": 82, "grid_size_m": 750}}, {"type": "Feature", "geometry": {"type": "Polygon", "coordinates": [[[-7.5178524355534675, 33.61090632714452], [-7.5177366593882, 33.617668670331874], [-7.525819388986313, 33.61776528580121], [-7.525934534387044, 33.611002918024056], [-7.5178524355534675, 33.61090632714452]]]}, "properties": {"score": 66.59634306025211, "avg_travel_time_min": 20.04219445077028, "population": 4126.99625, "origin_count": 79, "grid_size_m": 750}}, {"type": "Feature", "geometry": {"type": "Polygon", "coordinates": [[[-7.5177366593882, 33.617668670331874], [-7.517620844578564, 33.624431005761416], [-7.525704205151623, 33.62452764582433], [-7.525819388986313, 33.61776528580121], [-7.5177366593882, 33.617668670331874]]]}, "properties": {"score": 57.02109032361944, "avg_travel_time_min": 25.787345748225462, "population": 2265.4660219999996, "origin_count": 72, "grid_size_m": 750}}, {"type": "Feature", "geometry": {"type": "Polygon", "coordinates": [[[-7.517620844578564, 33.624431005761416], [-7.5175049911123235, 33.631193333432286], [-7.525588982870802, 33.631289998092534], [-7.525704205151623, 33.62452764582433], [-7.517620844578564, 33.624431005761416]]]}, "properties": {"score": 46.26787405106578, "avg_travel_time_min": 32.239275874222315, "population": 260.907269, "origin_count": 11, "grid_size_m": 750}}, {"type": "Feature", "geometry": {"type": "Polygon", "coordinates": [[[-7.513359784667488, 33.40117349112456], [-7.5132445761794315, 33.40793604976459], [-7.521307811320336, 33.408032428457304], [-7.521422395545754, 33.40126984520979], [-7.513359784667488, 33.40117349112456]]]}, "properties": {"score": 0.0, "avg_travel_time_min": 100.4293013158992, "population": 688.608359, "origin_count": 50, "grid_size_m": 750}}, {"type": "Feature", "geometry": {"type": "Polygon", "coordinates": [[[-7.5132445761794315, 33.40793604976459], [-7.513129329214915, 33.41469860067014], [-7.521193188826814, 33.41479500397405], [-7.521307811320336, 33.408032428457304], [-7.5132445761794315, 33.40793604976459]]]}, "properties": {"score": 0.0, "avg_travel_time_min": 99.7808082109366, "population": 380.2361472, "origin_count": 41, "grid_size_m": 750}}, {"type": "Feature", "geometry": {"type": "Polygon", "coordinates": [[[-7.51301404376183, 33.421461143840304], [-7.512898719808055, 33.428223679274204], [-7.520963828987273, 33.428320131811745], [-7.521078528053144, 33.42155757175915], [-7.51301404376183, 33.421461143840304]]]}, "properties": {"score": 0.0, "avg_travel_time_min": 76.41739466005657, "population": 60.08311890000001, "origin_count": 11, "grid_size_m": 750}}, {"type": "Feature", "geometry": {"type": "Polygon", "coordinates": [[[-7.512898719808055, 33.428223679274204], [-7.512783357341469, 33.43498620697097], [-7.520849091617145, 33.435082684130954], [-7.520963828987273, 33.428320131811745], [-7.512898719808055, 33.428223679274204]]]}, "properties": {"score": 0.0, "avg_travel_time_min": 72.61040304872857, "population": 438.03583490000005, "origin_count": 40, "grid_size_m": 750}}, {"type": "Feature", "geometry": {"type": "Polygon", "coordinates": [[[-7.512783357341469, 33.43498620697097], [-7.512667956349944, 33.44174872692972], [-7.520734315930697, 33.441845228715884], [-7.520849091617145, 33.435082684130954], [-7.512783357341469, 33.43498620697097]]]}, "properties": {"score": 0.0, "avg_travel_time_min": 72.01355496163586, "population": 1463.6541610000002, "origin_count": 74, "grid_size_m": 750}}, {"type": "Feature", "geometry": {"type": "Polygon", "coordinates": [[[-7.512667956349944, 33.44174872692972], [-7.512552516821344, 33.44851123914958], [-7.520619501915858, 33.448607765565676], [-7.520734315930697, 33.441845228715884], [-7.512667956349944, 33.44174872692972]]]}, "properties": {"score": 0.0, "avg_travel_time_min": 64.40995251261614, "population": 3337.5788900000002, "origin_count": 72, "grid_size_m": 750}}, {"type": "Feature", "geometry": {"type": "Polygon", "coordinates": [[[-7.512552516821344, 33.44851123914958], [-7.512437038743527, 33.45527374362968], [-7.5205046495605545, 33.45537029467944], [-7.520619501915858, 33.448607765565676], [-7.512552516821344, 33.44851123914958]]]}, "properties": {"score": 1.9046340867318927, "avg_travel_time_min": 59.77610787782986, "population": 5681.795233999999, "origin_count": 77, "grid_size_m": 750}}, {"type": "Feature", "geometry": {"type": "Polygon", "coordinates": [[[-7.512437038743527, 33.45527374362968], [-7.5123215221043464, 33.46203624036912], [-7.520389758852701, 33.46213281605632], [-7.5205046495605545, 33.45537029467944], [-7.512437038743527, 33.45527374362968]]]}, "properties": {"score": 2.4049261508734343, "avg_travel_time_min": 58.87067600239125, "population": 4388.334461, "origin_count": 80, "grid_size_m": 750}}, {"type": "Feature", "geometry": {"type": "Polygon", "coordinates": [[[-7.5123215221043464, 33.46203624036912], [-7.512205966891649, 33.46879872936705], [-7.520274829780213, 33.46889532969542], [-7.520389758852701, 33.46213281605632], [-7.5123215221043464, 33.46203624036912]]]}, "properties": {"score": 1.4260663902581154, "avg_travel_time_min": 59.82823463960853, "population": 799.6880191, "origin_count": 74, "grid_size_m": 750}}, {"type": "Feature", "geometry": {"type": "Polygon", "coordinates": [[[-7.512205966891649, 33.46879872936705], [-7.512090373093272, 33.47556121062255], [-7.5201598623309955, 33.47565783559587], [-7.520274829780213, 33.46889532969542], [-7.512205966891649, 33.46879872936705]]]}, "properties": {"score": 7.792809251202376, "avg_travel_time_min": 55.32431453059339, "population": 234.20290529999997, "origin_count": 36, "grid_size_m": 750}}, {"type": "Feature", "geometry": {"type": "Polygon", "coordinates": [[[-7.5119747406970525, 33.48232368413481], [-7.511859069690815, 33.489086149902896], [-7.51992981225396, 33.48918282417733], [-7.520044856492946, 33.4824203337568], [-7.5119747406970525, 33.48232368413481]]]}, "properties": {"score": 0.22249268142746206, "avg_travel_time_min": 60.09360613249822, "population": 10.2292261, "origin_count": 2, "grid_size_m": 750}}, {"type": "Feature", "geometry": {"type": "Polygon", "coordinates": [[[-7.511859069690815, 33.489086149902896], [-7.5117433600623835, 33.49584860792597], [-7.519814729601925, 33.4959453068566], [-7.51992981225396, 33.48918282417733], [-7.511859069690815, 33.489086149902896]]]}, "properties": {"score": 12.043412, "avg_travel_time_min": 52.773952, "population": 5.44154, "origin_count": 1, "grid_size_m": 750}}, {"type": "Feature", "geometry": {"type": "Polygon", "coordinates": [[[-7.5117433600623835, 33.49584860792597], [-7.511627611799573, 33.50261105820312], [-7.5196996085247205, 33.5027077817937], [-7.519814729601925, 33.4959453068566], [-7.5117433600623835, 33.49584860792597]]]}, "properties": {"score": 11.347799225435233, "avg_travel_time_min": 53.191320620832705, "population": 15.528249800000001, "origin_count": 3, "grid_size_m": 750}}, {"type": "Feature", "geometry": {"type": "Polygon", "coordinates": [[[-7.511627611799573, 33.50261105820312], [-7.5115118248901895, 33.50937350073351], [-7.519584449010222, 33.50947024898781], [-7.5196996085247205, 33.5027077817937], [-7.511627611799573, 33.50261105820312]]]}, "properties": {"score": 15.523552058473056, "avg_travel_time_min": 50.685867981951596, "population": 129.116348, "origin_count": 10, "grid_size_m": 750}}, {"type": "Feature", "geometry": {"type": "Polygon", "coordinates": [[[-7.5115118248901895, 33.50937350073351], [-7.51139599932204, 33.51613593551623], [-7.519469251046297, 33.51623270843803], [-7.519584449010222, 33.50947024898781], [-7.5115118248901895, 33.50937350073351]]]}, "properties": {"score": 21.194410313011915, "avg_travel_time_min": 47.283353683977225, "population": 1195.0013791000001, "origin_count": 80, "grid_size_m": 750}}, {"type": "Feature", "geometry": {"type": "Polygon", "coordinates": [[[-7.51139599932204, 33.51613593551623], [-7.511280135082917, 33.522898362550436], [-7.51935401462081, 33.52299516014348], [-7.519469251046297, 33.51623270843803], [-7.51139599932204, 33.51613593551623]]]}, "properties": {"score": 20.468124771010043, "avg_travel_time_min": 47.71912520868087, "population": 1322.7023060000001, "origin_count": 80, "grid_size_m": 750}}, {"type": "Feature", "geometry": {"type": "Polygon", "coordinates": [[[-7.511280135082917, 33.522898362550436], [-7.511164232160614, 33.52966078183523], [-7.519238739721618, 33.52975760410328], [-7.51935401462081, 33.52299516014348], [-7.511280135082917, 33.522898362550436]]]}, "properties": {"score": 22.547721275619054, "avg_travel_time_min": 46.471367181822096, "population": 3903.335447, "origin_count": 80, "grid_size_m": 750}}, {"type": "Feature", "geometry": {"type": "Polygon", "coordinates": [[[-7.511164232160614, 33.52966078183523], [-7.511048290542915, 33.53642319336976], [-7.519123426336568, 33.53652004031658], [-7.519238739721618, 33.52975760410328], [-7.511164232160614, 33.52966078183523]]]}, "properties": {"score": 21.27551238749522, "avg_travel_time_min": 47.23469250532368, "population": 4210.330994, "origin_count": 77, "grid_size_m": 750}}, {"type": "Feature", "geometry": {"type": "Polygon", "coordinates": [[[-7.511048290542915, 33.53642319336976], [-7.510932310217595, 33.54318559715315], [-7.519008074453508, 33.543282468782515], [-7.519123426336568, 33.53652004031658], [-7.511048290542915, 33.53642319336976]]]}, "properties": {"score": 10.241064534201627, "avg_travel_time_min": 53.855361315447, "population": 2094.9095850000003, "origin_count": 72, "grid_size_m": 750}}, {"type": "Feature", "geometry": {"type": "Polygon", "coordinates": [[[-7.510932310217595, 33.54318559715315], [-7.510816291172428, 33.5499479931845], [-7.518892684060273, 33.5500448895002], [-7.519008074453508, 33.543282468782515], [-7.510932310217595, 33.54318559715315]]]}, "properties": {"score": 24.446023812783995, "avg_travel_time_min": 45.33238552308512, "population": 4785.368451, "origin_count": 77, "grid_size_m": 750}}, {"type": "Feature", "geometry": {"type": "Polygon", "coordinates": [[[-7.510816291172428, 33.5499479931845], [-7.5107002333951804, 33.55671038146296], [-7.518777255144693, 33.55680730246875], [-7.518892684060273, 33.5500448895002], [-7.510816291172428, 33.5499479931845]]]}, "properties": {"score": 37.73891480210944, "avg_travel_time_min": 37.356651288203615, "population": 17989.756988, "origin_count": 86, "grid_size_m": 750}}, {"type": "Feature", "geometry": {"type": "Polygon", "coordinates": [[[-7.5107002333951804, 33.55671038146296], [-7.510584136873608, 33.56347276198767], [-7.518661787694597, 33.563569707687314], [-7.518777255144693, 33.55680730246875], [-7.5107002333951804, 33.55671038146296]]]}, "properties": {"score": 35.33960460848046, "avg_travel_time_min": 38.79623724701363, "population": 20820.03539, "origin_count": 80, "grid_size_m": 750}}, {"type": "Feature", "geometry": {"type": "Polygon", "coordinates": [[[-7.510584136873608, 33.56347276198767], [-7.510468001595468, 33.57023513475774], [-7.518546281697804, 33.57033210515503], [-7.518661787694597, 33.563569707687314], [-7.510584136873608, 33.56347276198767]]]}, "properties": {"score": 45.478357972879344, "avg_travel_time_min": 32.712985097380496, "population": 33406.36696, "origin_count": 80, "grid_size_m": 750}}, {"type": "Feature", "geometry": {"type": "Polygon", "coordinates": [[[-7.510468001595468, 33.57023513475774], [-7.510351827548502, 33.57699749977232], [-7.518430737142125, 33.57709449487102], [-7.518546281697804, 33.57033210515503], [-7.510468001595468, 33.57023513475774]]]}, "properties": {"score": 53.09842220041128, "avg_travel_time_min": 28.140946842006215, "population": 28730.02439, "origin_count": 80, "grid_size_m": 750}}, {"type": "Feature", "geometry": {"type": "Polygon", "coordinates": [[[-7.510351827548502, 33.57699749977232], [-7.510235614720456, 33.583759857030486], [-7.518315154015366, 33.58385687683438], [-7.518430737142125, 33.57709449487102], [-7.510351827548502, 33.57699749977232]]]}, "properties": {"score": 55.958761956109335, "avg_travel_time_min": 26.42474291578433, "population": 30616.053659999994, "origin_count": 79, "grid_size_m": 750}}, {"type": "Feature", "geometry": {"type": "Polygon", "coordinates": [[[-7.510235614720456, 33.583759857030486], [-7.51011936309906, 33.590522206531425], [-7.5181995323053314, 33.5906192510443], [-7.518315154015366, 33.58385687683438], [-7.510235614720456, 33.583759857030486]]]}, "properties": {"score": 47.631669555276574, "avg_travel_time_min": 31.42099809850852, "population": 11192.936800000001, "origin_count": 72, "grid_size_m": 750}}, {"type": "Feature", "geometry": {"type": "Polygon", "coordinates": [[[-7.51011936309906, 33.590522206531425], [-7.510003072672044, 33.59728454827424], [-7.518083871999813, 33.59738161749986], [-7.5181995323053314, 33.5906192510443], [-7.51011936309906, 33.590522206531425]]]}, "properties": {"score": 56.20242109449202, "avg_travel_time_min": 26.278547327178295, "population": 7956.018994999999, "origin_count": 72, "grid_size_m": 750}}, {"type": "Feature", "geometry": {"type": "Polygon", "coordinates": [[[-7.510003072672044, 33.59728454827424], [-7.509886743427127, 33.60404688225807], [-7.517968173086596, 33.604143976200234], [-7.518083871999813, 33.59738161749986], [-7.510003072672044, 33.59728454827424]]]}, "properties": {"score": 64.4664023266177, "avg_travel_time_min": 21.32015890585024, "population": 7096.027723, "origin_count": 80, "grid_size_m": 750}}, {"type": "Feature", "geometry": {"type": "Polygon", "coordinates": [[[-7.509886743427127, 33.60404688225807], [-7.509770375352031, 33.610809208482024], [-7.5178524355534675, 33.61090632714452], [-7.517968173086596, 33.604143976200234], [-7.509886743427127, 33.60404688225807]]]}, "properties": {"score": 66.82148477386623, "avg_travel_time_min": 19.907109177899034, "population": 6677.176347999999, "origin_count": 87, "grid_size_m": 750}}, {"type": "Feature", "geometry": {"type": "Polygon", "coordinates": [[[-7.509770375352031, 33.610809208482024], [-7.509653968434456, 33.61757152694527], [-7.5177366593882, 33.617668670331874], [-7.5178524355534675, 33.61090632714452], [-7.509770375352031, 33.610809208482024]]]}, "properties": {"score": 61.801125024511, "avg_travel_time_min": 22.91932512758653, "population": 4300.967822, "origin_count": 83, "grid_size_m": 750}}, {"type": "Feature", "geometry": {"type": "Polygon", "coordinates": [[[-7.509653968434456, 33.61757152694527], [-7.509537522662113, 33.624333837646915], [-7.517620844578564, 33.624431005761416], [-7.5177366593882, 33.617668670331874], [-7.509653968434456, 33.61757152694527]]]}, "properties": {"score": 59.489033168743646, "avg_travel_time_min": 24.306580127149534, "population": 3564.358231, "origin_count": 80, "grid_size_m": 750}}, {"type": "Feature", "geometry": {"type": "Polygon", "coordinates": [[[-7.509537522662113, 33.624333837646915], [-7.509421038022692, 33.631096140586095], [-7.5175049911123235, 33.631193333432286], [-7.517620844578564, 33.624431005761416], [-7.509537522662113, 33.624333837646915]]]}, "properties": {"score": 48.679587173372425, "avg_travel_time_min": 30.79224769081092, "population": 2430.013361, "origin_count": 72, "grid_size_m": 750}}, {"type": "Feature", "geometry": {"type": "Polygon", "coordinates": [[[-7.509421038022692, 33.631096140586095], [-7.5093045145038895, 33.63785843576194], [-7.517389098977233, 33.6379556533436], [-7.5175049911123235, 33.631193333432286], [-7.509421038022692, 33.631096140586095]]]}, "properties": {"score": 36.46526542666774, "avg_travel_time_min": 38.1208408523364, "population": 335.81387100000006, "origin_count": 14, "grid_size_m": 750}}, {"type": "Feature", "geometry": {"type": "Polygon", "coordinates": [[[-7.5052972122535735, 33.40107661341809], [-7.505181379514987, 33.407839147317], [-7.5132445761794315, 33.40793604976459], [-7.513359784667488, 33.40117349112456], [-7.5052972122535735, 33.40107661341809]]]}, "properties": {"score": 0.0, "avg_travel_time_min": 107.71270365803444, "population": 52.019749299999994, "origin_count": 6, "grid_size_m": 750}}, {"type": "Feature", "geometry": {"type": "Polygon", "coordinates": [[[-7.505181379514987, 33.407839147317], [-7.505065508091588, 33.414601673477634], [-7.513129329214915, 33.41469860067014], [-7.5132445761794315, 33.40793604976459], [-7.505181379514987, 33.407839147317]]]}, "properties": {"score": 0.0, "avg_travel_time_min": 104.10993046508553, "population": 179.42667380000006, "origin_count": 29, "grid_size_m": 750}}, {"type": "Feature", "geometry": {"type": "Polygon", "coordinates": [[[-7.504833649141647, 33.42812670258062], [-7.504717661590734, 33.4348892055212], [-7.512783357341469, 33.43498620697097], [-7.512898719808055, 33.428223679274204], [-7.504833649141647, 33.42812670258062]]]}, "properties": {"score": 0.0, "avg_travel_time_min": 81.02233048250157, "population": 18.996240999999998, "origin_count": 2, "grid_size_m": 750}}, {"type": "Feature", "geometry": {"type": "Polygon", "coordinates": [[[-7.504717661590734, 33.4348892055212], [-7.504601635306266, 33.44165170072001], [-7.512667956349944, 33.44174872692972], [-7.512783357341469, 33.43498620697097], [-7.504717661590734, 33.4348892055212]]]}, "properties": {"score": 0.0, "avg_travel_time_min": 74.84259189179929, "population": 687.5479146999999, "origin_count": 80, "grid_size_m": 750}}, {"type": "Feature", "geometry": {"type": "Polygon", "coordinates": [[[-7.504601635306266, 33.44165170072001], [-7.504485570276045, 33.448414188176145], [-7.512552516821344, 33.44851123914958], [-7.512667956349944, 33.44174872692972], [-7.504601635306266, 33.44165170072001]]]}, "properties": {"score": 0.0, "avg_travel_time_min": 68.38953878373708, "population": 2053.5571547, "origin_count": 82, "grid_size_m": 750}}, {"type": "Feature", "geometry": {"type": "Polygon", "coordinates": [[[-7.504485570276045, 33.448414188176145], [-7.504369466487864, 33.45517666788874], [-7.512437038743527, 33.45527374362968], [-7.512552516821344, 33.44851123914958], [-7.504485570276045, 33.448414188176145]]]}, "properties": {"score": 0.30963242993980744, "avg_travel_time_min": 62.26804803851695, "population": 3233.4868677, "origin_count": 75, "grid_size_m": 750}}, {"type": "Feature", "geometry": {"type": "Polygon", "coordinates": [[[-7.504369466487864, 33.45517666788874], [-7.504253323929509, 33.46193913985693], [-7.5123215221043464, 33.46203624036912], [-7.512437038743527, 33.45527374362968], [-7.504369466487864, 33.45517666788874]]]}, "properties": {"score": 0.0, "avg_travel_time_min": 64.25261880337384, "population": 1564.457353, "origin_count": 72, "grid_size_m": 750}}, {"type": "Feature", "geometry": {"type": "Polygon", "coordinates": [[[-7.504253323929509, 33.46193913985693], [-7.50413714258876, 33.468701604079826], [-7.512205966891649, 33.46879872936705], [-7.5123215221043464, 33.46203624036912], [-7.504253323929509, 33.46193913985693]]]}, "properties": {"score": 0.65346917466591, "avg_travel_time_min": 63.058339677156205, "population": 497.56560799999994, "origin_count": 62, "grid_size_m": 750}}, {"type": "Feature", "geometry": {"type": "Polygon", "coordinates": [[[-7.50413714258876, 33.468701604079826], [-7.5040209224533925, 33.47546406055653], [-7.512090373093272, 33.47556121062255], [-7.512205966891649, 33.46879872936705], [-7.50413714258876, 33.468701604079826]]]}, "properties": {"score": 7.0824789881100765, "avg_travel_time_min": 55.772634347347825, "population": 138.2594897, "origin_count": 22, "grid_size_m": 750}}, {"type": "Feature", "geometry": {"type": "Polygon", "coordinates": [[[-7.503904663511173, 33.48222650928621], [-7.503788365749864, 33.48898895026794], [-7.511859069690815, 33.489086149902896], [-7.5119747406970525, 33.48232368413481], [-7.503904663511173, 33.48222650928621]]]}, "properties": {"score": 12.518806, "avg_travel_time_min": 52.488716, "population": 5.0544434, "origin_count": 1, "grid_size_m": 750}}, {"type": "Feature", "geometry": {"type": "Polygon", "coordinates": [[[-7.503788365749864, 33.48898895026794], [-7.5036720291572205, 33.495751383500874], [-7.5117433600623835, 33.49584860792597], [-7.511859069690815, 33.489086149902896], [-7.503788365749864, 33.48898895026794]]]}, "properties": {"score": 15.621319532242689, "avg_travel_time_min": 50.62720820474785, "population": 256.64798670000005, "origin_count": 47, "grid_size_m": 750}}, {"type": "Feature", "geometry": {"type": "Polygon", "coordinates": [[[-7.5036720291572205, 33.495751383500874], [-7.503555653720994, 33.502513808984105], [-7.511627611799573, 33.50261105820312], [-7.5117433600623835, 33.49584860792597], [-7.5036720291572205, 33.495751383500874]]]}, "properties": {"score": 21.633103605969307, "avg_travel_time_min": 47.0201380156706, "population": 456.32558180000007, "origin_count": 67, "grid_size_m": 750}}, {"type": "Feature", "geometry": {"type": "Polygon", "coordinates": [[[-7.503555653720994, 33.502513808984105], [-7.503439239428926, 33.5092762267168], [-7.5115118248901895, 33.50937350073351], [-7.511627611799573, 33.50261105820312], [-7.503555653720994, 33.502513808984105]]]}, "properties": {"score": 18.59025704821703, "avg_travel_time_min": 48.84584556042009, "population": 689.7416084999999, "origin_count": 42, "grid_size_m": 750}}, {"type": "Feature", "geometry": {"type": "Polygon", "coordinates": [[[-7.503439239428926, 33.5092762267168], [-7.503322786268751, 33.51603863669804], [-7.51139599932204, 33.51613593551623], [-7.5115118248901895, 33.50937350073351], [-7.503439239428926, 33.5092762267168]]]}, "properties": {"score": 16.29531247499931, "avg_travel_time_min": 50.22281235087138, "population": 2013.483772, "origin_count": 73, "grid_size_m": 750}}, {"type": "Feature", "geometry": {"type": "Polygon", "coordinates": [[[-7.503322786268751, 33.51603863669804], [-7.503206294228204, 33.522801038926985], [-7.511280135082917, 33.522898362550436], [-7.51139599932204, 33.51613593551623], [-7.503322786268751, 33.51603863669804]]]}, "properties": {"score": 11.312410436078101, "avg_travel_time_min": 53.21255374671016, "population": 1359.0704835, "origin_count": 80, "grid_size_m": 750}}, {"type": "Feature", "geometry": {"type": "Polygon", "coordinates": [[[-7.503206294228204, 33.522801038926985], [-7.503089763295006, 33.529563433402735], [-7.511164232160614, 33.52966078183523], [-7.511280135082917, 33.522898362550436], [-7.503206294228204, 33.522801038926985]]]}, "properties": {"score": 15.980727003756433, "avg_travel_time_min": 50.41156376947618, "population": 2352.834887, "origin_count": 80, "grid_size_m": 750}}, {"type": "Feature", "geometry": {"type": "Polygon", "coordinates": [[[-7.503089763295006, 33.529563433402735], [-7.502973193456879, 33.53632582012442], [-7.511048290542915, 33.53642319336976], [-7.511164232160614, 33.52966078183523], [-7.503089763295006, 33.529563433402735]]]}, "properties": {"score": 17.40175561084806, "avg_travel_time_min": 49.55894663501894, "population": 2960.4612260000004, "origin_count": 80, "grid_size_m": 750}}, {"type": "Feature", "geometry": {"type": "Polygon", "coordinates": [[[-7.502973193456879, 33.53632582012442], [-7.502856584701529, 33.54308819909117], [-7.510932310217595, 33.54318559715315], [-7.511048290542915, 33.53642319336976], [-7.502973193456879, 33.53632582012442]]]}, "properties": {"score": 18.969941193197215, "avg_travel_time_min": 48.6180352658159, "population": 1830.385616, "origin_count": 80, "grid_size_m": 750}}, {"type": "Feature", "geometry": {"type": "Polygon", "coordinates": [[[-7.502856584701529, 33.54308819909117], [-7.502739937016667, 33.54985057030212], [-7.510816291172428, 33.5499479931845], [-7.510932310217595, 33.54318559715315], [-7.502856584701529, 33.54308819909117]]]}, "properties": {"score": 18.06864905535102, "avg_travel_time_min": 49.158810751950405, "population": 1998.237621, "origin_count": 79, "grid_size_m": 750}}, {"type": "Feature", "geometry": {"type": "Polygon", "coordinates": [[[-7.502739937016667, 33.54985057030212], [-7.502623250389989, 33.55661293375637], [-7.5107002333951804, 33.55671038146296], [-7.510816291172428, 33.5499479931845], [-7.502739937016667, 33.54985057030212]]]}, "properties": {"score": 27.550179681051123, "avg_travel_time_min": 43.469892114015664, "population": 6237.570772, "origin_count": 76, "grid_size_m": 750}}, {"type": "Feature", "geometry": {"type": "Polygon", "coordinates": [[[-7.502623250389989, 33.55661293375637], [-7.502506524809188, 33.56337528945307], [-7.510584136873608, 33.56347276198767], [-7.5107002333951804, 33.55671038146296], [-7.502623250389989, 33.55661293375637]]]}, "properties": {"score": 32.285712750663635, "avg_travel_time_min": 40.62857238100807, "population": 15124.127166000002, "origin_count": 77, "grid_size_m": 750}}, {"type": "Feature", "geometry": {"type": "Polygon", "coordinates": [[[-7.502506524809188, 33.56337528945307], [-7.502389760261952, 33.57013763739135], [-7.510468001595468, 33.57023513475774], [-7.510584136873608, 33.56347276198767], [-7.502506524809188, 33.56337528945307]]]}, "properties": {"score": 39.911281522725226, "avg_travel_time_min": 36.05323103760759, "population": 26413.4064, "origin_count": 80, "grid_size_m": 750}}, {"type": "Feature", "geometry": {"type": "Polygon", "coordinates": [[[-7.502389760261952, 33.57013763739135], [-7.502272956735963, 33.576899977570314], [-7.510351827548502, 33.57699749977232], [-7.510468001595468, 33.57023513475774], [-7.502389760261952, 33.57013763739135]]]}, "properties": {"score": 36.56244764085095, "avg_travel_time_min": 38.0625313958241, "population": 17368.811457, "origin_count": 80, "grid_size_m": 750}}, {"type": "Feature", "geometry": {"type": "Polygon", "coordinates": [[[-7.502272956735963, 33.576899977570314], [-7.502156114218891, 33.583662309989094], [-7.510235614720456, 33.583759857030486], [-7.510351827548502, 33.57699749977232], [-7.502272956735963, 33.576899977570314]]]}, "properties": {"score": 48.62730966595799, "avg_travel_time_min": 30.8236143657674, "population": 37397.18365, "origin_count": 80, "grid_size_m": 750}}, {"type": "Feature", "geometry": {"type": "Polygon", "coordinates": [[[-7.502156114218891, 33.583662309989094], [-7.502039232698407, 33.59042463464683], [-7.51011936309906, 33.590522206531425], [-7.510235614720456, 33.583759857030486], [-7.502156114218891, 33.583662309989094]]]}, "properties": {"score": 51.75447119908847, "avg_travel_time_min": 28.947317476671625, "population": 20299.27478, "origin_count": 80, "grid_size_m": 750}}, {"type": "Feature", "geometry": {"type": "Polygon", "coordinates": [[[-7.502039232698407, 33.59042463464683], [-7.501922312162173, 33.59718695154265], [-7.510003072672044, 33.59728454827424], [-7.51011936309906, 33.590522206531425], [-7.502039232698407, 33.59042463464683]]]}, "properties": {"score": 49.16370099979403, "avg_travel_time_min": 30.501779498867762, "population": 12121.83325, "origin_count": 80, "grid_size_m": 750}}, {"type": "Feature", "geometry": {"type": "Polygon", "coordinates": [[[-7.501922312162173, 33.59718695154265], [-7.501805352597842, 33.60394926067568], [-7.509886743427127, 33.60404688225807], [-7.510003072672044, 33.59728454827424], [-7.501922312162173, 33.59718695154265]]]}, "properties": {"score": 59.308305727216194, "avg_travel_time_min": 24.415016775037863, "population": 5822.063016, "origin_count": 72, "grid_size_m": 750}}, {"type": "Feature", "geometry": {"type": "Polygon", "coordinates": [[[-7.501805352597842, 33.60394926067568], [-7.501688353993064, 33.61071156204503], [-7.509770375352031, 33.610809208482024], [-7.509886743427127, 33.60404688225807], [-7.501805352597842, 33.60394926067568]]]}, "properties": {"score": 73.15771096169213, "avg_travel_time_min": 16.10537361236993, "population": 4999.401137, "origin_count": 72, "grid_size_m": 750}}, {"type": "Feature", "geometry": {"type": "Polygon", "coordinates": [[[-7.501688353993064, 33.61071156204503], [-7.5015713163354825, 33.61747385564986], [-7.509653968434456, 33.61757152694527], [-7.509770375352031, 33.610809208482024], [-7.501688353993064, 33.61071156204503]]]}, "properties": {"score": 68.19163318477705, "avg_travel_time_min": 19.08502019770091, "population": 4921.443154, "origin_count": 85, "grid_size_m": 750}}, {"type": "Feature", "geometry": {"type": "Polygon", "coordinates": [[[-7.5015713163354825, 33.61747385564986], [-7.501454239612734, 33.62423614148929], [-7.509537522662113, 33.624333837646915], [-7.509653968434456, 33.61757152694527], [-7.5015713163354825, 33.61747385564986]]]}, "properties": {"score": 57.71751862175835, "avg_travel_time_min": 25.36948878369649, "population": 4365.87202, "origin_count": 83, "grid_size_m": 750}}, {"type": "Feature", "geometry": {"type": "Polygon", "coordinates": [[[-7.501454239612734, 33.62423614148929], [-7.501337123812446, 33.63099841956243], [-7.509421038022692, 33.631096140586095], [-7.509537522662113, 33.624333837646915], [-7.501454239612734, 33.62423614148929]]]}, "properties": {"score": 50.00114995312824, "avg_travel_time_min": 29.9993098843707, "population": 4109.092851, "origin_count": 80, "grid_size_m": 750}}, {"type": "Feature", "geometry": {"type": "Polygon", "coordinates": [[[-7.501337123812446, 33.63099841956243], [-7.501219968922245, 33.637760689868436], [-7.5093045145038895, 33.63785843576194], [-7.509421038022692, 33.631096140586095], [-7.501337123812446, 33.63099841956243]]]}, "properties": {"score": 38.44824707027956, "avg_travel_time_min": 36.931051703728656, "population": 2123.915422, "origin_count": 72, "grid_size_m": 750}}, {"type": "Feature", "geometry": {"type": "Polygon", "coordinates": [[[-7.501219968922245, 33.637760689868436], [-7.501102774929748, 33.644522952406426], [-7.509187952093385, 33.644620723173574], [-7.5093045145038895, 33.63785843576194], [-7.501219968922245, 33.637760689868436]]]}, "properties": {"score": 34.33729528732781, "avg_travel_time_min": 39.397623399746344, "population": 182.65515, "origin_count": 9, "grid_size_m": 750}}, {"type": "Feature", "geometry": {"type": "Polygon", "coordinates": [[[-7.497118221535353, 33.40774172112292], [-7.497001725665247, 33.414504222404965], [-7.505065508091588, 33.414601673477634], [-7.505181379514987, 33.407839147317], [-7.497118221535353, 33.40774172112292]]]}, "properties": {"score": 0.0, "avg_travel_time_min": 109.249695, "population": 5.225184, "origin_count": 1, "grid_size_m": 750}}, {"type": "Feature", "geometry": {"type": "Polygon", "coordinates": [[[-7.496652004573548, 33.43479167979008], [-7.49653535300834, 33.44155415009515], [-7.504601635306266, 33.44165170072001], [-7.504717661590734, 33.4348892055212], [-7.496652004573548, 33.43479167979008]]]}, "properties": {"score": 0.0, "avg_travel_time_min": 81.44601922207785, "population": 107.9125247, "origin_count": 19, "grid_size_m": 750}}, {"type": "Feature", "geometry": {"type": "Polygon", "coordinates": [[[-7.49653535300834, 33.44155415009515], [-7.496418662488707, 33.448316612653784], [-7.504485570276045, 33.448414188176145], [-7.504601635306266, 33.44165170072001], [-7.49653535300834, 33.44155415009515]]]}, "properties": {"score": 0.0, "avg_travel_time_min": 72.5705790597758, "population": 796.9161187000001, "origin_count": 69, "grid_size_m": 750}}, {"type": "Feature", "geometry": {"type": "Polygon", "coordinates": [[[-7.496418662488707, 33.448316612653784], [-7.496301933002374, 33.455079067465086], [-7.504369466487864, 33.45517666788874], [-7.504485570276045, 33.448414188176145], [-7.496418662488707, 33.448316612653784]]]}, "properties": {"score": 0.0, "avg_travel_time_min": 65.81630377086763, "population": 621.6224596999999, "origin_count": 62, "grid_size_m": 750}}, {"type": "Feature", "geometry": {"type": "Polygon", "coordinates": [[[-7.496301933002374, 33.455079067465086], [-7.4961851645370645, 33.46184151452819], [-7.504253323929509, 33.46193913985693], [-7.504369466487864, 33.45517666788874], [-7.496301933002374, 33.455079067465086]]]}, "properties": {"score": 0.0, "avg_travel_time_min": 71.41957471845463, "population": 240.30829090000003, "origin_count": 31, "grid_size_m": 750}}, {"type": "Feature", "geometry": {"type": "Polygon", "coordinates": [[[-7.4961851645370645, 33.46184151452819], [-7.49606835708049, 33.4686039538422], [-7.50413714258876, 33.468701604079826], [-7.504253323929509, 33.46193913985693], [-7.4961851645370645, 33.46184151452819]]]}, "properties": {"score": 0.0, "avg_travel_time_min": 70.72772884937078, "population": 60.07089679999999, "origin_count": 10, "grid_size_m": 750}}, {"type": "Feature", "geometry": {"type": "Polygon", "coordinates": [[[-7.495717700640246, 33.48889122528088], [-7.495600737095643, 33.49565363358976], [-7.5036720291572205, 33.495751383500874], [-7.503788365749864, 33.48898895026794], [-7.495717700640246, 33.48889122528088]]]}, "properties": {"score": 21.26521454921508, "avg_travel_time_min": 47.24087084195181, "population": 10.9860844, "origin_count": 2, "grid_size_m": 750}}, {"type": "Feature", "geometry": {"type": "Polygon", "coordinates": [[[-7.495600737095643, 33.49565363358976], [-7.495483734498256, 33.50241603414513], [-7.503555653720994, 33.502513808984105], [-7.5036720291572205, 33.495751383500874], [-7.495600737095643, 33.49565363358976]]]}, "properties": {"score": 19.16789332162763, "avg_travel_time_min": 48.499263942068815, "population": 699.5440104, "origin_count": 70, "grid_size_m": 750}}, {"type": "Feature", "geometry": {"type": "Polygon", "coordinates": [[[-7.495483734498256, 33.50241603414513], [-7.4953666928357645, 33.50917842694615], [-7.503439239428926, 33.5092762267168], [-7.503555653720994, 33.502513808984105], [-7.495483734498256, 33.50241603414513]]]}, "properties": {"score": 29.45546119080905, "avg_travel_time_min": 42.326723373600345, "population": 3167.39062, "origin_count": 88, "grid_size_m": 750}}, {"type": "Feature", "geometry": {"type": "Polygon", "coordinates": [[[-7.4953666928357645, 33.50917842694615], [-7.4952496120958365, 33.51594081199192], [-7.503322786268751, 33.51603863669804], [-7.503439239428926, 33.5092762267168], [-7.4953666928357645, 33.50917842694615]]]}, "properties": {"score": 30.024369878465862, "avg_travel_time_min": 41.985378064285605, "population": 2365.9753650000002, "origin_count": 79, "grid_size_m": 750}}, {"type": "Feature", "geometry": {"type": "Polygon", "coordinates": [[[-7.4952496120958365, 33.51594081199192], [-7.49513249226614, 33.522703189281586], [-7.503206294228204, 33.522801038926985], [-7.503322786268751, 33.51603863669804], [-7.4952496120958365, 33.51594081199192]]]}, "properties": {"score": 21.865200927194042, "avg_travel_time_min": 46.88087937975588, "population": 1282.113511, "origin_count": 72, "grid_size_m": 750}}, {"type": "Feature", "geometry": {"type": "Polygon", "coordinates": [[[-7.49513249226614, 33.522703189281586], [-7.4950153333343295, 33.52946555881425], [-7.503089763295006, 33.529563433402735], [-7.503206294228204, 33.522801038926985], [-7.49513249226614, 33.522703189281586]]]}, "properties": {"score": 34.722743288692264, "avg_travel_time_min": 39.16635394318473, "population": 1407.7784714999998, "origin_count": 72, "grid_size_m": 750}}, {"type": "Feature", "geometry": {"type": "Polygon", "coordinates": [[[-7.4950153333343295, 33.52946555881425], [-7.49489813528806, 33.53622792058904], [-7.502973193456879, 33.53632582012442], [-7.503089763295006, 33.529563433402735], [-7.4950153333343295, 33.52946555881425]]]}, "properties": {"score": 41.936094572695616, "avg_travel_time_min": 34.838343073447, "population": 2210.8560595, "origin_count": 79, "grid_size_m": 750}}, {"type": "Feature", "geometry": {"type": "Polygon", "coordinates": [[[-7.49489813528806, 33.53622792058904], [-7.494780898114977, 33.542990274605096], [-7.502856584701529, 33.54308819909117], [-7.502973193456879, 33.53632582012442], [-7.49489813528806, 33.53622792058904]]]}, "properties": {"score": 41.06207994207914, "avg_travel_time_min": 35.36275189611496, "population": 2305.355425, "origin_count": 80, "grid_size_m": 750}}, {"type": "Feature", "geometry": {"type": "Polygon", "coordinates": [[[-7.494780898114977, 33.542990274605096], [-7.494663621802718, 33.54975262086153], [-7.502739937016667, 33.54985057030212], [-7.502856584701529, 33.54308819909117], [-7.494780898114977, 33.542990274605096]]]}, "properties": {"score": 40.3445783670405, "avg_travel_time_min": 35.7932529053697, "population": 2101.407877, "origin_count": 80, "grid_size_m": 750}}, {"type": "Feature", "geometry": {"type": "Polygon", "coordinates": [[[-7.494663621802718, 33.54975262086153], [-7.494546306338917, 33.55651495935746], [-7.502623250389989, 33.55661293375637], [-7.502739937016667, 33.54985057030212], [-7.494663621802718, 33.54975262086153]]]}, "properties": {"score": 34.24351582465265, "avg_travel_time_min": 39.45389052027001, "population": 2486.799728, "origin_count": 80, "grid_size_m": 750}}, {"type": "Feature", "geometry": {"type": "Polygon", "coordinates": [[[-7.494546306338917, 33.55651495935746], [-7.4944289517112015, 33.56327729009201], [-7.502506524809188, 33.56337528945307], [-7.502623250389989, 33.55661293375637], [-7.494546306338917, 33.55651495935746]]]}, "properties": {"score": 31.51155346335808, "avg_travel_time_min": 41.09306798367157, "population": 8007.2250023000015, "origin_count": 85, "grid_size_m": 750}}, {"type": "Feature", "geometry": {"type": "Polygon", "coordinates": [[[-7.4944289517112015, 33.56327729009201], [-7.494311557907192, 33.570039613064324], [-7.502389760261952, 33.57013763739135], [-7.502506524809188, 33.56337528945307], [-7.4944289517112015, 33.56327729009201]]]}, "properties": {"score": 34.020759521605335, "avg_travel_time_min": 39.58754431397883, "population": 20865.60083, "origin_count": 77, "grid_size_m": 750}}, {"type": "Feature", "geometry": {"type": "Polygon", "coordinates": [[[-7.494311557907192, 33.570039613064324], [-7.4941941249145, 33.57680192827352], [-7.502272956735963, 33.576899977570314], [-7.502389760261952, 33.57013763739135], [-7.494311557907192, 33.570039613064324]]]}, "properties": {"score": 22.715050612734007, "avg_travel_time_min": 46.370969665059945, "population": 9863.860997, "origin_count": 72, "grid_size_m": 750}}, {"type": "Feature", "geometry": {"type": "Polygon", "coordinates": [[[-7.4941941249145, 33.57680192827352], [-7.494076652720739, 33.5835642357187], [-7.502156114218891, 33.583662309989094], [-7.502272956735963, 33.576899977570314], [-7.4941941249145, 33.57680192827352]]]}, "properties": {"score": 40.25009747556863, "avg_travel_time_min": 35.849941368863405, "population": 21389.141340000002, "origin_count": 78, "grid_size_m": 750}}, {"type": "Feature", "geometry": {"type": "Polygon", "coordinates": [[[-7.494076652720739, 33.5835642357187], [-7.493959141313505, 33.59032653539903], [-7.502039232698407, 33.59042463464683], [-7.502156114218891, 33.583662309989094], [-7.494076652720739, 33.5835642357187]]]}, "properties": {"score": 55.5474583825212, "avg_travel_time_min": 26.671524919449432, "population": 29173.01339, "origin_count": 80, "grid_size_m": 750}}, {"type": "Feature", "geometry": {"type": "Polygon", "coordinates": [[[-7.493959141313505, 33.59032653539903], [-7.493841590680398, 33.59708882731361], [-7.501922312162173, 33.59718695154265], [-7.502039232698407, 33.59042463464683], [-7.493959141313505, 33.59032653539903]]]}, "properties": {"score": 56.682771374330635, "avg_travel_time_min": 25.990337192198123, "population": 14645.49431, "origin_count": 80, "grid_size_m": 750}}, {"type": "Feature", "geometry": {"type": "Polygon", "coordinates": [[[-7.493841590680398, 33.59708882731361], [-7.493724000809001, 33.60385111146158], [-7.501805352597842, 33.60394926067568], [-7.501922312162173, 33.59718695154265], [-7.493841590680398, 33.59708882731361]]]}, "properties": {"score": 62.88587199067802, "avg_travel_time_min": 22.26847685365411, "population": 8026.953373, "origin_count": 80, "grid_size_m": 750}}, {"type": "Feature", "geometry": {"type": "Polygon", "coordinates": [[[-7.493724000809001, 33.60385111146158], [-7.4936063716869015, 33.61061338784204], [-7.501688353993064, 33.61071156204503], [-7.501805352597842, 33.60394926067568], [-7.493724000809001, 33.60385111146158]]]}, "properties": {"score": 70.62352435799754, "avg_travel_time_min": 17.625885315784203, "population": 6115.141242, "origin_count": 80, "grid_size_m": 750}}, {"type": "Feature", "geometry": {"type": "Polygon", "coordinates": [[[-7.4936063716869015, 33.61061338784204], [-7.493488703301675, 33.617375656454165], [-7.5015713163354825, 33.61747385564986], [-7.501688353993064, 33.61071156204503], [-7.4936063716869015, 33.61061338784204]]]}, "properties": {"score": 70.4927104457422, "avg_travel_time_min": 17.704373782340888, "population": 4938.7305590000005, "origin_count": 74, "grid_size_m": 750}}, {"type": "Feature", "geometry": {"type": "Polygon", "coordinates": [[[-7.493488703301675, 33.617375656454165], [-7.49337099564089, 33.62413791729704], [-7.501454239612734, 33.62423614148929], [-7.5015713163354825, 33.61747385564986], [-7.493488703301675, 33.617375656454165]]]}, "properties": {"score": 52.176927887821165, "avg_travel_time_min": 28.69384337929664, "population": 3711.9256450000003, "origin_count": 79, "grid_size_m": 750}}, {"type": "Feature", "geometry": {"type": "Polygon", "coordinates": [[[-7.49337099564089, 33.62413791729704], [-7.493253248692111, 33.63090017036982], [-7.501337123812446, 33.63099841956243], [-7.501454239612734, 33.62423614148929], [-7.49337099564089, 33.62413791729704]]]}, "properties": {"score": 46.425043921382674, "avg_travel_time_min": 32.144973758886685, "population": 3159.254307, "origin_count": 80, "grid_size_m": 750}}, {"type": "Feature", "geometry": {"type": "Polygon", "coordinates": [[[-7.493253248692111, 33.63090017036982], [-7.493135462442895, 33.63766241567162], [-7.501219968922245, 33.637760689868436], [-7.501337123812446, 33.63099841956243], [-7.493253248692111, 33.63090017036982]]]}, "properties": {"score": 36.87303254480555, "avg_travel_time_min": 37.876180759028216, "population": 2616.564977, "origin_count": 80, "grid_size_m": 750}}, {"type": "Feature", "geometry": {"type": "Polygon", "coordinates": [[[-7.493135462442895, 33.63766241567162], [-7.4930176368807935, 33.644424653201554], [-7.501102774929748, 33.644522952406426], [-7.501219968922245, 33.637760689868436], [-7.493135462442895, 33.63766241567162]]]}, "properties": {"score": 30.422892853391915, "avg_travel_time_min": 41.74626443331258, "population": 1452.2715669999998, "origin_count": 50, "grid_size_m": 750}}, {"type": "Feature", "geometry": {"type": "Polygon", "coordinates": [[[-7.488469109664841, 33.44145607506365], [-7.488351793668066, 33.44821851259099], [-7.496418662488707, 33.448316612653784], [-7.49653535300834, 33.44155415009515], [-7.488469109664841, 33.44145607506365]]]}, "properties": {"score": 0.0, "avg_travel_time_min": 70.43053543703878, "population": 89.6576627, "origin_count": 15, "grid_size_m": 750}}, {"type": "Feature", "geometry": {"type": "Polygon", "coordinates": [[[-7.488351793668066, 33.44821851259099], [-7.48823443849586, 33.45498094236718], [-7.496301933002374, 33.455079067465086], [-7.496418662488707, 33.448316612653784], [-7.488351793668066, 33.44821851259099]]]}, "properties": {"score": 0.0, "avg_travel_time_min": 66.43407111917256, "population": 147.3998158, "origin_count": 27, "grid_size_m": 750}}, {"type": "Feature", "geometry": {"type": "Polygon", "coordinates": [[[-7.48823443849586, 33.45498094236718], [-7.488117044135881, 33.46174336439137], [-7.4961851645370645, 33.46184151452819], [-7.496301933002374, 33.455079067465086], [-7.48823443849586, 33.45498094236718]]]}, "properties": {"score": 0.0, "avg_travel_time_min": 69.44384579965444, "population": 16.0218815, "origin_count": 3, "grid_size_m": 750}}, {"type": "Feature", "geometry": {"type": "Polygon", "coordinates": [[[-7.487529484086846, 33.495555358201116], [-7.487411854340625, 33.502317733694674], [-7.495483734498256, 33.50241603414513], [-7.495600737095643, 33.49565363358976], [-7.487529484086846, 33.495555358201116]]]}, "properties": {"score": 11.700037290930501, "avg_travel_time_min": 52.97997744650709, "population": 130.5630273, "origin_count": 20, "grid_size_m": 750}}, {"type": "Feature", "geometry": {"type": "Polygon", "coordinates": [[[-7.487411854340625, 33.502317733694674], [-7.487294185320037, 33.50908010143005], [-7.4953666928357645, 33.50917842694615], [-7.495483734498256, 33.50241603414513], [-7.487411854340625, 33.502317733694674]]]}, "properties": {"score": 20.100576280871117, "avg_travel_time_min": 47.93965426443191, "population": 1528.4936009, "origin_count": 58, "grid_size_m": 750}}, {"type": "Feature", "geometry": {"type": "Polygon", "coordinates": [[[-7.487294185320037, 33.50908010143005], [-7.487176477012691, 33.51584246140637], [-7.4952496120958365, 33.51594081199192], [-7.4953666928357645, 33.50917842694615], [-7.487294185320037, 33.50908010143005]]]}, "properties": {"score": 25.126848747931046, "avg_travel_time_min": 44.923890624247285, "population": 1376.9902520000003, "origin_count": 67, "grid_size_m": 750}}, {"type": "Feature", "geometry": {"type": "Polygon", "coordinates": [[[-7.487176477012691, 33.51584246140637], [-7.487058729406187, 33.52260481362274], [-7.49513249226614, 33.522703189281586], [-7.4952496120958365, 33.51594081199192], [-7.487176477012691, 33.51584246140637]]]}, "properties": {"score": 24.85843131277211, "avg_travel_time_min": 45.08494106296623, "population": 516.3626605000001, "origin_count": 31, "grid_size_m": 750}}, {"type": "Feature", "geometry": {"type": "Polygon", "coordinates": [[[-7.487058729406187, 33.52260481362274], [-7.486940942488113, 33.52936715807829], [-7.4950153333343295, 33.52946555881425], [-7.49513249226614, 33.522703189281586], [-7.487058729406187, 33.52260481362274]]]}, "properties": {"score": 38.47645542469612, "avg_travel_time_min": 36.91412661007421, "population": 1735.270147, "origin_count": 80, "grid_size_m": 750}}, {"type": "Feature", "geometry": {"type": "Polygon", "coordinates": [[[-7.486940942488113, 33.52936715807829], [-7.486823116246057, 33.53612949477214], [-7.49489813528806, 33.53622792058904], [-7.4950153333343295, 33.52946555881425], [-7.486940942488113, 33.52936715807829]]]}, "properties": {"score": 42.70901120420548, "avg_travel_time_min": 34.37459351900772, "population": 3293.0903359999993, "origin_count": 73, "grid_size_m": 750}}, {"type": "Feature", "geometry": {"type": "Polygon", "coordinates": [[[-7.486823116246057, 33.53612949477214], [-7.486705250667598, 33.542891823703414], [-7.494780898114977, 33.542990274605096], [-7.49489813528806, 33.53622792058904], [-7.486823116246057, 33.53612949477214]]]}, "properties": {"score": 45.24347877703107, "avg_travel_time_min": 32.85391256903714, "population": 3200.701791, "origin_count": 72, "grid_size_m": 750}}, {"type": "Feature", "geometry": {"type": "Polygon", "coordinates": [[[-7.486705250667598, 33.542891823703414], [-7.486587345740311, 33.54965414487123], [-7.494663621802718, 33.54975262086153], [-7.494780898114977, 33.542990274605096], [-7.486705250667598, 33.542891823703414]]]}, "properties": {"score": 60.8775308920546, "avg_travel_time_min": 23.47348159146514, "population": 3358.975653, "origin_count": 77, "grid_size_m": 750}}, {"type": "Feature", "geometry": {"type": "Polygon", "coordinates": [[[-7.486587345740311, 33.54965414487123], [-7.48646940145176, 33.55641645827473], [-7.494546306338917, 33.55651495935746], [-7.494663621802718, 33.54975262086153], [-7.486587345740311, 33.54965414487123]]]}, "properties": {"score": 65.54908330201043, "avg_travel_time_min": 20.670550206487984, "population": 4127.764233, "origin_count": 80, "grid_size_m": 750}}, {"type": "Feature", "geometry": {"type": "Polygon", "coordinates": [[[-7.48646940145176, 33.55641645827473], [-7.486351417789509, 33.56317876391301], [-7.4944289517112015, 33.56327729009201], [-7.494546306338917, 33.55651495935746], [-7.48646940145176, 33.55641645827473]]]}, "properties": {"score": 49.14732854863173, "avg_travel_time_min": 30.511602796862626, "population": 2228.8759495, "origin_count": 80, "grid_size_m": 750}}, {"type": "Feature", "geometry": {"type": "Polygon", "coordinates": [[[-7.486351417789509, 33.56317876391301], [-7.4862333947411095, 33.569941061785215], [-7.494311557907192, 33.570039613064324], [-7.4944289517112015, 33.56327729009201], [-7.486351417789509, 33.56317876391301]]]}, "properties": {"score": 41.03566588999493, "avg_travel_time_min": 35.37860047027279, "population": 18400.0298935, "origin_count": 84, "grid_size_m": 750}}, {"type": "Feature", "geometry": {"type": "Polygon", "coordinates": [[[-7.4862333947411095, 33.569941061785215], [-7.486115332294111, 33.57670335189046], [-7.4941941249145, 33.57680192827352], [-7.494311557907192, 33.570039613064324], [-7.4862333947411095, 33.569941061785215]]]}, "properties": {"score": 36.79727753501877, "avg_travel_time_min": 37.92163339996174, "population": 15129.450200000001, "origin_count": 86, "grid_size_m": 750}}, {"type": "Feature", "geometry": {"type": "Polygon", "coordinates": [[[-7.486115332294111, 33.57670335189046], [-7.485997230436056, 33.58346563422786], [-7.494076652720739, 33.5835642357187], [-7.4941941249145, 33.57680192827352], [-7.486115332294111, 33.57670335189046]]]}, "properties": {"score": 31.28975300099773, "avg_travel_time_min": 41.22614806160149, "population": 12554.413829000003, "origin_count": 74, "grid_size_m": 750}}, {"type": "Feature", "geometry": {"type": "Polygon", "coordinates": [[[-7.485997230436056, 33.58346563422786], [-7.485879089154477, 33.59022790879655], [-7.493959141313505, 33.59032653539903], [-7.494076652720739, 33.5835642357187], [-7.485997230436056, 33.58346563422786]]]}, "properties": {"score": 45.765813717607706, "avg_travel_time_min": 32.540511834438355, "population": 27029.471830000002, "origin_count": 72, "grid_size_m": 750}}, {"type": "Feature", "geometry": {"type": "Polygon", "coordinates": [[[-7.485879089154477, 33.59022790879655], [-7.485760908436906, 33.59699017559566], [-7.493841590680398, 33.59708882731361], [-7.493959141313505, 33.59032653539903], [-7.485879089154477, 33.59022790879655]]]}, "properties": {"score": 59.42743873078485, "avg_travel_time_min": 24.343536907717823, "population": 19304.76697, "origin_count": 77, "grid_size_m": 750}}, {"type": "Feature", "geometry": {"type": "Polygon", "coordinates": [[[-7.485760908436906, 33.59699017559566], [-7.485642688270864, 33.60375243462432], [-7.493724000809001, 33.60385111146158], [-7.493841590680398, 33.59708882731361], [-7.485760908436906, 33.59699017559566]]]}, "properties": {"score": 70.68641310261857, "avg_travel_time_min": 17.588152164778112, "population": 7396.549486, "origin_count": 80, "grid_size_m": 750}}, {"type": "Feature", "geometry": {"type": "Polygon", "coordinates": [[[-7.485642688270864, 33.60375243462432], [-7.485524428643867, 33.61051468588162], [-7.4936063716869015, 33.61061338784204], [-7.493724000809001, 33.60385111146158], [-7.485642688270864, 33.60375243462432]]]}, "properties": {"score": 63.032897853385506, "avg_travel_time_min": 22.18026146357125, "population": 6384.337853, "origin_count": 80, "grid_size_m": 750}}, {"type": "Feature", "geometry": {"type": "Polygon", "coordinates": [[[-7.485524428643867, 33.61051468588162], [-7.485406129543424, 33.61727692936672], [-7.493488703301675, 33.617375656454165], [-7.4936063716869015, 33.61061338784204], [-7.485524428643867, 33.61051468588162]]]}, "properties": {"score": 67.71028881382406, "avg_travel_time_min": 19.37382655409308, "population": 6226.528265999999, "origin_count": 80, "grid_size_m": 750}}, {"type": "Feature", "geometry": {"type": "Polygon", "coordinates": [[[-7.485406129543424, 33.61727692936672], [-7.485287790957041, 33.62403916507874], [-7.49337099564089, 33.62413791729704], [-7.493488703301675, 33.617375656454165], [-7.485406129543424, 33.61727692936672]]]}, "properties": {"score": 57.01011759643633, "avg_travel_time_min": 25.793929508123163, "population": 4437.5259129999995, "origin_count": 80, "grid_size_m": 750}}, {"type": "Feature", "geometry": {"type": "Polygon", "coordinates": [[[-7.485287790957041, 33.62403916507874], [-7.485169412872214, 33.6308013930168], [-7.493253248692111, 33.63090017036982], [-7.49337099564089, 33.62413791729704], [-7.485287790957041, 33.62403916507874]]]}, "properties": {"score": 44.35148360125622, "avg_travel_time_min": 33.38910990466121, "population": 2632.9023340000003, "origin_count": 81, "grid_size_m": 750}}, {"type": "Feature", "geometry": {"type": "Polygon", "coordinates": [[[-7.485169412872214, 33.6308013930168], [-7.485050995276431, 33.637563613180035], [-7.493135462442895, 33.63766241567162], [-7.493253248692111, 33.63090017036982], [-7.485169412872214, 33.6308013930168]]]}, "properties": {"score": 33.820349406671646, "avg_travel_time_min": 39.70779033657556, "population": 2240.637241, "origin_count": 75, "grid_size_m": 750}}, {"type": "Feature", "geometry": {"type": "Polygon", "coordinates": [[[-7.485050995276431, 33.637563613180035], [-7.484932538157181, 33.64432582556757], [-7.4930176368807935, 33.644424653201554], [-7.493135462442895, 33.63766241567162], [-7.485050995276431, 33.637563613180035]]]}, "properties": {"score": 19.655613918370296, "avg_travel_time_min": 48.20663175150878, "population": 1955.687814, "origin_count": 75, "grid_size_m": 750}}, {"type": "Feature", "geometry": {"type": "Polygon", "coordinates": [[[-7.484932538157181, 33.64432582556757], [-7.484814041501936, 33.65108803017852], [-7.49289977199335, 33.651186882958804], [-7.4930176368807935, 33.644424653201554], [-7.484932538157181, 33.64432582556757]]]}, "properties": {"score": 17.115313938105967, "avg_travel_time_min": 49.730811575198466, "population": 781.9169710000001, "origin_count": 20, "grid_size_m": 750}}, {"type": "Feature", "geometry": {"type": "Polygon", "coordinates": [[[-7.479221717091068, 33.50898125017707], [-7.479103381228706, 33.515743584949945], [-7.487176477012691, 33.51584246140637], [-7.487294185320037, 33.50908010143005], [-7.479221717091068, 33.50898125017707]]]}, "properties": {"score": 9.513829, "avg_travel_time_min": 54.291701999999994, "population": 5.2864466, "origin_count": 1, "grid_size_m": 750}}, {"type": "Feature", "geometry": {"type": "Polygon", "coordinates": [[[-7.479103381228706, 33.515743584949945], [-7.4789850058578, 33.522505911959016], [-7.487058729406187, 33.52260481362274], [-7.487176477012691, 33.51584246140637], [-7.479103381228706, 33.515743584949945]]]}, "properties": {"score": 8.070883176510325, "avg_travel_time_min": 55.157469495210044, "population": 10.099731, "origin_count": 2, "grid_size_m": 750}}, {"type": "Feature", "geometry": {"type": "Polygon", "coordinates": [[[-7.4789850058578, 33.522505911959016], [-7.478866590965876, 33.52926823120342], [-7.486940942488113, 33.52936715807829], [-7.487058729406187, 33.52260481362274], [-7.4789850058578, 33.522505911959016]]]}, "properties": {"score": 23.550445329339432, "avg_travel_time_min": 45.86973312546117, "population": 706.739823, "origin_count": 39, "grid_size_m": 750}}, {"type": "Feature", "geometry": {"type": "Polygon", "coordinates": [[[-7.478866590965876, 33.52926823120342], [-7.478748136540453, 33.53603054268227], [-7.486823116246057, 33.53612949477214], [-7.486940942488113, 33.52936715807829], [-7.478866590965876, 33.52926823120342]]]}, "properties": {"score": 24.27943698072189, "avg_travel_time_min": 45.43233768376359, "population": 1339.016299, "origin_count": 80, "grid_size_m": 750}}, {"type": "Feature", "geometry": {"type": "Polygon", "coordinates": [[[-7.478748136540453, 33.53603054268227], [-7.4786296425690475, 33.54279284639471], [-7.486705250667598, 33.542891823703414], [-7.486823116246057, 33.53612949477214], [-7.478748136540453, 33.53603054268227]]]}, "properties": {"score": 41.39695189374584, "avg_travel_time_min": 35.16182893378273, "population": 1937.1497479999998, "origin_count": 80, "grid_size_m": 750}}, {"type": "Feature", "geometry": {"type": "Polygon", "coordinates": [[[-7.4786296425690475, 33.54279284639471], [-7.478511109039164, 33.549555142339834], [-7.486587345740311, 33.54965414487123], [-7.486705250667598, 33.542891823703414], [-7.4786296425690475, 33.54279284639471]]]}, "properties": {"score": 61.01093765183968, "avg_travel_time_min": 23.393437541267463, "population": 2887.345947, "origin_count": 75, "grid_size_m": 750}}, {"type": "Feature", "geometry": {"type": "Polygon", "coordinates": [[[-7.478511109039164, 33.549555142339834], [-7.478392535938303, 33.55631743051678], [-7.48646940145176, 33.55641645827473], [-7.486587345740311, 33.54965414487123], [-7.478511109039164, 33.549555142339834]]]}, "properties": {"score": 69.17458794398827, "avg_travel_time_min": 18.495247225044007, "population": 4815.606584, "origin_count": 72, "grid_size_m": 750}}, {"type": "Feature", "geometry": {"type": "Polygon", "coordinates": [[[-7.478392535938303, 33.55631743051678], [-7.478273923253961, 33.563079710924654], [-7.486351417789509, 33.56317876391301], [-7.48646940145176, 33.55641645827473], [-7.478392535938303, 33.55631743051678]]]}, "properties": {"score": 61.74942340017601, "avg_travel_time_min": 22.950345816474822, "population": 1148.0696836000002, "origin_count": 76, "grid_size_m": 750}}, {"type": "Feature", "geometry": {"type": "Polygon", "coordinates": [[[-7.478273923253961, 33.563079710924654], [-7.478155270973627, 33.5698419835626], [-7.4862333947411095, 33.569941061785215], [-7.486351417789509, 33.56317876391301], [-7.478273923253961, 33.563079710924654]]]}, "properties": {"score": 47.84438456636897, "avg_travel_time_min": 31.29336902692049, "population": 2684.7019599000005, "origin_count": 73, "grid_size_m": 750}}, {"type": "Feature", "geometry": {"type": "Polygon", "coordinates": [[[-7.478155270973627, 33.5698419835626], [-7.478036579084778, 33.57660424842972], [-7.486115332294111, 33.57670335189046], [-7.4862333947411095, 33.569941061785215], [-7.478155270973627, 33.5698419835626]]]}, "properties": {"score": 48.71929949840533, "avg_travel_time_min": 30.768420264465732, "population": 13059.0558148, "origin_count": 76, "grid_size_m": 750}}, {"type": "Feature", "geometry": {"type": "Polygon", "coordinates": [[[-7.478036579084778, 33.57660424842972], [-7.477917847574895, 33.583366505525134], [-7.485997230436056, 33.58346563422786], [-7.486115332294111, 33.57670335189046], [-7.478036579084778, 33.57660424842972]]]}, "properties": {"score": 41.22316949818685, "avg_travel_time_min": 35.26609855292163, "population": 27718.445209999994, "origin_count": 86, "grid_size_m": 750}}, {"type": "Feature", "geometry": {"type": "Polygon", "coordinates": [[[-7.477917847574895, 33.583366505525134], [-7.4777990764314435, 33.59012875484799], [-7.485879089154477, 33.59022790879655], [-7.485997230436056, 33.58346563422786], [-7.477917847574895, 33.583366505525134]]]}, "properties": {"score": 43.36482789851271, "avg_travel_time_min": 33.98110309550131, "population": 31766.531539999996, "origin_count": 80, "grid_size_m": 750}}, {"type": "Feature", "geometry": {"type": "Polygon", "coordinates": [[[-7.4777990764314435, 33.59012875484799], [-7.477680265641885, 33.59689099639739], [-7.485760908436906, 33.59699017559566], [-7.485879089154477, 33.59022790879655], [-7.4777990764314435, 33.59012875484799]]]}, "properties": {"score": 63.50144892920728, "avg_travel_time_min": 21.899130590296068, "population": 37332.76007, "origin_count": 75, "grid_size_m": 750}}, {"type": "Feature", "geometry": {"type": "Polygon", "coordinates": [[[-7.477680265641885, 33.59689099639739], [-7.477561415193679, 33.60365323017246], [-7.485642688270864, 33.60375243462432], [-7.485760908436906, 33.59699017559566], [-7.477680265641885, 33.59689099639739]]]}, "properties": {"score": 72.37229904668932, "avg_travel_time_min": 16.57662106978994, "population": 13358.698595000002, "origin_count": 72, "grid_size_m": 750}}, {"type": "Feature", "geometry": {"type": "Polygon", "coordinates": [[[-7.477561415193679, 33.60365323017246], [-7.4774425250742755, 33.61041545617234], [-7.485524428643867, 33.61051468588162], [-7.485642688270864, 33.60375243462432], [-7.477561415193679, 33.60365323017246]]]}, "properties": {"score": 65.49480095973124, "avg_travel_time_min": 20.70311952231884, "population": 4298.0888669999995, "origin_count": 76, "grid_size_m": 750}}, {"type": "Feature", "geometry": {"type": "Polygon", "coordinates": [[[-7.4774425250742755, 33.61041545617234], [-7.477323595271115, 33.61717767439613], [-7.485406129543424, 33.61727692936672], [-7.485524428643867, 33.61051468588162], [-7.4774425250742755, 33.61041545617234]]]}, "properties": {"score": 60.174904923184414, "avg_travel_time_min": 23.89505722265467, "population": 5742.449919000001, "origin_count": 80, "grid_size_m": 750}}, {"type": "Feature", "geometry": {"type": "Polygon", "coordinates": [[[-7.477323595271115, 33.61717767439613], [-7.477204625771635, 33.62393988484298], [-7.485287790957041, 33.62403916507874], [-7.485406129543424, 33.61727692936672], [-7.477323595271115, 33.61717767439613]]]}, "properties": {"score": 59.52667641852872, "avg_travel_time_min": 24.283994076827447, "population": 4883.082318000001, "origin_count": 80, "grid_size_m": 750}}, {"type": "Feature", "geometry": {"type": "Polygon", "coordinates": [[[-7.477204625771635, 33.62393988484298], [-7.477085616563268, 33.630702087511985], [-7.485169412872214, 33.6308013930168], [-7.485287790957041, 33.62403916507874], [-7.477204625771635, 33.62393988484298]]]}, "properties": {"score": 48.09027625358235, "avg_travel_time_min": 31.145834311138316, "population": 2989.2184610000004, "origin_count": 80, "grid_size_m": 750}}, {"type": "Feature", "geometry": {"type": "Polygon", "coordinates": [[[-7.477085616563268, 33.630702087511985], [-7.4769665676334345, 33.63746428240231], [-7.485050995276431, 33.637563613180035], [-7.485169412872214, 33.6308013930168], [-7.477085616563268, 33.630702087511985]]]}, "properties": {"score": 30.19374832547355, "avg_travel_time_min": 41.8837508870999, "population": 2874.3011840000004, "origin_count": 87, "grid_size_m": 750}}, {"type": "Feature", "geometry": {"type": "Polygon", "coordinates": [[[-7.4769665676334345, 33.63746428240231], [-7.476847478969558, 33.64422646951304], [-7.484932538157181, 33.64432582556757], [-7.485050995276431, 33.637563613180035], [-7.4769665676334345, 33.63746428240231]]]}, "properties": {"score": 16.105943917325277, "avg_travel_time_min": 50.33643368363821, "population": 3905.2710249999996, "origin_count": 78, "grid_size_m": 750}}, {"type": "Feature", "geometry": {"type": "Polygon", "coordinates": [[[-7.476847478969558, 33.64422646951304], [-7.476728350559045, 33.65098864884334], [-7.484814041501936, 33.65108803017852], [-7.484932538157181, 33.64432582556757], [-7.476847478969558, 33.64422646951304]]]}, "properties": {"score": 22.275130652715728, "avg_travel_time_min": 46.63492165016742, "population": 3963.2855299999997, "origin_count": 71, "grid_size_m": 750}}, {"type": "Feature", "geometry": {"type": "Polygon", "coordinates": [[[-7.476728350559045, 33.65098864884334], [-7.476609182389302, 33.65775082039229], [-7.484695505298174, 33.65785022701203], [-7.484814041501936, 33.65108803017852], [-7.476728350559045, 33.65098864884334]]]}, "properties": {"score": 19.449284533088697, "avg_travel_time_min": 48.33042938571641, "population": 1070.560088, "origin_count": 23, "grid_size_m": 750}}, {"type": "Feature", "geometry": {"type": "Polygon", "coordinates": [[[-7.471268212057699, 33.502119555993595], [-7.471149288358175, 33.508881873195804], [-7.479221717091068, 33.50898125017707], [-7.479340013457354, 33.50221890764129], [-7.471268212057699, 33.502119555993595]]]}, "properties": {"score": 0.0, "avg_travel_time_min": 77.9038412068994, "population": 61.17214729999999, "origin_count": 11, "grid_size_m": 750}}, {"type": "Feature", "geometry": {"type": "Polygon", "coordinates": [[[-7.470792278977136, 33.52916877819823], [-7.470673196380835, 33.53593106432807], [-7.478748136540453, 33.53603054268227], [-7.478866590965876, 33.52926823120342], [-7.470792278977136, 33.52916877819823]]]}, "properties": {"score": 8.083512733274443, "avg_travel_time_min": 55.14989217998389, "population": 358.85176950000005, "origin_count": 30, "grid_size_m": 750}}, {"type": "Feature", "geometry": {"type": "Polygon", "coordinates": [[[-7.470673196380835, 33.53593106432807], [-7.470554074028972, 33.542693342687585], [-7.4786296425690475, 33.54279284639471], [-7.478748136540453, 33.53603054268227], [-7.470673196380835, 33.53593106432807]]]}, "properties": {"score": 32.02279477104743, "avg_travel_time_min": 40.78632315262636, "population": 1294.252912, "origin_count": 79, "grid_size_m": 750}}, {"type": "Feature", "geometry": {"type": "Polygon", "coordinates": [[[-7.470554074028972, 33.542693342687585], [-7.470434911908992, 33.54945561327593], [-7.478511109039164, 33.549555142339834], [-7.4786296425690475, 33.54279284639471], [-7.470554074028972, 33.542693342687585]]]}, "properties": {"score": 47.174630400701254, "avg_travel_time_min": 31.69522169606791, "population": 2373.1333026, "origin_count": 80, "grid_size_m": 750}}, {"type": "Feature", "geometry": {"type": "Polygon", "coordinates": [[[-7.470434911908992, 33.54945561327593], [-7.470315710008327, 33.55621787609221], [-7.478392535938303, 33.55631743051678], [-7.478511109039164, 33.549555142339834], [-7.470434911908992, 33.54945561327593]]]}, "properties": {"score": 56.643531461069436, "avg_travel_time_min": 26.0138810554334, "population": 2033.336127, "origin_count": 80, "grid_size_m": 750}}, {"type": "Feature", "geometry": {"type": "Polygon", "coordinates": [[[-7.470315710008327, 33.55621787609221], [-7.470196468314406, 33.56298013113556], [-7.478273923253961, 33.563079710924654], [-7.478392535938303, 33.55631743051678], [-7.470315710008327, 33.55621787609221]]]}, "properties": {"score": 48.21720844625482, "avg_travel_time_min": 31.06967490454496, "population": 1223.2834940999999, "origin_count": 76, "grid_size_m": 750}}, {"type": "Feature", "geometry": {"type": "Polygon", "coordinates": [[[-7.470196468314406, 33.56298013113556], [-7.4700771868146525, 33.56974237840508], [-7.478155270973627, 33.5698419835626], [-7.478273923253961, 33.563079710924654], [-7.470196468314406, 33.56298013113556]]]}, "properties": {"score": 37.40447247571983, "avg_travel_time_min": 37.557316502378306, "population": 162.8843056, "origin_count": 21, "grid_size_m": 750}}, {"type": "Feature", "geometry": {"type": "Polygon", "coordinates": [[[-7.4700771868146525, 33.56974237840508], [-7.469957865496481, 33.57650461789992], [-7.478036579084778, 33.57660424842972], [-7.478155270973627, 33.5698419835626], [-7.4700771868146525, 33.56974237840508]]]}, "properties": {"score": 41.05022228437591, "avg_travel_time_min": 35.369866905225486, "population": 1081.9036916000002, "origin_count": 11, "grid_size_m": 750}}, {"type": "Feature", "geometry": {"type": "Polygon", "coordinates": [[[-7.469957865496481, 33.57650461789992], [-7.4698385043473, 33.583266849619164], [-7.477917847574895, 33.583366505525134], [-7.478036579084778, 33.57660424842972], [-7.469957865496481, 33.57650461789992]]]}, "properties": {"score": 42.346608528010194, "avg_travel_time_min": 34.59203471584436, "population": 10912.295301200002, "origin_count": 67, "grid_size_m": 750}}, {"type": "Feature", "geometry": {"type": "Polygon", "coordinates": [[[-7.4698385043473, 33.583266849619164], [-7.469719103354512, 33.59002907356197], [-7.4777990764314435, 33.59012875484799], [-7.477917847574895, 33.583366505525134], [-7.4698385043473, 33.583266849619164]]]}, "properties": {"score": 39.585720567283694, "avg_travel_time_min": 36.24856781101243, "population": 20955.312190000004, "origin_count": 87, "grid_size_m": 750}}, {"type": "Feature", "geometry": {"type": "Polygon", "coordinates": [[[-7.469719103354512, 33.59002907356197], [-7.469599662505513, 33.596791289727435], [-7.477680265641885, 33.59689099639739], [-7.4777990764314435, 33.59012875484799], [-7.469719103354512, 33.59002907356197]]]}, "properties": {"score": 54.95791250536526, "avg_travel_time_min": 27.025252590834487, "population": 35743.81818, "origin_count": 80, "grid_size_m": 750}}, {"type": "Feature", "geometry": {"type": "Polygon", "coordinates": [[[-7.469599662505513, 33.596791289727435], [-7.469480181787694, 33.60355349811469], [-7.477561415193679, 33.60365323017246], [-7.477680265641885, 33.59689099639739], [-7.469599662505513, 33.596791289727435]]]}, "properties": {"score": 61.950476483265454, "avg_travel_time_min": 22.829714220026787, "population": 33742.761988, "origin_count": 80, "grid_size_m": 750}}, {"type": "Feature", "geometry": {"type": "Polygon", "coordinates": [[[-7.469480181787694, 33.60355349811469], [-7.469360661188439, 33.61031569872285], [-7.4774425250742755, 33.61041545617234], [-7.477561415193679, 33.60365323017246], [-7.469480181787694, 33.60355349811469]]]}, "properties": {"score": 57.06403497127231, "avg_travel_time_min": 25.761579052891836, "population": 8502.157771, "origin_count": 76, "grid_size_m": 750}}, {"type": "Feature", "geometry": {"type": "Polygon", "coordinates": [[[-7.469360661188439, 33.61031569872285], [-7.469241100695122, 33.617077891551055], [-7.477323595271115, 33.61717767439613], [-7.4774425250742755, 33.61041545617234], [-7.469360661188439, 33.61031569872285]]]}, "properties": {"score": 47.48146926936517, "avg_travel_time_min": 31.511118359866106, "population": 2634.162657, "origin_count": 72, "grid_size_m": 750}}, {"type": "Feature", "geometry": {"type": "Polygon", "coordinates": [[[-7.469241100695122, 33.617077891551055], [-7.469121500295117, 33.62384007659841], [-7.477204625771635, 33.62393988484298], [-7.477323595271115, 33.61717767439613], [-7.469241100695122, 33.617077891551055]]]}, "properties": {"score": 50.201560767525194, "avg_travel_time_min": 29.87906361162969, "population": 3358.8922669999997, "origin_count": 75, "grid_size_m": 750}}, {"type": "Feature", "geometry": {"type": "Polygon", "coordinates": [[[-7.469121500295117, 33.62384007659841], [-7.469001859975785, 33.630602253864055], [-7.477085616563268, 33.630702087511985], [-7.477204625771635, 33.62393988484298], [-7.469121500295117, 33.62384007659841]]]}, "properties": {"score": 38.88385533193282, "avg_travel_time_min": 36.66968691785917, "population": 4160.937258, "origin_count": 80, "grid_size_m": 750}}, {"type": "Feature", "geometry": {"type": "Polygon", "coordinates": [[[-7.469001859975785, 33.630602253864055], [-7.468882179724485, 33.63736442334709], [-7.4769665676334345, 33.63746428240231], [-7.477085616563268, 33.630702087511985], [-7.469001859975785, 33.630602253864055]]]}, "properties": {"score": 41.19756957709883, "avg_travel_time_min": 35.281458511260745, "population": 6557.456706, "origin_count": 80, "grid_size_m": 750}}, {"type": "Feature", "geometry": {"type": "Polygon", "coordinates": [[[-7.468882179724485, 33.63736442334709], [-7.468762459528569, 33.644126585046656], [-7.476847478969558, 33.64422646951304], [-7.4769665676334345, 33.63746428240231], [-7.468882179724485, 33.63736442334709]]]}, "properties": {"score": 23.887439068111725, "avg_travel_time_min": 45.667536672217494, "population": 6697.58063, "origin_count": 86, "grid_size_m": 750}}, {"type": "Feature", "geometry": {"type": "Polygon", "coordinates": [[[-7.468762459528569, 33.644126585046656], [-7.46864269937538, 33.65088873896188], [-7.476728350559045, 33.65098864884334], [-7.476847478969558, 33.64422646951304], [-7.468762459528569, 33.644126585046656]]]}, "properties": {"score": 10.909158224592815, "avg_travel_time_min": 53.46969600952304, "population": 4953.8429479999995, "origin_count": 84, "grid_size_m": 750}}, {"type": "Feature", "geometry": {"type": "Polygon", "coordinates": [[[-7.46864269937538, 33.65088873896188], [-7.468522899252258, 33.65765088509188], [-7.476609182389302, 33.65775082039229], [-7.476728350559045, 33.65098864884334], [-7.46864269937538, 33.65088873896188]]]}, "properties": {"score": 17.656031816425596, "avg_travel_time_min": 49.40638077934576, "population": 3193.0780180000006, "origin_count": 74, "grid_size_m": 750}}, {"type": "Feature", "geometry": {"type": "Polygon", "coordinates": [[[-7.468522899252258, 33.65765088509188], [-7.468403059146532, 33.664413023435785], [-7.476489974447726, 33.66451298415906], [-7.476609182389302, 33.65775082039229], [-7.468522899252258, 33.65765088509188]]]}, "properties": {"score": 9.92116048017875, "avg_travel_time_min": 54.04730375722855, "population": 330.5479720000001, "origin_count": 11, "grid_size_m": 750}}, {"type": "Feature", "geometry": {"type": "Polygon", "coordinates": [[[-7.46331596146904, 33.495257379255776], [-7.463196450350905, 33.502019678760206], [-7.471268212057699, 33.502119555993595], [-7.471387096064361, 33.49535723102552], [-7.46331596146904, 33.495257379255776]]]}, "properties": {"score": 0.0, "avg_travel_time_min": 88.62403711092213, "population": 142.3059289, "origin_count": 25, "grid_size_m": 750}}, {"type": "Feature", "geometry": {"type": "Polygon", "coordinates": [[[-7.463196450350905, 33.502019678760206], [-7.463076899330671, 33.50878197049487], [-7.471149288358175, 33.508881873195804], [-7.471268212057699, 33.502119555993595], [-7.463196450350905, 33.502019678760206]]]}, "properties": {"score": 0.0, "avg_travel_time_min": 82.05834481885975, "population": 162.60488199999998, "origin_count": 29, "grid_size_m": 750}}, {"type": "Feature", "geometry": {"type": "Polygon", "coordinates": [[[-7.4625982959767745, 33.53583105971815], [-7.4624785452570155, 33.5425933125907], [-7.470554074028972, 33.542693342687585], [-7.470673196380835, 33.53593106432807], [-7.4625982959767745, 33.53583105971815]]]}, "properties": {"score": 23.602047130552705, "avg_travel_time_min": 45.83877174451407, "population": 217.25723449999998, "origin_count": 17, "grid_size_m": 750}}, {"type": "Feature", "geometry": {"type": "Polygon", "coordinates": [[[-7.4624785452570155, 33.5425933125907], [-7.462358754559503, 33.54935555768817], [-7.470434911908992, 33.54945561327593], [-7.470554074028972, 33.542693342687585], [-7.4624785452570155, 33.5425933125907]]]}, "properties": {"score": 37.20494506086815, "avg_travel_time_min": 37.677033209607345, "population": 621.8232112999999, "origin_count": 67, "grid_size_m": 750}}, {"type": "Feature", "geometry": {"type": "Polygon", "coordinates": [[[-7.462358754559503, 33.54935555768817], [-7.462238923871606, 33.55611779500969], [-7.470315710008327, 33.55621787609221], [-7.470434911908992, 33.54945561327593], [-7.462358754559503, 33.54935555768817]]]}, "properties": {"score": 41.84051049620079, "avg_travel_time_min": 34.89569361097981, "population": 1308.7800072999999, "origin_count": 80, "grid_size_m": 750}}, {"type": "Feature", "geometry": {"type": "Polygon", "coordinates": [[[-7.462238923871606, 33.55611779500969], [-7.462119053180685, 33.56288002455438], [-7.470196468314406, 33.56298013113556], [-7.470315710008327, 33.55621787609221], [-7.462238923871606, 33.55611779500969]]]}, "properties": {"score": 30.964157741540667, "avg_travel_time_min": 41.421505522787356, "population": 773.4252585999999, "origin_count": 75, "grid_size_m": 750}}, {"type": "Feature", "geometry": {"type": "Polygon", "coordinates": [[[-7.462119053180685, 33.56288002455438], [-7.461999142474097, 33.56964224632136], [-7.4700771868146525, 33.56974237840508], [-7.470196468314406, 33.56298013113556], [-7.462119053180685, 33.56288002455438]]]}, "properties": {"score": 12.94912614150011, "avg_travel_time_min": 52.23052441502273, "population": 577.2504801, "origin_count": 49, "grid_size_m": 750}}, {"type": "Feature", "geometry": {"type": "Polygon", "coordinates": [[[-7.461999142474097, 33.56964224632136], [-7.461879191739192, 33.576404460309746], [-7.469957865496481, 33.57650461789992], [-7.4700771868146525, 33.56974237840508], [-7.461999142474097, 33.56964224632136]]]}, "properties": {"score": 12.152864236165586, "avg_travel_time_min": 52.70828133461724, "population": 332.65176469999994, "origin_count": 39, "grid_size_m": 750}}, {"type": "Feature", "geometry": {"type": "Polygon", "coordinates": [[[-7.461879191739192, 33.576404460309746], [-7.461759200963309, 33.583166666518636], [-7.4698385043473, 33.583266849619164], [-7.469957865496481, 33.57650461789992], [-7.461879191739192, 33.576404460309746]]]}, "properties": {"score": 20.4226941658586, "avg_travel_time_min": 47.74638348427367, "population": 725.6673013999999, "origin_count": 69, "grid_size_m": 750}}, {"type": "Feature", "geometry": {"type": "Polygon", "coordinates": [[[-7.461759200963309, 33.583166666518636], [-7.46163917013379, 33.58992886494718], [-7.469719103354512, 33.59002907356197], [-7.4698385043473, 33.583266849619164], [-7.461759200963309, 33.583166666518636]]]}, "properties": {"score": 29.868461578995255, "avg_travel_time_min": 42.0789231525374, "population": 4501.556552, "origin_count": 76, "grid_size_m": 750}}, {"type": "Feature", "geometry": {"type": "Polygon", "coordinates": [[[-7.46163917013379, 33.58992886494718], [-7.461519099237959, 33.596691055594476], [-7.469599662505513, 33.596791289727435], [-7.469719103354512, 33.59002907356197], [-7.46163917013379, 33.58992886494718]]]}, "properties": {"score": 42.90159411114491, "avg_travel_time_min": 34.25904353472601, "population": 14384.403616, "origin_count": 87, "grid_size_m": 750}}, {"type": "Feature", "geometry": {"type": "Polygon", "coordinates": [[[-7.461519099237959, 33.596691055594476], [-7.461398988263143, 33.60345323845967], [-7.469480181787694, 33.60355349811469], [-7.469599662505513, 33.596791289727435], [-7.461519099237959, 33.596691055594476]]]}, "properties": {"score": 59.238026936317105, "avg_travel_time_min": 24.45718382878756, "population": 20610.48343, "origin_count": 80, "grid_size_m": 750}}, {"type": "Feature", "geometry": {"type": "Polygon", "coordinates": [[[-7.461398988263143, 33.60345323845967], [-7.4612788371966605, 33.61021541354186], [-7.469360661188439, 33.61031569872285], [-7.469480181787694, 33.60355349811469], [-7.461398988263143, 33.60345323845967]]]}, "properties": {"score": 54.81948870232157, "avg_travel_time_min": 27.108306874437663, "population": 16053.629599000002, "origin_count": 80, "grid_size_m": 750}}, {"type": "Feature", "geometry": {"type": "Polygon", "coordinates": [[[-7.4612788371966605, 33.61021541354186], [-7.461158646025819, 33.61697758084017], [-7.469241100695122, 33.617077891551055], [-7.469360661188439, 33.61031569872285], [-7.4612788371966605, 33.61021541354186]]]}, "properties": {"score": 41.608422547243286, "avg_travel_time_min": 35.034946202559944, "population": 4735.919734, "origin_count": 80, "grid_size_m": 750}}, {"type": "Feature", "geometry": {"type": "Polygon", "coordinates": [[[-7.461158646025819, 33.61697758084017], [-7.461038414737922, 33.623739740353734], [-7.469121500295117, 33.62384007659841], [-7.469241100695122, 33.617077891551055], [-7.461158646025819, 33.61697758084017]]]}, "properties": {"score": 41.38097517173629, "avg_travel_time_min": 35.17141488858646, "population": 6493.746787, "origin_count": 77, "grid_size_m": 750}}, {"type": "Feature", "geometry": {"type": "Polygon", "coordinates": [[[-7.461038414737922, 33.623739740353734], [-7.460918143320269, 33.630501892081654], [-7.469001859975785, 33.630602253864055], [-7.469121500295117, 33.62384007659841], [-7.461038414737922, 33.623739740353734]]]}, "properties": {"score": 34.840925518999974, "avg_travel_time_min": 39.09544481497054, "population": 7537.126319, "origin_count": 72, "grid_size_m": 750}}, {"type": "Feature", "geometry": {"type": "Polygon", "coordinates": [[[-7.460918143320269, 33.630501892081654], [-7.460797831760151, 33.637264036023076], [-7.468882179724485, 33.63736442334709], [-7.469001859975785, 33.630602253864055], [-7.460918143320269, 33.630501892081654]]]}, "properties": {"score": 46.555840230256315, "avg_travel_time_min": 32.06649573589342, "population": 5919.435263, "origin_count": 74, "grid_size_m": 750}}, {"type": "Feature", "geometry": {"type": "Polygon", "coordinates": [[[-7.460797831760151, 33.637264036023076], [-7.460677480044851, 33.64402617217711], [-7.468762459528569, 33.644126585046656], [-7.468882179724485, 33.63736442334709], [-7.460797831760151, 33.637264036023076]]]}, "properties": {"score": 32.939481744130795, "avg_travel_time_min": 40.236310942801694, "population": 3056.629823, "origin_count": 80, "grid_size_m": 750}}, {"type": "Feature", "geometry": {"type": "Polygon", "coordinates": [[[-7.460677480044851, 33.64402617217711], [-7.460557088161649, 33.65078830054288], [-7.46864269937538, 33.65088873896188], [-7.468762459528569, 33.644126585046656], [-7.460677480044851, 33.64402617217711]]]}, "properties": {"score": 9.124490831349451, "avg_travel_time_min": 54.77287441792647, "population": 3119.034856, "origin_count": 85, "grid_size_m": 750}}, {"type": "Feature", "geometry": {"type": "Polygon", "coordinates": [[[-7.460557088161649, 33.65078830054288], [-7.460436656097816, 33.657550421119495], [-7.468522899252258, 33.65765088509188], [-7.46864269937538, 33.65088873896188], [-7.460557088161649, 33.65078830054288]]]}, "properties": {"score": 8.688369417085987, "avg_travel_time_min": 54.820622159991835, "population": 3636.97559, "origin_count": 85, "grid_size_m": 750}}, {"type": "Feature", "geometry": {"type": "Polygon", "coordinates": [[[-7.460436656097816, 33.657550421119495], [-7.460316183840615, 33.664312533906106], [-7.468403059146532, 33.664413023435785], [-7.468522899252258, 33.65765088509188], [-7.460436656097816, 33.657550421119495]]]}, "properties": {"score": 8.222101536531243, "avg_travel_time_min": 55.066842237488295, "population": 2545.8613410000003, "origin_count": 71, "grid_size_m": 750}}, {"type": "Feature", "geometry": {"type": "Polygon", "coordinates": [[[-7.460316183840615, 33.664312533906106], [-7.460195671377306, 33.67107463890183], [-7.468283179045529, 33.67117515399272], [-7.468403059146532, 33.664413023435785], [-7.460316183840615, 33.664312533906106]]]}, "properties": {"score": 0.7006513599538822, "avg_travel_time_min": 60.243986574671354, "population": 536.993413, "origin_count": 18, "grid_size_m": 750}}, {"type": "Feature", "geometry": {"type": "Polygon", "coordinates": [[[-7.454403056462811, 33.54249275611274], [-7.454282637200399, 33.54925497558527], [-7.462358754559503, 33.54935555768817], [-7.4624785452570155, 33.5425933125907], [-7.454403056462811, 33.54249275611274]]]}, "properties": {"score": 44.45696564730511, "avg_travel_time_min": 33.32582082295509, "population": 63.08352060000001, "origin_count": 11, "grid_size_m": 750}}, {"type": "Feature", "geometry": {"type": "Polygon", "coordinates": [[[-7.454282637200399, 33.54925497558527], [-7.454162177737906, 33.55601718727794], [-7.462238923871606, 33.55611779500969], [-7.462358754559503, 33.54935555768817], [-7.454282637200399, 33.54925497558527]]]}, "properties": {"score": 33.55726169652885, "avg_travel_time_min": 39.86564279157435, "population": 162.4324645, "origin_count": 20, "grid_size_m": 750}}, {"type": "Feature", "geometry": {"type": "Polygon", "coordinates": [[[-7.454162177737906, 33.55601718727794], [-7.454041678062631, 33.56277939118985], [-7.462119053180685, 33.56288002455438], [-7.462238923871606, 33.55611779500969], [-7.454162177737906, 33.55601718727794]]]}, "properties": {"score": 13.910611454773145, "avg_travel_time_min": 51.6536329331657, "population": 1224.8993272999999, "origin_count": 70, "grid_size_m": 750}}, {"type": "Feature", "geometry": {"type": "Polygon", "coordinates": [[[-7.454041678062631, 33.56277939118985], [-7.453921138161859, 33.56954158732013], [-7.461999142474097, 33.56964224632136], [-7.462119053180685, 33.56288002455438], [-7.454041678062631, 33.56277939118985]]]}, "properties": {"score": 2.471383003482835, "avg_travel_time_min": 59.853973141907694, "population": 884.3869524, "origin_count": 80, "grid_size_m": 750}}, {"type": "Feature", "geometry": {"type": "Polygon", "coordinates": [[[-7.453921138161859, 33.56954158732013], [-7.453800558022877, 33.57630377566789], [-7.461879191739192, 33.576404460309746], [-7.461999142474097, 33.56964224632136], [-7.453921138161859, 33.56954158732013]]]}, "properties": {"score": 0.9231172370679356, "avg_travel_time_min": 62.50937353598198, "population": 697.8217141, "origin_count": 80, "grid_size_m": 750}}, {"type": "Feature", "geometry": {"type": "Polygon", "coordinates": [[[-7.453800558022877, 33.57630377566789], [-7.453679937632959, 33.583065956232254], [-7.461759200963309, 33.583166666518636], [-7.461879191739192, 33.576404460309746], [-7.453800558022877, 33.57630377566789]]]}, "properties": {"score": 2.3137333821181447, "avg_travel_time_min": 59.96171292547522, "population": 626.0550581, "origin_count": 80, "grid_size_m": 750}}, {"type": "Feature", "geometry": {"type": "Polygon", "coordinates": [[[-7.453679937632959, 33.583065956232254], [-7.453559276979375, 33.58982812901233], [-7.46163917013379, 33.58992886494718], [-7.461759200963309, 33.583166666518636], [-7.453679937632959, 33.583065956232254]]]}, "properties": {"score": 12.321766671190503, "avg_travel_time_min": 52.606940168320236, "population": 913.4999855, "origin_count": 79, "grid_size_m": 750}}, {"type": "Feature", "geometry": {"type": "Polygon", "coordinates": [[[-7.453559276979375, 33.58982812901233], [-7.453438576049391, 33.59659029400725], [-7.461519099237959, 33.596691055594476], [-7.46163917013379, 33.58992886494718], [-7.453559276979375, 33.58982812901233]]]}, "properties": {"score": 33.84426993274365, "avg_travel_time_min": 39.69343811756895, "population": 1740.217991, "origin_count": 74, "grid_size_m": 750}}, {"type": "Feature", "geometry": {"type": "Polygon", "coordinates": [[[-7.453438576049391, 33.59659029400725], [-7.453317834830262, 33.603352451216125], [-7.461398988263143, 33.60345323845967], [-7.461519099237959, 33.596691055594476], [-7.453438576049391, 33.59659029400725]]]}, "properties": {"score": 42.028356726848976, "avg_travel_time_min": 34.782985854396145, "population": 8741.978140000001, "origin_count": 81, "grid_size_m": 750}}, {"type": "Feature", "geometry": {"type": "Polygon", "coordinates": [[[-7.453317834830262, 33.603352451216125], [-7.45319705330924, 33.61011460063807], [-7.4612788371966605, 33.61021541354186], [-7.461398988263143, 33.60345323845967], [-7.453317834830262, 33.603352451216125]]]}, "properties": {"score": 38.68667885259116, "avg_travel_time_min": 36.7879927015092, "population": 7316.688317, "origin_count": 80, "grid_size_m": 750}}, {"type": "Feature", "geometry": {"type": "Polygon", "coordinates": [[[-7.45319705330924, 33.61011460063807], [-7.453076231473567, 33.61687674227222], [-7.461158646025819, 33.61697758084017], [-7.4612788371966605, 33.61021541354186], [-7.45319705330924, 33.61011460063807]]]}, "properties": {"score": 44.60419503226694, "avg_travel_time_min": 33.23748303757246, "population": 9401.759323999999, "origin_count": 80, "grid_size_m": 750}}, {"type": "Feature", "geometry": {"type": "Polygon", "coordinates": [[[-7.453076231473567, 33.61687674227222], [-7.452955369310484, 33.62363887611768], [-7.461038414737922, 33.623739740353734], [-7.461158646025819, 33.61697758084017], [-7.453076231473567, 33.61687674227222]]]}, "properties": {"score": 49.67476460326781, "avg_travel_time_min": 30.195141327687146, "population": 5396.6576860000005, "origin_count": 80, "grid_size_m": 750}}, {"type": "Feature", "geometry": {"type": "Polygon", "coordinates": [[[-7.452955369310484, 33.62363887611768], [-7.452834466807218, 33.63040100217357], [-7.460918143320269, 33.630501892081654], [-7.461038414737922, 33.623739740353734], [-7.452955369310484, 33.62363887611768]]]}, "properties": {"score": 48.985814648858366, "avg_travel_time_min": 30.608511158474855, "population": 7102.496919000001, "origin_count": 80, "grid_size_m": 750}}, {"type": "Feature", "geometry": {"type": "Polygon", "coordinates": [[[-7.452834466807218, 33.63040100217357], [-7.452713523950996, 33.63716312043901], [-7.460797831760151, 33.637264036023076], [-7.460918143320269, 33.630501892081654], [-7.452834466807218, 33.63040100217357]]]}, "properties": {"score": 53.12301065478439, "avg_travel_time_min": 28.12619375106725, "population": 7940.727286999999, "origin_count": 78, "grid_size_m": 750}}, {"type": "Feature", "geometry": {"type": "Polygon", "coordinates": [[[-7.452713523950996, 33.63716312043901], [-7.452592540729036, 33.64392523091313], [-7.460677480044851, 33.64402617217711], [-7.460797831760151, 33.637264036023076], [-7.452713523950996, 33.63716312043901]]]}, "properties": {"score": 50.84176137722449, "avg_travel_time_min": 29.49494323491331, "population": 4823.01223, "origin_count": 72, "grid_size_m": 750}}, {"type": "Feature", "geometry": {"type": "Polygon", "coordinates": [[[-7.452592540729036, 33.64392523091313], [-7.452471517128547, 33.650687333595066], [-7.460557088161649, 33.65078830054288], [-7.460677480044851, 33.64402617217711], [-7.452592540729036, 33.64392523091313]]]}, "properties": {"score": 38.726965984005034, "avg_travel_time_min": 36.76382043422782, "population": 2217.1146870000002, "origin_count": 74, "grid_size_m": 750}}, {"type": "Feature", "geometry": {"type": "Polygon", "coordinates": [[[-7.452471517128547, 33.650687333595066], [-7.452350453136737, 33.65744942848391], [-7.460436656097816, 33.657550421119495], [-7.460557088161649, 33.65078830054288], [-7.452471517128547, 33.650687333595066]]]}, "properties": {"score": 25.54824790198056, "avg_travel_time_min": 44.687801461780865, "population": 2905.4772640000006, "origin_count": 85, "grid_size_m": 750}}, {"type": "Feature", "geometry": {"type": "Polygon", "coordinates": [[[-7.452350453136737, 33.65744942848391], [-7.452229348740804, 33.66421151557879], [-7.460316183840615, 33.664312533906106], [-7.460436656097816, 33.657550421119495], [-7.452350453136737, 33.65744942848391]]]}, "properties": {"score": 13.925451205498717, "avg_travel_time_min": 51.842516833468984, "population": 3438.171395, "origin_count": 85, "grid_size_m": 750}}, {"type": "Feature", "geometry": {"type": "Polygon", "coordinates": [[[-7.452229348740804, 33.66421151557879], [-7.452108203927939, 33.67097359487884], [-7.460195671377306, 33.67107463890183], [-7.460316183840615, 33.664312533906106], [-7.452229348740804, 33.66421151557879]]]}, "properties": {"score": 0.1991858067555834, "avg_travel_time_min": 62.7777943361795, "population": 1324.818901, "origin_count": 45, "grid_size_m": 750}}, {"type": "Feature", "geometry": {"type": "Polygon", "coordinates": [[[-7.44632760785599, 33.54239167326248], [-7.446206560041375, 33.54915386697599], [-7.454282637200399, 33.54925497558527], [-7.454403056462811, 33.54249275611274], [-7.44632760785599, 33.54239167326248]]]}, "properties": {"score": 34.546566, "avg_travel_time_min": 39.27206, "population": 5.1086254, "origin_count": 1, "grid_size_m": 750}}, {"type": "Feature", "geometry": {"type": "Polygon", "coordinates": [[[-7.446206560041375, 33.54915386697599], [-7.446085471816992, 33.555916052905694], [-7.454162177737906, 33.55601718727794], [-7.454282637200399, 33.54925497558527], [-7.446206560041375, 33.54915386697599]]]}, "properties": {"score": 21.17770933010817, "avg_travel_time_min": 47.293374445535974, "population": 1130.3093092999998, "origin_count": 46, "grid_size_m": 750}}, {"type": "Feature", "geometry": {"type": "Polygon", "coordinates": [[[-7.446085471816992, 33.555916052905694], [-7.445964343170068, 33.56267823105072], [-7.454041678062631, 33.56277939118985], [-7.454162177737906, 33.55601718727794], [-7.446085471816992, 33.555916052905694]]]}, "properties": {"score": 8.11136972710607, "avg_travel_time_min": 55.24496829088615, "population": 1412.843556, "origin_count": 72, "grid_size_m": 750}}, {"type": "Feature", "geometry": {"type": "Polygon", "coordinates": [[[-7.445964343170068, 33.56267823105072], [-7.445843174087832, 33.56944040141016], [-7.453921138161859, 33.56954158732013], [-7.454041678062631, 33.56277939118985], [-7.445964343170068, 33.56267823105072]]]}, "properties": {"score": 0.008308218796658048, "avg_travel_time_min": 66.6042586636184, "population": 515.7475949, "origin_count": 72, "grid_size_m": 750}}, {"type": "Feature", "geometry": {"type": "Polygon", "coordinates": [[[-7.445843174087832, 33.56944040141016], [-7.445721964557495, 33.57620256398316], [-7.453800558022877, 33.57630377566789], [-7.453921138161859, 33.56954158732013], [-7.445843174087832, 33.56944040141016]]]}, "properties": {"score": 0.0, "avg_travel_time_min": 74.26392516316137, "population": 523.4419608999999, "origin_count": 79, "grid_size_m": 750}}, {"type": "Feature", "geometry": {"type": "Polygon", "coordinates": [[[-7.445721964557495, 33.57620256398316], [-7.445600714566271, 33.58296471876879], [-7.453679937632959, 33.583065956232254], [-7.453800558022877, 33.57630377566789], [-7.445721964557495, 33.57620256398316]]]}, "properties": {"score": 0.0, "avg_travel_time_min": 68.40579531723469, "population": 287.4710674, "origin_count": 49, "grid_size_m": 750}}, {"type": "Feature", "geometry": {"type": "Polygon", "coordinates": [[[-7.445600714566271, 33.58296471876879], [-7.445479424101362, 33.58972686576622], [-7.453559276979375, 33.58982812901233], [-7.453679937632959, 33.583065956232254], [-7.445600714566271, 33.58296471876879]]]}, "properties": {"score": 3.3948723953899025, "avg_travel_time_min": 58.717903995295195, "population": 680.6952856, "origin_count": 74, "grid_size_m": 750}}, {"type": "Feature", "geometry": {"type": "Polygon", "coordinates": [[[-7.445479424101362, 33.58972686576622], [-7.445358093149966, 33.59648900497452], [-7.453438576049391, 33.59659029400725], [-7.453559276979375, 33.58982812901233], [-7.445479424101362, 33.58972686576622]]]}, "properties": {"score": 13.91842579484659, "avg_travel_time_min": 51.64894454259032, "population": 1056.9172985, "origin_count": 80, "grid_size_m": 750}}, {"type": "Feature", "geometry": {"type": "Polygon", "coordinates": [[[-7.445358093149966, 33.59648900497452], [-7.445236721699272, 33.60325113639285], [-7.453317834830262, 33.603352451216125], [-7.453438576049391, 33.59659029400725], [-7.445358093149966, 33.59648900497452]]]}, "properties": {"score": 22.872551417506322, "avg_travel_time_min": 46.27646901969963, "population": 1907.5686044999998, "origin_count": 80, "grid_size_m": 750}}, {"type": "Feature", "geometry": {"type": "Polygon", "coordinates": [[[-7.445236721699272, 33.60325113639285], [-7.445115309736468, 33.61001326002028], [-7.45319705330924, 33.61011460063807], [-7.453317834830262, 33.603352451216125], [-7.445236721699272, 33.60325113639285]]]}, "properties": {"score": 23.394302790657658, "avg_travel_time_min": 45.96341833552285, "population": 3945.0021905, "origin_count": 80, "grid_size_m": 750}}, {"type": "Feature", "geometry": {"type": "Polygon", "coordinates": [[[-7.445115309736468, 33.61001326002028], [-7.444993857248727, 33.61677537585599], [-7.453076231473567, 33.61687674227222], [-7.45319705330924, 33.61011460063807], [-7.445115309736468, 33.61001326002028]]]}, "properties": {"score": 33.62143728745384, "avg_travel_time_min": 39.82713774808893, "population": 7689.479370000001, "origin_count": 73, "grid_size_m": 750}}, {"type": "Feature", "geometry": {"type": "Polygon", "coordinates": [[[-7.444993857248727, 33.61677537585599], [-7.444872364223224, 33.623537483899035], [-7.452955369310484, 33.62363887611768], [-7.453076231473567, 33.61687674227222], [-7.444993857248727, 33.61677537585599]]]}, "properties": {"score": 45.45450997251058, "avg_travel_time_min": 32.7272940936599, "population": 6133.552776, "origin_count": 80, "grid_size_m": 750}}, {"type": "Feature", "geometry": {"type": "Polygon", "coordinates": [[[-7.444872364223224, 33.623537483899035], [-7.444750830647123, 33.63029958414858], [-7.452834466807218, 33.63040100217357], [-7.452955369310484, 33.62363887611768], [-7.444872364223224, 33.623537483899035]]]}, "properties": {"score": 55.6973028656377, "avg_travel_time_min": 26.58161811652681, "population": 6628.369198, "origin_count": 80, "grid_size_m": 750}}, {"type": "Feature", "geometry": {"type": "Polygon", "coordinates": [[[-7.444750830647123, 33.63029958414858], [-7.444629256507579, 33.63706167660371], [-7.452713523950996, 33.63716312043901], [-7.452834466807218, 33.63040100217357], [-7.444750830647123, 33.63029958414858]]]}, "properties": {"score": 62.2175575444486, "avg_travel_time_min": 22.669465658632863, "population": 7612.569985, "origin_count": 80, "grid_size_m": 750}}, {"type": "Feature", "geometry": {"type": "Polygon", "coordinates": [[[-7.444629256507579, 33.63706167660371], [-7.444507641791746, 33.643823761263555], [-7.452592540729036, 33.64392523091313], [-7.452713523950996, 33.63716312043901], [-7.444629256507579, 33.63706167660371]]]}, "properties": {"score": 60.5906194227781, "avg_travel_time_min": 23.645628504798147, "population": 7029.996634000001, "origin_count": 80, "grid_size_m": 750}}, {"type": "Feature", "geometry": {"type": "Polygon", "coordinates": [[[-7.444507641791746, 33.643823761263555], [-7.4443859864867665, 33.65058583812727], [-7.452471517128547, 33.650687333595066], [-7.452592540729036, 33.64392523091313], [-7.444507641791746, 33.643823761263555]]]}, "properties": {"score": 55.88153240460439, "avg_travel_time_min": 26.47108047283372, "population": 3079.7051970000007, "origin_count": 78, "grid_size_m": 750}}, {"type": "Feature", "geometry": {"type": "Polygon", "coordinates": [[[-7.4443859864867665, 33.65058583812727], [-7.444264290579784, 33.6573479071939], [-7.452350453136737, 33.65744942848391], [-7.452471517128547, 33.650687333595066], [-7.4443859864867665, 33.65058583812727]]]}, "properties": {"score": 47.67253022695989, "avg_travel_time_min": 31.396481618163705, "population": 2206.6514310000002, "origin_count": 72, "grid_size_m": 750}}, {"type": "Feature", "geometry": {"type": "Polygon", "coordinates": [[[-7.444264290579784, 33.6573479071939], [-7.444142554057923, 33.66410996846264], [-7.452229348740804, 33.66421151557879], [-7.452350453136737, 33.65744942848391], [-7.444264290579784, 33.6573479071939]]]}, "properties": {"score": 32.57595978194848, "avg_travel_time_min": 40.639818786779784, "population": 2556.68055, "origin_count": 63, "grid_size_m": 750}}, {"type": "Feature", "geometry": {"type": "Polygon", "coordinates": [[[-7.444142554057923, 33.66410996846264], [-7.444020776908316, 33.67087202193259], [-7.452108203927939, 33.67097359487884], [-7.452229348740804, 33.66421151557879], [-7.444142554057923, 33.66410996846264]]]}, "properties": {"score": 0.32629390760139515, "avg_travel_time_min": 60.2319660239311, "population": 67.804855, "origin_count": 2, "grid_size_m": 750}}, {"type": "Feature", "geometry": {"type": "Polygon", "coordinates": [[[-7.4381305232921155, 33.54905223186912], [-7.438008806318613, 33.55581439190177], [-7.446085471816992, 33.555916052905694], [-7.446206560041375, 33.54915386697599], [-7.4381305232921155, 33.54905223186912]]]}, "properties": {"score": 15.053847549622015, "avg_travel_time_min": 50.96769147888226, "population": 760.603358, "origin_count": 51, "grid_size_m": 750}}, {"type": "Feature", "geometry": {"type": "Polygon", "coordinates": [[[-7.438008806318613, 33.55581439190177], [-7.437887048712821, 33.56257654414578], [-7.445964343170068, 33.56267823105072], [-7.446085471816992, 33.555916052905694], [-7.438008806318613, 33.55581439190177]]]}, "properties": {"score": 2.995744495509669, "avg_travel_time_min": 59.37702471520844, "population": 949.2392004000001, "origin_count": 82, "grid_size_m": 750}}, {"type": "Feature", "geometry": {"type": "Polygon", "coordinates": [[[-7.437887048712821, 33.56257654414578], [-7.4377652504619, 33.56933868860026], [-7.445843174087832, 33.56944040141016], [-7.445964343170068, 33.56267823105072], [-7.437887048712821, 33.56257654414578]]]}, "properties": {"score": 0.0, "avg_travel_time_min": 69.26595570279139, "population": 231.5110613, "origin_count": 38, "grid_size_m": 750}}, {"type": "Feature", "geometry": {"type": "Polygon", "coordinates": [[[-7.4377652504619, 33.56933868860026], [-7.437643411553001, 33.57610082526433], [-7.445721964557495, 33.57620256398316], [-7.445843174087832, 33.56944040141016], [-7.4377652504619, 33.56933868860026]]]}, "properties": {"score": 0.0, "avg_travel_time_min": 80.76811517482855, "population": 83.4102649, "origin_count": 15, "grid_size_m": 750}}, {"type": "Feature", "geometry": {"type": "Polygon", "coordinates": [[[-7.437521531973267, 33.582862954137056], [-7.437399611709834, 33.58962507521762], [-7.445479424101362, 33.58972686576622], [-7.445600714566271, 33.58296471876879], [-7.437521531973267, 33.582862954137056]]]}, "properties": {"score": 0.0, "avg_travel_time_min": 64.35014104680431, "population": 88.5394419, "origin_count": 16, "grid_size_m": 750}}, {"type": "Feature", "geometry": {"type": "Polygon", "coordinates": [[[-7.437399611709834, 33.58962507521762], [-7.437277650749834, 33.59638718850511], [-7.445358093149966, 33.59648900497452], [-7.445479424101362, 33.58972686576622], [-7.437399611709834, 33.58962507521762]]]}, "properties": {"score": 0.8415169066783663, "avg_travel_time_min": 62.59672186244784, "population": 709.9817684000001, "origin_count": 80, "grid_size_m": 750}}, {"type": "Feature", "geometry": {"type": "Polygon", "coordinates": [[[-7.437277650749834, 33.59638718850511], [-7.4371556490803945, 33.60314929399865], [-7.445236721699272, 33.60325113639285], [-7.445358093149966, 33.59648900497452], [-7.437277650749834, 33.59638718850511]]]}, "properties": {"score": 2.4143971034705998, "avg_travel_time_min": 61.2703331412918, "population": 1295.5330095, "origin_count": 80, "grid_size_m": 750}}, {"type": "Feature", "geometry": {"type": "Polygon", "coordinates": [[[-7.4371556490803945, 33.60314929399865], [-7.43703360668863, 33.609911391697324], [-7.445115309736468, 33.61001326002028], [-7.445236721699272, 33.60325113639285], [-7.4371556490803945, 33.60314929399865]]]}, "properties": {"score": 4.19217419026049, "avg_travel_time_min": 58.1886605563943, "population": 1675.3648095, "origin_count": 82, "grid_size_m": 750}}, {"type": "Feature", "geometry": {"type": "Polygon", "coordinates": [[[-7.43703360668863, 33.609911391697324], [-7.43691152356165, 33.61667348160029], [-7.444993857248727, 33.61677537585599], [-7.445115309736468, 33.61001326002028], [-7.43703360668863, 33.609911391697324]]]}, "properties": {"score": 27.67451990854358, "avg_travel_time_min": 43.395288033424734, "population": 5532.0190465, "origin_count": 87, "grid_size_m": 750}}, {"type": "Feature", "geometry": {"type": "Polygon", "coordinates": [[[-7.43691152356165, 33.61667348160029], [-7.436789399686564, 33.62343556370665], [-7.444872364223224, 33.623537483899035], [-7.444993857248727, 33.61677537585599], [-7.43691152356165, 33.61667348160029]]]}, "properties": {"score": 40.16244213897983, "avg_travel_time_min": 35.90253475846681, "population": 7103.755029, "origin_count": 72, "grid_size_m": 750}}, {"type": "Feature", "geometry": {"type": "Polygon", "coordinates": [[[-7.436789399686564, 33.62343556370665], [-7.436667235050465, 33.63019763801551], [-7.444750830647123, 33.63029958414858], [-7.444872364223224, 33.623537483899035], [-7.436789399686564, 33.62343556370665]]]}, "properties": {"score": 39.72572344404364, "avg_travel_time_min": 36.1645659394296, "population": 4651.30751, "origin_count": 72, "grid_size_m": 750}}, {"type": "Feature", "geometry": {"type": "Polygon", "coordinates": [[[-7.436667235050465, 33.63019763801551], [-7.436545029640449, 33.63695970452599], [-7.444629256507579, 33.63706167660371], [-7.444750830647123, 33.63029958414858], [-7.436667235050465, 33.63019763801551]]]}, "properties": {"score": 48.356914486537775, "avg_travel_time_min": 30.985851422747825, "population": 6021.031185, "origin_count": 80, "grid_size_m": 750}}, {"type": "Feature", "geometry": {"type": "Polygon", "coordinates": [[[-7.436545029640449, 33.63695970452599], [-7.436422783443598, 33.6437217632372], [-7.444507641791746, 33.643823761263555], [-7.444629256507579, 33.63706167660371], [-7.436545029640449, 33.63695970452599]]]}, "properties": {"score": 48.99785883947806, "avg_travel_time_min": 30.601284847363793, "population": 4627.972244, "origin_count": 80, "grid_size_m": 750}}, {"type": "Feature", "geometry": {"type": "Polygon", "coordinates": [[[-7.436422783443598, 33.6437217632372], [-7.436300496446992, 33.650483814148295], [-7.4443859864867665, 33.65058583812727], [-7.444507641791746, 33.643823761263555], [-7.436422783443598, 33.6437217632372]]]}, "properties": {"score": 53.464104354244306, "avg_travel_time_min": 27.921537486801082, "population": 2526.524983, "origin_count": 80, "grid_size_m": 750}}, {"type": "Feature", "geometry": {"type": "Polygon", "coordinates": [[[-7.436300496446992, 33.650483814148295], [-7.436178168637702, 33.65724585725835], [-7.444264290579784, 33.6573479071939], [-7.4443859864867665, 33.65058583812727], [-7.436300496446992, 33.650483814148295]]]}, "properties": {"score": 54.038570075336345, "avg_travel_time_min": 27.57685806435489, "population": 2930.235656, "origin_count": 80, "grid_size_m": 750}}, {"type": "Feature", "geometry": {"type": "Polygon", "coordinates": [[[-7.436178168637702, 33.65724585725835], [-7.436055800002792, 33.66400789256651], [-7.444142554057923, 33.66410996846264], [-7.444264290579784, 33.6573479071939], [-7.436178168637702, 33.65724585725835]]]}, "properties": {"score": 50.196272601891586, "avg_travel_time_min": 29.88223682080185, "population": 581.41453, "origin_count": 12, "grid_size_m": 750}}, {"type": "Feature", "geometry": {"type": "Polygon", "coordinates": [[[-7.430054527162309, 33.54895007027349], [-7.42993218145252, 33.555712204275004], [-7.438008806318613, 33.55581439190177], [-7.4381305232921155, 33.54905223186912], [-7.430054527162309, 33.54895007027349]]]}, "properties": {"score": 2.1865657852693037, "avg_travel_time_min": 58.97853693300043, "population": 137.36006, "origin_count": 21, "grid_size_m": 750}}, {"type": "Feature", "geometry": {"type": "Polygon", "coordinates": [[[-7.42993218145252, 33.555712204275004], [-7.429809794900702, 33.56247433048389], [-7.437887048712821, 33.56257654414578], [-7.438008806318613, 33.55581439190177], [-7.42993218145252, 33.555712204275004]]]}, "properties": {"score": 0.0328161851700276, "avg_travel_time_min": 64.62427755808784, "population": 340.6920203, "origin_count": 50, "grid_size_m": 750}}, {"type": "Feature", "geometry": {"type": "Polygon", "coordinates": [[[-7.429319840014872, 33.589522757375434], [-7.429197249059147, 33.59628484460789], [-7.437277650749834, 33.59638718850511], [-7.437399611709834, 33.58962507521762], [-7.429319840014872, 33.589522757375434]]]}, "properties": {"score": 0.0, "avg_travel_time_min": 73.86928585781823, "population": 319.1367862, "origin_count": 51, "grid_size_m": 750}}, {"type": "Feature", "geometry": {"type": "Polygon", "coordinates": [[[-7.429197249059147, 33.59628484460789], [-7.42907461718384, 33.60304692404239], [-7.4371556490803945, 33.60314929399865], [-7.437277650749834, 33.59638718850511], [-7.429197249059147, 33.59628484460789]]]}, "properties": {"score": 0.0, "avg_travel_time_min": 72.18517056984214, "population": 914.8215837999999, "origin_count": 78, "grid_size_m": 750}}, {"type": "Feature", "geometry": {"type": "Polygon", "coordinates": [[[-7.42907461718384, 33.60304692404239], [-7.428951944376002, 33.609808995678065], [-7.43703360668863, 33.609911391697324], [-7.4371556490803945, 33.60314929399865], [-7.42907461718384, 33.60304692404239]]]}, "properties": {"score": 0.8038757110127448, "avg_travel_time_min": 62.666714502024, "population": 1323.2854240000001, "origin_count": 80, "grid_size_m": 750}}, {"type": "Feature", "geometry": {"type": "Polygon", "coordinates": [[[-7.428951944376002, 33.609808995678065], [-7.428829230622681, 33.61657105951402], [-7.43691152356165, 33.61667348160029], [-7.43703360668863, 33.609911391697324], [-7.428951944376002, 33.609808995678065]]]}, "properties": {"score": 12.125587122423594, "avg_travel_time_min": 52.72464767853179, "population": 1612.1122095, "origin_count": 81, "grid_size_m": 750}}, {"type": "Feature", "geometry": {"type": "Polygon", "coordinates": [[[-7.428829230622681, 33.61657105951402], [-7.428706475910912, 33.62333311554937], [-7.436789399686564, 33.62343556370665], [-7.43691152356165, 33.61667348160029], [-7.428829230622681, 33.61657105951402]]]}, "properties": {"score": 26.960797286688187, "avg_travel_time_min": 43.823521635116506, "population": 2497.115071, "origin_count": 89, "grid_size_m": 750}}, {"type": "Feature", "geometry": {"type": "Polygon", "coordinates": [[[-7.428706475910912, 33.62333311554937], [-7.428583680227728, 33.63009516378323], [-7.436667235050465, 33.63019763801551], [-7.436789399686564, 33.62343556370665], [-7.428706475910912, 33.62333311554937]]]}, "properties": {"score": 34.7045941305926, "avg_travel_time_min": 39.17724345805304, "population": 4114.995257, "origin_count": 80, "grid_size_m": 750}}, {"type": "Feature", "geometry": {"type": "Polygon", "coordinates": [[[-7.428583680227728, 33.63009516378323], [-7.428460843560153, 33.63685720421473], [-7.436545029640449, 33.63695970452599], [-7.436667235050465, 33.63019763801551], [-7.428583680227728, 33.63009516378323]]]}, "properties": {"score": 31.50964857109813, "avg_travel_time_min": 41.094210820632185, "population": 3747.104081, "origin_count": 72, "grid_size_m": 750}}, {"type": "Feature", "geometry": {"type": "Polygon", "coordinates": [[[-7.428460843560153, 33.63685720421473], [-7.4283379658952065, 33.64361923684296], [-7.436422783443598, 33.6437217632372], [-7.436545029640449, 33.63695970452599], [-7.428460843560153, 33.63685720421473]]]}, "properties": {"score": 25.64069745392446, "avg_travel_time_min": 44.61558162807634, "population": 3029.419913, "origin_count": 72, "grid_size_m": 750}}, {"type": "Feature", "geometry": {"type": "Polygon", "coordinates": [[[-7.4283379658952065, 33.64361923684296], [-7.428215047219901, 33.65038126166707], [-7.436300496446992, 33.650483814148295], [-7.436422783443598, 33.6437217632372], [-7.4283379658952065, 33.64361923684296]]]}, "properties": {"score": 30.5837689175614, "avg_travel_time_min": 41.64973850398146, "population": 1665.593659, "origin_count": 80, "grid_size_m": 750}}, {"type": "Feature", "geometry": {"type": "Polygon", "coordinates": [[[-7.428215047219901, 33.65038126166707], [-7.428092087521239, 33.65714327868612], [-7.436178168637702, 33.65724585725835], [-7.436300496446992, 33.650483814148295], [-7.428215047219901, 33.65038126166707]]]}, "properties": {"score": 38.74813698868362, "avg_travel_time_min": 36.751117844414395, "population": 1175.4291105, "origin_count": 64, "grid_size_m": 750}}, {"type": "Feature", "geometry": {"type": "Polygon", "coordinates": [[[-7.428092087521239, 33.65714327868612], [-7.427969086786219, 33.663905287899304], [-7.436055800002792, 33.66400789256651], [-7.436178168637702, 33.65724585725835], [-7.428092087521239, 33.65714327868612]]]}, "properties": {"score": 46.18928176141278, "avg_travel_time_min": 32.28643126898487, "population": 440.51565000000005, "origin_count": 13, "grid_size_m": 750}}, {"type": "Feature", "geometry": {"type": "Polygon", "coordinates": [[[-7.421240109226548, 33.58941991224855], [-7.421116888288037, 33.59618197329175], [-7.429197249059147, 33.59628484460789], [-7.429319840014872, 33.589522757375434], [-7.421240109226548, 33.58941991224855]]]}, "properties": {"score": 0.0, "avg_travel_time_min": 88.09101820683601, "population": 476.4111121999999, "origin_count": 67, "grid_size_m": 750}}, {"type": "Feature", "geometry": {"type": "Polygon", "coordinates": [[[-7.421116888288037, 33.59618197329175], [-7.420993626219813, 33.602944026533], [-7.42907461718384, 33.60304692404239], [-7.429197249059147, 33.59628484460789], [-7.421116888288037, 33.59618197329175]]]}, "properties": {"score": 0.0, "avg_travel_time_min": 78.73784363390988, "population": 933.4267413, "origin_count": 74, "grid_size_m": 750}}, {"type": "Feature", "geometry": {"type": "Polygon", "coordinates": [[[-7.420993626219813, 33.602944026533], [-7.42087032300886, 33.60970607197141], [-7.428951944376002, 33.609808995678065], [-7.42907461718384, 33.60304692404239], [-7.420993626219813, 33.602944026533]]]}, "properties": {"score": 0.0, "avg_travel_time_min": 69.18035920895747, "population": 1799.378441, "origin_count": 72, "grid_size_m": 750}}, {"type": "Feature", "geometry": {"type": "Polygon", "coordinates": [[[-7.42087032300886, 33.60970607197141], [-7.420746978642157, 33.61646810960609], [-7.428829230622681, 33.61657105951402], [-7.428951944376002, 33.609808995678065], [-7.42087032300886, 33.60970607197141]]]}, "properties": {"score": 0.9886172007749595, "avg_travel_time_min": 62.03421976943319, "population": 1767.7819975, "origin_count": 77, "grid_size_m": 750}}, {"type": "Feature", "geometry": {"type": "Polygon", "coordinates": [[[-7.420746978642157, 33.61646810960609], [-7.420623593106675, 33.623230139436146], [-7.428706475910912, 33.62333311554937], [-7.428829230622681, 33.61657105951402], [-7.420746978642157, 33.61646810960609]]]}, "properties": {"score": 11.14511134462837, "avg_travel_time_min": 53.351510125059534, "population": 998.777096, "origin_count": 80, "grid_size_m": 750}}, {"type": "Feature", "geometry": {"type": "Polygon", "coordinates": [[[-7.420623593106675, 33.623230139436146], [-7.420500166389379, 33.629992161460706], [-7.428583680227728, 33.63009516378323], [-7.428706475910912, 33.62333311554937], [-7.420623593106675, 33.623230139436146]]]}, "properties": {"score": 26.61773007961383, "avg_travel_time_min": 44.029361927348596, "population": 2498.826635, "origin_count": 89, "grid_size_m": 750}}, {"type": "Feature", "geometry": {"type": "Polygon", "coordinates": [[[-7.420500166389379, 33.629992161460706], [-7.420376698477229, 33.63675417567887], [-7.428460843560153, 33.63685720421473], [-7.428583680227728, 33.63009516378323], [-7.420500166389379, 33.629992161460706]]]}, "properties": {"score": 28.395691724294068, "avg_travel_time_min": 42.962585043217764, "population": 2526.7438890000003, "origin_count": 81, "grid_size_m": 750}}, {"type": "Feature", "geometry": {"type": "Polygon", "coordinates": [[[-7.420376698477229, 33.63675417567887], [-7.420253189357174, 33.64351618208977], [-7.4283379658952065, 33.64361923684296], [-7.428460843560153, 33.63685720421473], [-7.420376698477229, 33.63675417567887]]]}, "properties": {"score": 19.869988208299418, "avg_travel_time_min": 48.078007068420966, "population": 3082.711547, "origin_count": 80, "grid_size_m": 750}}, {"type": "Feature", "geometry": {"type": "Polygon", "coordinates": [[[-7.420253189357174, 33.64351618208977], [-7.420129639016162, 33.6502781806925], [-7.428215047219901, 33.65038126166707], [-7.4283379658952065, 33.64361923684296], [-7.420253189357174, 33.64351618208977]]]}, "properties": {"score": 6.711861293192523, "avg_travel_time_min": 56.15355442189303, "population": 1499.5144109999994, "origin_count": 55, "grid_size_m": 750}}, {"type": "Feature", "geometry": {"type": "Polygon", "coordinates": [[[-7.420129639016162, 33.6502781806925], [-7.420006047441131, 33.65704017148619], [-7.428092087521239, 33.65714327868612], [-7.428215047219901, 33.65038126166707], [-7.420129639016162, 33.6502781806925]]]}, "properties": {"score": 22.848630000000004, "avg_travel_time_min": 46.29082, "population": 13.57892, "origin_count": 1, "grid_size_m": 750}}, {"type": "Feature", "geometry": {"type": "Polygon", "coordinates": [[[-7.413160419554929, 33.589316539845925], [-7.413036568646642, 33.59607857456567], [-7.421116888288037, 33.59618197329175], [-7.421240109226548, 33.58941991224855], [-7.413160419554929, 33.589316539845925]]]}, "properties": {"score": 0.0, "avg_travel_time_min": 94.32373402065156, "population": 356.91857089999996, "origin_count": 57, "grid_size_m": 750}}, {"type": "Feature", "geometry": {"type": "Polygon", "coordinates": [[[-7.413036568646642, 33.59607857456567], [-7.4129126763985145, 33.60284060147944], [-7.420993626219813, 33.602944026533], [-7.421116888288037, 33.59618197329175], [-7.413036568646642, 33.59607857456567]]]}, "properties": {"score": 0.0, "avg_travel_time_min": 86.35446710988377, "population": 812.4305698000001, "origin_count": 80, "grid_size_m": 750}}, {"type": "Feature", "geometry": {"type": "Polygon", "coordinates": [[[-7.4129126763985145, 33.60284060147944], [-7.412788742797467, 33.60960262058632], [-7.42087032300886, 33.60970607197141], [-7.420993626219813, 33.602944026533], [-7.4129126763985145, 33.60284060147944]]]}, "properties": {"score": 0.0, "avg_travel_time_min": 77.406945325776, "population": 1109.535623, "origin_count": 80, "grid_size_m": 750}}, {"type": "Feature", "geometry": {"type": "Polygon", "coordinates": [[[-7.412788742797467, 33.60960262058632], [-7.41266476783041, 33.61636463188545], [-7.420746978642157, 33.61646810960609], [-7.42087032300886, 33.60970607197141], [-7.412788742797467, 33.60960262058632]]]}, "properties": {"score": 0.0, "avg_travel_time_min": 70.43754584737968, "population": 1336.5770774999999, "origin_count": 75, "grid_size_m": 750}}, {"type": "Feature", "geometry": {"type": "Polygon", "coordinates": [[[-7.41266476783041, 33.61636463188545], [-7.412540751484249, 33.62312663537595], [-7.420623593106675, 33.623230139436146], [-7.420746978642157, 33.61646810960609], [-7.41266476783041, 33.61636463188545]]]}, "properties": {"score": 0.7512452009244999, "avg_travel_time_min": 62.62382637222785, "population": 764.8848595, "origin_count": 72, "grid_size_m": 750}}, {"type": "Feature", "geometry": {"type": "Polygon", "coordinates": [[[-7.412540751484249, 33.62312663537595], [-7.412416693745884, 33.629888631056886], [-7.420500166389379, 33.629992161460706], [-7.420623593106675, 33.623230139436146], [-7.412540751484249, 33.62312663537595]]]}, "properties": {"score": 9.407292397885216, "avg_travel_time_min": 54.41429416094041, "population": 1441.600999, "origin_count": 77, "grid_size_m": 750}}, {"type": "Feature", "geometry": {"type": "Polygon", "coordinates": [[[-7.412416693745884, 33.629888631056886], [-7.412292594602206, 33.63665061892739], [-7.420376698477229, 33.63675417567887], [-7.420500166389379, 33.629992161460706], [-7.412416693745884, 33.629888631056886]]]}, "properties": {"score": 24.19171558210438, "avg_travel_time_min": 45.48497043991968, "population": 2196.7796789999998, "origin_count": 88, "grid_size_m": 750}}, {"type": "Feature", "geometry": {"type": "Polygon", "coordinates": [[[-7.412292594602206, 33.63665061892739], [-7.412168454040099, 33.643412598986586], [-7.420253189357174, 33.64351618208977], [-7.420376698477229, 33.63675417567887], [-7.412292594602206, 33.63665061892739]]]}, "properties": {"score": 28.239255755290728, "avg_travel_time_min": 43.056446620521285, "population": 1922.4526500000002, "origin_count": 82, "grid_size_m": 750}}, {"type": "Feature", "geometry": {"type": "Polygon", "coordinates": [[[-7.412168454040099, 33.643412598986586], [-7.412044272046442, 33.6501745712336], [-7.420129639016162, 33.6502781806925], [-7.420253189357174, 33.64351618208977], [-7.412168454040099, 33.643412598986586]]]}, "properties": {"score": 17.008052245859773, "avg_travel_time_min": 49.79516852074116, "population": 628.006188, "origin_count": 29, "grid_size_m": 750}}, {"type": "Feature", "geometry": {"type": "Polygon", "coordinates": [[[-7.405080771210074, 33.58921264017657], [-7.404956290345084, 33.59597464843865], [-7.413036568646642, 33.59607857456567], [-7.413160419554929, 33.589316539845925], [-7.405080771210074, 33.58921264017657]]]}, "properties": {"score": 0.0, "avg_travel_time_min": 98.92132052172678, "population": 49.548494399999996, "origin_count": 9, "grid_size_m": 750}}, {"type": "Feature", "geometry": {"type": "Polygon", "coordinates": [[[-7.404956290345084, 33.59597464843865], [-7.404831767930137, 33.60273664889071], [-7.4129126763985145, 33.60284060147944], [-7.413036568646642, 33.59607857456567], [-7.404956290345084, 33.59597464843865]]]}, "properties": {"score": 0.0, "avg_travel_time_min": 95.27925938387362, "population": 432.2747065999999, "origin_count": 63, "grid_size_m": 750}}, {"type": "Feature", "geometry": {"type": "Polygon", "coordinates": [[[-7.404831767930137, 33.60273664889071], [-7.404707203952083, 33.609498641531836], [-7.412788742797467, 33.60960262058632], [-7.4129126763985145, 33.60284060147944], [-7.404831767930137, 33.60273664889071]]]}, "properties": {"score": 0.0, "avg_travel_time_min": 88.10838965962095, "population": 525.9397152, "origin_count": 72, "grid_size_m": 750}}, {"type": "Feature", "geometry": {"type": "Polygon", "coordinates": [[[-7.404707203952083, 33.609498641531836], [-7.4045825983977664, 33.616260626361154], [-7.41266476783041, 33.61636463188545], [-7.412788742797467, 33.60960262058632], [-7.404707203952083, 33.609498641531836]]]}, "properties": {"score": 0.0, "avg_travel_time_min": 78.22651968818171, "population": 339.0847395, "origin_count": 53, "grid_size_m": 750}}, {"type": "Feature", "geometry": {"type": "Polygon", "coordinates": [[[-7.4045825983977664, 33.616260626361154], [-7.40445795125403, 33.62302260337776], [-7.412540751484249, 33.62312663537595], [-7.41266476783041, 33.61636463188545], [-7.4045825983977664, 33.616260626361154]]]}, "properties": {"score": 0.0, "avg_travel_time_min": 70.36338103245815, "population": 567.2282340999999, "origin_count": 71, "grid_size_m": 750}}, {"type": "Feature", "geometry": {"type": "Polygon", "coordinates": [[[-7.40445795125403, 33.62302260337776], [-7.404333262507702, 33.62978457258078], [-7.412416693745884, 33.629888631056886], [-7.412540751484249, 33.62312663537595], [-7.40445795125403, 33.62302260337776]]]}, "properties": {"score": 0.9054522522436883, "avg_travel_time_min": 62.287945856806346, "population": 980.3176434999999, "origin_count": 75, "grid_size_m": 750}}, {"type": "Feature", "geometry": {"type": "Polygon", "coordinates": [[[-7.404333262507702, 33.62978457258078], [-7.404208532145609, 33.636546533969316], [-7.412292594602206, 33.63665061892739], [-7.412416693745884, 33.629888631056886], [-7.404333262507702, 33.62978457258078]]]}, "properties": {"score": 8.459415899058182, "avg_travel_time_min": 55.002577675333825, "population": 1336.8566845, "origin_count": 72, "grid_size_m": 750}}, {"type": "Feature", "geometry": {"type": "Polygon", "coordinates": [[[-7.404208532145609, 33.636546533969316], [-7.404083760154571, 33.64330848754248], [-7.412168454040099, 33.643412598986586], [-7.412292594602206, 33.63665061892739], [-7.404208532145609, 33.636546533969316]]]}, "properties": {"score": 21.420512060471506, "avg_travel_time_min": 47.147692682995284, "population": 1194.9634819999999, "origin_count": 84, "grid_size_m": 750}}, {"type": "Feature", "geometry": {"type": "Polygon", "coordinates": [[[-7.404083760154571, 33.64330848754248], [-7.4039589465214, 33.65007043329937], [-7.412044272046442, 33.6501745712336], [-7.412168454040099, 33.643412598986586], [-7.404083760154571, 33.64330848754248]]]}, "properties": {"score": 18.42766782287039, "avg_travel_time_min": 48.943399336060644, "population": 1268.6847099999998, "origin_count": 79, "grid_size_m": 750}}, {"type": "Feature", "geometry": {"type": "Polygon", "coordinates": [[[-7.4039589465214, 33.65007043329937], [-7.403834091232899, 33.65683237123912], [-7.411920048608109, 33.656936535667505], [-7.412044272046442, 33.6501745712336], [-7.4039589465214, 33.65007043329937]]]}, "properties": {"score": 20.976470448960928, "avg_travel_time_min": 47.414117670398824, "population": 360.49697799999996, "origin_count": 15, "grid_size_m": 750}}, {"type": "Feature", "geometry": {"type": "Polygon", "coordinates": [[[-7.3967509010248635, 33.60263216877585], [-7.396625706682957, 33.60939413481697], [-7.404707203952083, 33.609498641531836], [-7.404831767930137, 33.60273664889071], [-7.3967509010248635, 33.60263216877585]]]}, "properties": {"score": 0.0, "avg_travel_time_min": 95.79949580625045, "population": 15.265807599999999, "origin_count": 3, "grid_size_m": 750}}, {"type": "Feature", "geometry": {"type": "Polygon", "coordinates": [[[-7.396500470554545, 33.61615609304222], [-7.396375192626397, 33.62291804345069], [-7.40445795125403, 33.62302260337776], [-7.4045825983977664, 33.616260626361154], [-7.396500470554545, 33.61615609304222]]]}, "properties": {"score": 0.0, "avg_travel_time_min": 74.63475757276726, "population": 72.26641959999999, "origin_count": 11, "grid_size_m": 750}}, {"type": "Feature", "geometry": {"type": "Polygon", "coordinates": [[[-7.396375192626397, 33.62291804345069], [-7.396249872885283, 33.62967998604147], [-7.404333262507702, 33.62978457258078], [-7.40445795125403, 33.62302260337776], [-7.396375192626397, 33.62291804345069]]]}, "properties": {"score": 0.0, "avg_travel_time_min": 70.15711439373077, "population": 471.1262244, "origin_count": 57, "grid_size_m": 750}}, {"type": "Feature", "geometry": {"type": "Polygon", "coordinates": [[[-7.396249872885283, 33.62967998604147], [-7.396124511317959, 33.636441920813695], [-7.404208532145609, 33.636546533969316], [-7.404333262507702, 33.62978457258078], [-7.396249872885283, 33.62967998604147]]]}, "properties": {"score": 0.3902255164037728, "avg_travel_time_min": 63.49685536268643, "population": 728.441172, "origin_count": 79, "grid_size_m": 750}}, {"type": "Feature", "geometry": {"type": "Polygon", "coordinates": [[[-7.396124511317959, 33.636441920813695], [-7.395999107911177, 33.64320384776647], [-7.404083760154571, 33.64330848754248], [-7.404208532145609, 33.636546533969316], [-7.396124511317959, 33.636441920813695]]]}, "properties": {"score": 6.555063844493822, "avg_travel_time_min": 56.25711696463336, "population": 453.26992229999996, "origin_count": 64, "grid_size_m": 750}}, {"type": "Feature", "geometry": {"type": "Polygon", "coordinates": [[[-7.395999107911177, 33.64320384776647], [-7.3958736626516846, 33.64996576689891], [-7.4039589465214, 33.65007043329937], [-7.404083760154571, 33.64330848754248], [-7.395999107911177, 33.64320384776647]]]}, "properties": {"score": 12.0956553185439, "avg_travel_time_min": 52.74260713611757, "population": 385.744638, "origin_count": 41, "grid_size_m": 750}}, {"type": "Feature", "geometry": {"type": "Polygon", "coordinates": [[[-7.3958736626516846, 33.64996576689891], [-7.395748175526219, 33.656727678210096], [-7.403834091232899, 33.65683237123912], [-7.4039589465214, 33.65007043329937], [-7.3958736626516846, 33.64996576689891]]]}, "properties": {"score": 8.199918343660867, "avg_travel_time_min": 55.23479702289919, "population": 1109.8849814999999, "origin_count": 72, "grid_size_m": 750}}, {"type": "Feature", "geometry": {"type": "Polygon", "coordinates": [[[-7.395748175526219, 33.656727678210096], [-7.395622646521512, 33.663489581699174], [-7.403709194275869, 33.663594301360824], [-7.403834091232899, 33.65683237123912], [-7.395748175526219, 33.656727678210096]]]}, "properties": {"score": 0.07136001344294458, "avg_travel_time_min": 61.69368643254397, "population": 167.16254299999997, "origin_count": 9, "grid_size_m": 750}}, {"type": "Feature", "geometry": {"type": "Polygon", "coordinates": [[[-7.387788420647941, 33.64986057204132], [-7.387662301698779, 33.65662245658957], [-7.395748175526219, 33.656727678210096], [-7.3958736626516846, 33.64996576689891], [-7.387788420647941, 33.64986057204132]]]}, "properties": {"score": 0.0, "avg_travel_time_min": 66.8137716665079, "population": 837.0561230000001, "origin_count": 48, "grid_size_m": 750}}, {"type": "Feature", "geometry": {"type": "Polygon", "coordinates": [[[-7.387662301698779, 33.65662245658957], [-7.387536140659669, 33.663384333311605], [-7.395622646521512, 33.663489581699174], [-7.395748175526219, 33.656727678210096], [-7.387662301698779, 33.65662245658957]]]}, "properties": {"score": 0.0, "avg_travel_time_min": 66.19897534121377, "population": 1249.9094710000002, "origin_count": 59, "grid_size_m": 750}}, {"type": "Feature", "geometry": {"type": "Polygon", "coordinates": [[[-7.379703220720807, 33.649754848735775], [-7.379576469961281, 33.65651670638671], [-7.387662301698779, 33.65662245658957], [-7.387788420647941, 33.64986057204132], [-7.379703220720807, 33.649754848735775]]]}, "properties": {"score": 0.0, "avg_travel_time_min": 85.40288878696342, "population": 401.5759775, "origin_count": 23, "grid_size_m": 750}}, {"type": "Feature", "geometry": {"type": "Polygon", "coordinates": [[[-7.379576469961281, 33.65651670638671], [-7.379449676901113, 33.66327855620732], [-7.387536140659669, 33.663384333311605], [-7.387662301698779, 33.65662245658957], [-7.379576469961281, 33.65651670638671]]]}, "properties": {"score": 0.0, "avg_travel_time_min": 83.59687882032668, "population": 1737.1064855, "origin_count": 85, "grid_size_m": 750}}, {"type": "Feature", "geometry": {"type": "Polygon", "coordinates": [[[-7.379449676901113, 33.66327855620732], [-7.3793228415268945, 33.67004039819666], [-7.3874099375172735, 33.670146202206524], [-7.387536140659669, 33.663384333311605], [-7.379449676901113, 33.66327855620732]]]}, "properties": {"score": 0.0, "avg_travel_time_min": 91.11186020087982, "population": 653.8745285, "origin_count": 33, "grid_size_m": 750}}, {"type": "Feature", "geometry": {"type": "Polygon", "coordinates": [[[-7.371618063080912, 33.64964859699148], [-7.371490680524427, 33.65641042761074], [-7.379576469961281, 33.65651670638671], [-7.379703220720807, 33.649754848735775], [-7.371618063080912, 33.64964859699148]]]}, "properties": {"score": 0.0, "avg_travel_time_min": 103.09389426785542, "population": 172.95803399999997, "origin_count": 12, "grid_size_m": 750}}, {"type": "Feature", "geometry": {"type": "Polygon", "coordinates": [[[-7.371490680524427, 33.65641042761074], [-7.371363255456606, 33.663172250395505], [-7.379449676901113, 33.66327855620732], [-7.379576469961281, 33.65651670638671], [-7.371490680524427, 33.65641042761074]]]}, "properties": {"score": 0.0, "avg_travel_time_min": 96.74784550898879, "population": 1790.229224, "origin_count": 80, "grid_size_m": 750}}, {"type": "Feature", "geometry": {"type": "Polygon", "coordinates": [[[-7.371363255456606, 33.663172250395505], [-7.371235787863977, 33.66993406534486], [-7.3793228415268945, 33.67004039819666], [-7.379449676901113, 33.66327855620732], [-7.371363255456606, 33.663172250395505]]]}, "properties": {"score": 0.0, "avg_travel_time_min": 96.34085629333808, "population": 1247.6302375000002, "origin_count": 76, "grid_size_m": 750}}, {"type": "Feature", "geometry": {"type": "Polygon", "coordinates": [[[-7.371235787863977, 33.66993406534486], [-7.37110827773306, 33.67669587245793], [-7.379195963825208, 33.67680223235387], [-7.3793228415268945, 33.67004039819666], [-7.371235787863977, 33.66993406534486]]]}, "properties": {"score": 0.0, "avg_travel_time_min": 97.03885607613473, "population": 230.25174399999997, "origin_count": 13, "grid_size_m": 750}}, {"type": "Feature", "geometry": {"type": "Polygon", "coordinates": [[[-7.363532947938883, 33.64954181681772], [-7.363404933598903, 33.6563036202709], [-7.371490680524427, 33.65641042761074], [-7.371618063080912, 33.64964859699148], [-7.363532947938883, 33.64954181681772]]]}, "properties": {"score": 0.0, "avg_travel_time_min": 99.46687090258101, "population": 154.36451300000002, "origin_count": 10, "grid_size_m": 750}}, {"type": "Feature", "geometry": {"type": "Polygon", "coordinates": [[[-7.363404933598903, 33.6563036202709], [-7.363276876536907, 33.663065415885434], [-7.371363255456606, 33.663172250395505], [-7.371490680524427, 33.65641042761074], [-7.363404933598903, 33.6563036202709]]]}, "properties": {"score": 0.0, "avg_travel_time_min": 91.50873107789374, "population": 1821.9914700000002, "origin_count": 75, "grid_size_m": 750}}, {"type": "Feature", "geometry": {"type": "Polygon", "coordinates": [[[-7.363276876536907, 33.663065415885434], [-7.363148776739351, 33.66982720366041], [-7.371235787863977, 33.66993406534486], [-7.371363255456606, 33.663172250395505], [-7.363276876536907, 33.663065415885434]]]}, "properties": {"score": 0.0, "avg_travel_time_min": 91.63835294581965, "population": 2269.531183, "origin_count": 65, "grid_size_m": 750}}, {"type": "Feature", "geometry": {"type": "Polygon", "coordinates": [[[-7.363148776739351, 33.66982720366041], [-7.363020634192688, 33.6765889835949], [-7.37110827773306, 33.67669587245793], [-7.371235787863977, 33.66993406534486], [-7.363148776739351, 33.66982720366041]]]}, "properties": {"score": 0.0, "avg_travel_time_min": 100.120514875689, "population": 149.985001, "origin_count": 6, "grid_size_m": 750}}, {"type": "Feature", "geometry": {"type": "Polygon", "coordinates": [[[-7.355319229395397, 33.65619628437652], [-7.3551905403527655, 33.662958052686434], [-7.363276876536907, 33.663065415885434], [-7.363404933598903, 33.6563036202709], [-7.355319229395397, 33.65619628437652]]]}, "properties": {"score": 0.0, "avg_travel_time_min": 92.9870836327019, "population": 272.64089950000005, "origin_count": 12, "grid_size_m": 750}}, {"type": "Feature", "geometry": {"type": "Polygon", "coordinates": [[[-7.3551905403527655, 33.662958052686434], [-7.35506180836383, 33.6697198131526], [-7.363148776739351, 33.66982720366041], [-7.363276876536907, 33.663065415885434], [-7.3551905403527655, 33.662958052686434]]]}, "properties": {"score": 0.0, "avg_travel_time_min": 89.44758, "population": 45.994343, "origin_count": 1, "grid_size_m": 750}}], "metadata": {"city_id": "casablanca", "grid_size_m": 750, "score_column_used": "accessibility_score", "travel_time_column_used": "tt_base", "cell_count": 1127, "source": "origin-level accessibility surface", "cached": false}}